echo "Making libraries";
Making libraries
(cd libsrc; make -f makefile.sol);
make[1]: Entering directory `/home/isti/earthworm/src/libsrc'
(cd util; make -f makefile.sol)
make[2]: Entering directory `/home/isti/earthworm/src/libsrc/util'
cc -c -c -D_REENTRANT -D_SPARC -D_SOLARIS -I/home/isti/earthworm/include -I/home/isti/earthworm/src/oracle/schema/src/include -I/home/isti/earthworm/src/oracle/schema/src/include/internal -I/home/isti/earthworm/src/oracle/apps/src/include -I/opt/oracle/rdbms/demo ahputaway.c
cp ahputaway.o /home/isti/earthworm/lib
cc -c -c -D_REENTRANT -D_SPARC -D_SOLARIS -I/home/isti/earthworm/include -I/home/isti/earthworm/src/oracle/schema/src/include -I/home/isti/earthworm/src/oracle/schema/src/include/internal -I/home/isti/earthworm/src/oracle/apps/src/include -I/opt/oracle/rdbms/demo brent.c
cp brent.o /home/isti/earthworm/lib
cc -c -c -D_REENTRANT -D_SPARC -D_SOLARIS -I/home/isti/earthworm/include -I/home/isti/earthworm/src/oracle/schema/src/include -I/home/isti/earthworm/src/oracle/schema/src/include/internal -I/home/isti/earthworm/src/oracle/apps/src/include -I/opt/oracle/rdbms/demo butterworth.c
cp butterworth.o /home/isti/earthworm/lib
cc -c -c -D_REENTRANT -D_SPARC -D_SOLARIS -I/home/isti/earthworm/include -I/home/isti/earthworm/src/oracle/schema/src/include -I/home/isti/earthworm/src/oracle/schema/src/include/internal -I/home/isti/earthworm/src/oracle/apps/src/include -I/opt/oracle/rdbms/demo chron3.c
cp chron3.o /home/isti/earthworm/lib
cc -c -c -D_REENTRANT -D_SPARC -D_SOLARIS -I/home/isti/earthworm/include -I/home/isti/earthworm/src/oracle/schema/src/include -I/home/isti/earthworm/src/oracle/schema/src/include/internal -I/home/isti/earthworm/src/oracle/apps/src/include -I/opt/oracle/rdbms/demo complex_math.c
cp complex_math.o /home/isti/earthworm/lib
cc -c -c -D_REENTRANT -D_SPARC -D_SOLARIS -I/home/isti/earthworm/include -I/home/isti/earthworm/src/oracle/schema/src/include -I/home/isti/earthworm/src/oracle/schema/src/include/internal -I/home/isti/earthworm/src/oracle/apps/src/include -I/opt/oracle/rdbms/demo convertInstResponse.c
cp convertInstResponse.o /home/isti/earthworm/lib
cc -c -c -D_REENTRANT -D_SPARC -D_SOLARIS -I/home/isti/earthworm/include -I/home/isti/earthworm/src/oracle/schema/src/include -I/home/isti/earthworm/src/oracle/schema/src/include/internal -I/home/isti/earthworm/src/oracle/apps/src/include -I/opt/oracle/rdbms/demo fft99.c
cp fft99.o /home/isti/earthworm/lib
cc -c -c -D_REENTRANT -D_SPARC -D_SOLARIS -I/home/isti/earthworm/include -I/home/isti/earthworm/src/oracle/schema/src/include -I/home/isti/earthworm/src/oracle/schema/src/include/internal -I/home/isti/earthworm/src/oracle/apps/src/include -I/opt/oracle/rdbms/demo fft_prep.c
cp fft_prep.o /home/isti/earthworm/lib
cc -c -c -D_REENTRANT -D_SPARC -D_SOLARIS -I/home/isti/earthworm/include -I/home/isti/earthworm/src/oracle/schema/src/include -I/home/isti/earthworm/src/oracle/schema/src/include/internal -I/home/isti/earthworm/src/oracle/apps/src/include -I/opt/oracle/rdbms/demo fleng.c
cp fleng.o /home/isti/earthworm/lib
cc -c -c -D_REENTRANT -D_SPARC -D_SOLARIS -I/home/isti/earthworm/include -I/home/isti/earthworm/src/oracle/schema/src/include -I/home/isti/earthworm/src/oracle/schema/src/include/internal -I/home/isti/earthworm/src/oracle/apps/src/include -I/opt/oracle/rdbms/demo glevt_2_ewevent.c
cp glevt_2_ewevent.o /home/isti/earthworm/lib
cc -c -c -D_REENTRANT -D_SPARC -D_SOLARIS -I/home/isti/earthworm/include -I/home/isti/earthworm/src/oracle/schema/src/include -I/home/isti/earthworm/src/oracle/schema/src/include/internal -I/home/isti/earthworm/src/oracle/apps/src/include -I/opt/oracle/rdbms/demo global_loc_rw.c
cp global_loc_rw.o /home/isti/earthworm/lib
cc -c -c -D_REENTRANT -D_SPARC -D_SOLARIS -I/home/isti/earthworm/include -I/home/isti/earthworm/src/oracle/schema/src/include -I/home/isti/earthworm/src/oracle/schema/src/include/internal -I/home/isti/earthworm/src/oracle/apps/src/include -I/opt/oracle/rdbms/demo global_pick_rw.c
"global_pick_rw.c", line 598: warning: newline not last character in file
cp global_pick_rw.o /home/isti/earthworm/lib
cc -c -c -D_REENTRANT -D_SPARC -D_SOLARIS -I/home/isti/earthworm/include -I/home/isti/earthworm/src/oracle/schema/src/include -I/home/isti/earthworm/src/oracle/schema/src/include/internal -I/home/isti/earthworm/src/oracle/apps/src/include -I/opt/oracle/rdbms/demo global_amp_rw.c
cp global_amp_rw.o /home/isti/earthworm/lib
cc -c -c -D_REENTRANT -D_SPARC -D_SOLARIS -I/home/isti/earthworm/include -I/home/isti/earthworm/src/oracle/schema/src/include -I/home/isti/earthworm/src/oracle/schema/src/include/internal -I/home/isti/earthworm/src/oracle/apps/src/include -I/opt/oracle/rdbms/demo global_msg.c
cp global_msg.o /home/isti/earthworm/lib
cc -c -c -D_REENTRANT -D_SPARC -D_SOLARIS -I/home/isti/earthworm/include -I/home/isti/earthworm/src/oracle/schema/src/include -I/home/isti/earthworm/src/oracle/schema/src/include/internal -I/home/isti/earthworm/src/oracle/apps/src/include -I/opt/oracle/rdbms/demo gma.c
cp gma.o /home/isti/earthworm/lib
cc -c -c -D_REENTRANT -D_SPARC -D_SOLARIS -I/home/isti/earthworm/include -I/home/isti/earthworm/src/oracle/schema/src/include -I/home/isti/earthworm/src/oracle/schema/src/include/internal -I/home/isti/earthworm/src/oracle/apps/src/include -I/opt/oracle/rdbms/demo geo_to_km.c
"/home/isti/earthworm/include/geo.h", line 60: warning: function prototype parameters must have types
"/home/isti/earthworm/include/geo.h", line 60: warning: old-style declaration or incorrect type for: distaz_geo
cp geo_to_km.o /home/isti/earthworm/lib
cc -c -c -D_REENTRANT -D_SPARC -D_SOLARIS -I/home/isti/earthworm/include -I/home/isti/earthworm/src/oracle/schema/src/include -I/home/isti/earthworm/src/oracle/schema/src/include/internal -I/home/isti/earthworm/src/oracle/apps/src/include -I/opt/oracle/rdbms/demo getutil.c
cp getutil.o /home/isti/earthworm/lib
cc -c -c -D_REENTRANT -D_SPARC -D_SOLARIS -I/home/isti/earthworm/include -I/home/isti/earthworm/src/oracle/schema/src/include -I/home/isti/earthworm/src/oracle/schema/src/include/internal -I/home/isti/earthworm/src/oracle/apps/src/include -I/opt/oracle/rdbms/demo gseputaway.c
cp gseputaway.o /home/isti/earthworm/lib
cc -c -c -D_REENTRANT -D_SPARC -D_SOLARIS -I/home/isti/earthworm/include -I/home/isti/earthworm/src/oracle/schema/src/include -I/home/isti/earthworm/src/oracle/schema/src/include/internal -I/home/isti/earthworm/src/oracle/apps/src/include -I/opt/oracle/rdbms/demo k2evt2ew.c
cp k2evt2ew.o /home/isti/earthworm/lib
cc -c -c -D_REENTRANT -D_SPARC -D_SOLARIS -I/home/isti/earthworm/include -I/home/isti/earthworm/src/oracle/schema/src/include -I/home/isti/earthworm/src/oracle/schema/src/include/internal -I/home/isti/earthworm/src/oracle/apps/src/include -I/opt/oracle/rdbms/demo kom.c
cp kom.o /home/isti/earthworm/lib
cc -c -c -D_REENTRANT -D_SPARC -D_SOLARIS -I/home/isti/earthworm/include -I/home/isti/earthworm/src/oracle/schema/src/include -I/home/isti/earthworm/src/oracle/schema/src/include/internal -I/home/isti/earthworm/src/oracle/apps/src/include -I/opt/oracle/rdbms/demo ioc_filter.c
cp ioc_filter.o /home/isti/earthworm/lib
cc -c -c -D_REENTRANT -D_SPARC -D_SOLARIS -I/home/isti/earthworm/include -I/home/isti/earthworm/src/oracle/schema/src/include -I/home/isti/earthworm/src/oracle/schema/src/include/internal -I/home/isti/earthworm/src/oracle/apps/src/include -I/opt/oracle/rdbms/demo logit.c
cp logit.o /home/isti/earthworm/lib
cc -c -c -D_REENTRANT -D_SPARC -D_SOLARIS -I/home/isti/earthworm/include -I/home/isti/earthworm/src/oracle/schema/src/include -I/home/isti/earthworm/src/oracle/schema/src/include/internal -I/home/isti/earthworm/src/oracle/apps/src/include -I/opt/oracle/rdbms/demo lockfile.c
cp lockfile.o /home/isti/earthworm/lib
cc -c -c -D_REENTRANT -D_SPARC -D_SOLARIS -I/home/isti/earthworm/include -I/home/isti/earthworm/src/oracle/schema/src/include -I/home/isti/earthworm/src/oracle/schema/src/include/internal -I/home/isti/earthworm/src/oracle/apps/src/include -I/opt/oracle/rdbms/demo make_triglist.c
cp make_triglist.o /home/isti/earthworm/lib
cc -c -c -D_REENTRANT -D_SPARC -D_SOLARIS -I/home/isti/earthworm/include -I/home/isti/earthworm/src/oracle/schema/src/include -I/home/isti/earthworm/src/oracle/schema/src/include/internal -I/home/isti/earthworm/src/oracle/apps/src/include -I/opt/oracle/rdbms/demo mem_circ_queue.c
cp mem_circ_queue.o /home/isti/earthworm/lib
cc -c -c -D_REENTRANT -D_SPARC -D_SOLARIS -I/home/isti/earthworm/include -I/home/isti/earthworm/src/oracle/schema/src/include -I/home/isti/earthworm/src/oracle/schema/src/include/internal -I/home/isti/earthworm/src/oracle/apps/src/include -I/opt/oracle/rdbms/demo mnbrak.c
cp mnbrak.o /home/isti/earthworm/lib
cc -c -c -D_REENTRANT -D_SPARC -D_SOLARIS -I/home/isti/earthworm/include -I/home/isti/earthworm/src/oracle/schema/src/include -I/home/isti/earthworm/src/oracle/schema/src/include/internal -I/home/isti/earthworm/src/oracle/apps/src/include -I/opt/oracle/rdbms/demo mseedputaway.c
cp mseedputaway.o /home/isti/earthworm/lib
cc -c -c -D_REENTRANT -D_SPARC -D_SOLARIS -I/home/isti/earthworm/include -I/home/isti/earthworm/src/oracle/schema/src/include -I/home/isti/earthworm/src/oracle/schema/src/include/internal -I/home/isti/earthworm/src/oracle/apps/src/include -I/opt/oracle/rdbms/demo neic2scn.c
cp neic2scn.o /home/isti/earthworm/lib
cc -c -c -D_REENTRANT -D_SPARC -D_SOLARIS -I/home/isti/earthworm/include -I/home/isti/earthworm/src/oracle/schema/src/include -I/home/isti/earthworm/src/oracle/schema/src/include/internal -I/home/isti/earthworm/src/oracle/apps/src/include -I/opt/oracle/rdbms/demo parse_trig.c
cp parse_trig.o /home/isti/earthworm/lib
cc -c -c -D_REENTRANT -D_SPARC -D_SOLARIS -I/home/isti/earthworm/include -I/home/isti/earthworm/src/oracle/schema/src/include -I/home/isti/earthworm/src/oracle/schema/src/include/internal -I/home/isti/earthworm/src/oracle/apps/src/include -I/opt/oracle/rdbms/demo parse_usnsn.c
cp parse_usnsn.o /home/isti/earthworm/lib
cc -c -c -D_REENTRANT -D_SPARC -D_SOLARIS -I/home/isti/earthworm/include -I/home/isti/earthworm/src/oracle/schema/src/include -I/home/isti/earthworm/src/oracle/schema/src/include/internal -I/home/isti/earthworm/src/oracle/apps/src/include -I/opt/oracle/rdbms/demo priority_queue.c
cp priority_queue.o /home/isti/earthworm/lib
cc -c -c -D_REENTRANT -D_SPARC -D_SOLARIS -I/home/isti/earthworm/include -I/home/isti/earthworm/src/oracle/schema/src/include -I/home/isti/earthworm/src/oracle/schema/src/include/internal -I/home/isti/earthworm/src/oracle/apps/src/include -I/opt/oracle/rdbms/demo putaway.c
cp putaway.o /home/isti/earthworm/lib
cc -c -c -D_REENTRANT -D_SPARC -D_SOLARIS -I/home/isti/earthworm/include -I/home/isti/earthworm/src/oracle/schema/src/include -I/home/isti/earthworm/src/oracle/schema/src/include/internal -I/home/isti/earthworm/src/oracle/apps/src/include -I/opt/oracle/rdbms/demo rayloc_message_rw.c
cp rayloc_message_rw.o /home/isti/earthworm/lib
cc -c -c -D_REENTRANT -D_SPARC -D_SOLARIS -I/home/isti/earthworm/include -I/home/isti/earthworm/src/oracle/schema/src/include -I/home/isti/earthworm/src/oracle/schema/src/include/internal -I/home/isti/earthworm/src/oracle/apps/src/include -I/opt/oracle/rdbms/demo rdpickcoda.c
cp rdpickcoda.o /home/isti/earthworm/lib
cc -c -c -D_REENTRANT -D_SPARC -D_SOLARIS -I/home/isti/earthworm/include -I/home/isti/earthworm/src/oracle/schema/src/include -I/home/isti/earthworm/src/oracle/schema/src/include/internal -I/home/isti/earthworm/src/oracle/apps/src/include -I/opt/oracle/rdbms/demo read_arc.c
cp read_arc.o /home/isti/earthworm/lib
cc -c -c -D_REENTRANT -D_SPARC -D_SOLARIS -I/home/isti/earthworm/include -I/home/isti/earthworm/src/oracle/schema/src/include -I/home/isti/earthworm/src/oracle/schema/src/include/internal -I/home/isti/earthworm/src/oracle/apps/src/include -I/opt/oracle/rdbms/demo residue.c
cp residue.o /home/isti/earthworm/lib
cc -c -c -D_REENTRANT -D_SPARC -D_SOLARIS -I/home/isti/earthworm/include -I/home/isti/earthworm/src/oracle/schema/src/include -I/home/isti/earthworm/src/oracle/schema/src/include/internal -I/home/isti/earthworm/src/oracle/apps/src/include -I/opt/oracle/rdbms/demo rw_mag.c
cp rw_mag.o /home/isti/earthworm/lib
cc -c -c -D_REENTRANT -D_SPARC -D_SOLARIS -I/home/isti/earthworm/include -I/home/isti/earthworm/src/oracle/schema/src/include -I/home/isti/earthworm/src/oracle/schema/src/include/internal -I/home/isti/earthworm/src/oracle/apps/src/include -I/opt/oracle/rdbms/demo rw_strongmotion.c
cp rw_strongmotion.o /home/isti/earthworm/lib
cc -c -c -D_REENTRANT -D_SPARC -D_SOLARIS -I/home/isti/earthworm/include -I/home/isti/earthworm/src/oracle/schema/src/include -I/home/isti/earthworm/src/oracle/schema/src/include/internal -I/home/isti/earthworm/src/oracle/apps/src/include -I/opt/oracle/rdbms/demo rw_strongmotionII.c
cp rw_strongmotionII.o /home/isti/earthworm/lib
cc -c -c -D_REENTRANT -D_SPARC -D_SOLARIS -I/home/isti/earthworm/include -I/home/isti/earthworm/src/oracle/schema/src/include -I/home/isti/earthworm/src/oracle/schema/src/include/internal -I/home/isti/earthworm/src/oracle/apps/src/include -I/opt/oracle/rdbms/demo sacputaway.c
cp sacputaway.o /home/isti/earthworm/lib
cc -c -c -D_REENTRANT -D_SPARC -D_SOLARIS -I/home/isti/earthworm/include -I/home/isti/earthworm/src/oracle/schema/src/include -I/home/isti/earthworm/src/oracle/schema/src/include/internal -I/home/isti/earthworm/src/oracle/apps/src/include -I/opt/oracle/rdbms/demo seiputaway.c
cp seiputaway.o /home/isti/earthworm/lib
cc -c -c -D_REENTRANT -D_SPARC -D_SOLARIS -I/home/isti/earthworm/include -I/home/isti/earthworm/src/oracle/schema/src/include -I/home/isti/earthworm/src/oracle/schema/src/include/internal -I/home/isti/earthworm/src/oracle/apps/src/include -I/opt/oracle/rdbms/demo seiutils.c
cp seiutils.o /home/isti/earthworm/lib
cc -c -c -D_REENTRANT -D_SPARC -D_SOLARIS -I/home/isti/earthworm/include -I/home/isti/earthworm/src/oracle/schema/src/include -I/home/isti/earthworm/src/oracle/schema/src/include/internal -I/home/isti/earthworm/src/oracle/apps/src/include -I/opt/oracle/rdbms/demo site.c
cp site.o /home/isti/earthworm/lib
cc -c -c -D_REENTRANT -D_SPARC -D_SOLARIS -I/home/isti/earthworm/include -I/home/isti/earthworm/src/oracle/schema/src/include -I/home/isti/earthworm/src/oracle/schema/src/include/internal -I/home/isti/earthworm/src/oracle/apps/src/include -I/opt/oracle/rdbms/demo socket_ew_common.c
cp socket_ew_common.o /home/isti/earthworm/lib
cc -c -c -D_REENTRANT -D_SPARC -D_SOLARIS -I/home/isti/earthworm/include -I/home/isti/earthworm/src/oracle/schema/src/include -I/home/isti/earthworm/src/oracle/schema/src/include/internal -I/home/isti/earthworm/src/oracle/apps/src/include -I/opt/oracle/rdbms/demo startstop_unix_generic.c
cp startstop_unix_generic.o /home/isti/earthworm/lib
cc -c -c -D_REENTRANT -D_SPARC -D_SOLARIS -I/home/isti/earthworm/include -I/home/isti/earthworm/src/oracle/schema/src/include -I/home/isti/earthworm/src/oracle/schema/src/include/internal -I/home/isti/earthworm/src/oracle/apps/src/include -I/opt/oracle/rdbms/demo startstop_lib.c
cp startstop_lib.o /home/isti/earthworm/lib
cc -c -c -D_REENTRANT -D_SPARC -D_SOLARIS -I/home/isti/earthworm/include -I/home/isti/earthworm/src/oracle/schema/src/include -I/home/isti/earthworm/src/oracle/schema/src/include/internal -I/home/isti/earthworm/src/oracle/apps/src/include -I/opt/oracle/rdbms/demo sudsputaway.c
"/home/isti/earthworm/include/sudshead.h", line 752: warning: unnamed struct member
cp sudsputaway.o /home/isti/earthworm/lib
cc -c -c -D_REENTRANT -D_SPARC -D_SOLARIS -I/home/isti/earthworm/include -I/home/isti/earthworm/src/oracle/schema/src/include -I/home/isti/earthworm/src/oracle/schema/src/include/internal -I/home/isti/earthworm/src/oracle/apps/src/include -I/opt/oracle/rdbms/demo swap.c
cp swap.o /home/isti/earthworm/lib
cc -c -c -D_REENTRANT -D_SPARC -D_SOLARIS -I/home/isti/earthworm/include -I/home/isti/earthworm/src/oracle/schema/src/include -I/home/isti/earthworm/src/oracle/schema/src/include/internal -I/home/isti/earthworm/src/oracle/apps/src/include -I/opt/oracle/rdbms/demo tankputaway.c
cp tankputaway.o /home/isti/earthworm/lib
cc -c -c -D_REENTRANT -D_SPARC -D_SOLARIS -I/home/isti/earthworm/include -I/home/isti/earthworm/src/oracle/schema/src/include -I/home/isti/earthworm/src/oracle/schema/src/include/internal -I/home/isti/earthworm/src/oracle/apps/src/include -I/opt/oracle/rdbms/demo tlay.c
cp tlay.o /home/isti/earthworm/lib
cc -c -c -D_REENTRANT -D_SPARC -D_SOLARIS -I/home/isti/earthworm/include -I/home/isti/earthworm/src/oracle/schema/src/include -I/home/isti/earthworm/src/oracle/schema/src/include/internal -I/home/isti/earthworm/src/oracle/apps/src/include -I/opt/oracle/rdbms/demo transfer.c
cp transfer.o /home/isti/earthworm/lib
cc -c -c -D_REENTRANT -D_SPARC -D_SOLARIS -I/home/isti/earthworm/include -I/home/isti/earthworm/src/oracle/schema/src/include -I/home/isti/earthworm/src/oracle/schema/src/include/internal -I/home/isti/earthworm/src/oracle/apps/src/include -I/opt/oracle/rdbms/demo transferFunction.c
cp transferFunction.o /home/isti/earthworm/lib
cc -c -c -D_REENTRANT -D_SPARC -D_SOLARIS -I/home/isti/earthworm/include -I/home/isti/earthworm/src/oracle/schema/src/include -I/home/isti/earthworm/src/oracle/schema/src/include/internal -I/home/isti/earthworm/src/oracle/apps/src/include -I/opt/oracle/rdbms/demo trheadconv.c
cp trheadconv.o /home/isti/earthworm/lib
cc -c -c -D_REENTRANT -D_SPARC -D_SOLARIS -I/home/isti/earthworm/include -I/home/isti/earthworm/src/oracle/schema/src/include -I/home/isti/earthworm/src/oracle/schema/src/include/internal -I/home/isti/earthworm/src/oracle/apps/src/include -I/opt/oracle/rdbms/demo watchdog_client.c
cp watchdog_client.o /home/isti/earthworm/lib
cc -c -c -D_REENTRANT -D_SPARC -D_SOLARIS -I/home/isti/earthworm/include -I/home/isti/earthworm/src/oracle/schema/src/include -I/home/isti/earthworm/src/oracle/schema/src/include/internal -I/home/isti/earthworm/src/oracle/apps/src/include -I/opt/oracle/rdbms/demo wave_client.c
cp wave_client.o /home/isti/earthworm/lib
cc -c -c -D_REENTRANT -D_SPARC -D_SOLARIS -I/home/isti/earthworm/include -I/home/isti/earthworm/src/oracle/schema/src/include -I/home/isti/earthworm/src/oracle/schema/src/include/internal -I/home/isti/earthworm/src/oracle/apps/src/include -I/opt/oracle/rdbms/demo ws_clientII.c
cp ws_clientII.o /home/isti/earthworm/lib
cc -c -c -D_REENTRANT -D_SPARC -D_SOLARIS -I/home/isti/earthworm/include -I/home/isti/earthworm/src/oracle/schema/src/include -I/home/isti/earthworm/src/oracle/schema/src/include/internal -I/home/isti/earthworm/src/oracle/apps/src/include -I/opt/oracle/rdbms/demo ws_clientIIx.c
cp ws_clientIIx.o /home/isti/earthworm/lib
cc -o logit_mt.o -c -D_REENTRANT -D_SPARC -D_SOLARIS -I/home/isti/earthworm/include -I/home/isti/earthworm/src/oracle/schema/src/include -I/home/isti/earthworm/src/oracle/schema/src/include/internal -I/home/isti/earthworm/src/oracle/apps/src/include -I/opt/oracle/rdbms/demo -D_LOGITMT logit.c
cp logit_mt.o /home/isti/earthworm/lib
(cd gd_lib; make -f makefile.sol)
make[3]: Entering directory `/home/isti/earthworm/src/libsrc/util/gd_lib'
cc -O   -c -o gd.o gd.c
cc -O   -c -o gdfontt.o gdfontt.c
cc -O   -c -o gdfonts.o gdfonts.c
cc -O   -c -o gdfontmb.o gdfontmb.c
cc -O   -c -o gdfontl.o gdfontl.c
cc -O   -c -o gdfontg.o gdfontg.c
rm -f libgd.a
ar rc libgd.a gd.o gdfontt.o gdfonts.o gdfontmb.o \
	gdfontl.o gdfontg.o
cc -O   -c -o gddemo.o gddemo.c
cc gddemo.o -o gddemo	-L./ -lgd -lm
cc -O   -c -o giftogd.o giftogd.c
cc giftogd.o -o giftogd	-L./ -lgd -lm 
cc -O   -c -o webgif.o webgif.c
cc webgif.o -o webgif	-L./ -lgd -lm
cp *.o /home/isti/earthworm/lib
make[3]: Leaving directory `/home/isti/earthworm/src/libsrc/util/gd_lib'
(cd libmseed; make -f makefile.sol)
make[3]: Entering directory `/home/isti/earthworm/src/libsrc/util/libmseed'
cc -c -c -D_REENTRANT -D_SPARC -D_SOLARIS -I/home/isti/earthworm/include -I/home/isti/earthworm/src/oracle/schema/src/include -I/home/isti/earthworm/src/oracle/schema/src/include/internal -I/home/isti/earthworm/src/oracle/apps/src/include -I/opt/oracle/rdbms/demo fileutils.c
cc -c -c -D_REENTRANT -D_SPARC -D_SOLARIS -I/home/isti/earthworm/include -I/home/isti/earthworm/src/oracle/schema/src/include -I/home/isti/earthworm/src/oracle/schema/src/include/internal -I/home/isti/earthworm/src/oracle/apps/src/include -I/opt/oracle/rdbms/demo genutils.c
cc -c -c -D_REENTRANT -D_SPARC -D_SOLARIS -I/home/isti/earthworm/include -I/home/isti/earthworm/src/oracle/schema/src/include -I/home/isti/earthworm/src/oracle/schema/src/include/internal -I/home/isti/earthworm/src/oracle/apps/src/include -I/opt/oracle/rdbms/demo gswap.c
cc -c -c -D_REENTRANT -D_SPARC -D_SOLARIS -I/home/isti/earthworm/include -I/home/isti/earthworm/src/oracle/schema/src/include -I/home/isti/earthworm/src/oracle/schema/src/include/internal -I/home/isti/earthworm/src/oracle/apps/src/include -I/opt/oracle/rdbms/demo lmplatform.c
cc -c -c -D_REENTRANT -D_SPARC -D_SOLARIS -I/home/isti/earthworm/include -I/home/isti/earthworm/src/oracle/schema/src/include -I/home/isti/earthworm/src/oracle/schema/src/include/internal -I/home/isti/earthworm/src/oracle/apps/src/include -I/opt/oracle/rdbms/demo lookup.c
cc -c -c -D_REENTRANT -D_SPARC -D_SOLARIS -I/home/isti/earthworm/include -I/home/isti/earthworm/src/oracle/schema/src/include -I/home/isti/earthworm/src/oracle/schema/src/include/internal -I/home/isti/earthworm/src/oracle/apps/src/include -I/opt/oracle/rdbms/demo msrutils.c
cc -c -c -D_REENTRANT -D_SPARC -D_SOLARIS -I/home/isti/earthworm/include -I/home/isti/earthworm/src/oracle/schema/src/include -I/home/isti/earthworm/src/oracle/schema/src/include/internal -I/home/isti/earthworm/src/oracle/apps/src/include -I/opt/oracle/rdbms/demo pack.c
cc -c -c -D_REENTRANT -D_SPARC -D_SOLARIS -I/home/isti/earthworm/include -I/home/isti/earthworm/src/oracle/schema/src/include -I/home/isti/earthworm/src/oracle/schema/src/include/internal -I/home/isti/earthworm/src/oracle/apps/src/include -I/opt/oracle/rdbms/demo packdata.c
cc -c -c -D_REENTRANT -D_SPARC -D_SOLARIS -I/home/isti/earthworm/include -I/home/isti/earthworm/src/oracle/schema/src/include -I/home/isti/earthworm/src/oracle/schema/src/include/internal -I/home/isti/earthworm/src/oracle/apps/src/include -I/opt/oracle/rdbms/demo traceutils.c
cc -c -c -D_REENTRANT -D_SPARC -D_SOLARIS -I/home/isti/earthworm/include -I/home/isti/earthworm/src/oracle/schema/src/include -I/home/isti/earthworm/src/oracle/schema/src/include/internal -I/home/isti/earthworm/src/oracle/apps/src/include -I/opt/oracle/rdbms/demo unpack.c
cc -c -c -D_REENTRANT -D_SPARC -D_SOLARIS -I/home/isti/earthworm/include -I/home/isti/earthworm/src/oracle/schema/src/include -I/home/isti/earthworm/src/oracle/schema/src/include/internal -I/home/isti/earthworm/src/oracle/apps/src/include -I/opt/oracle/rdbms/demo unpackdata.c
rm -f libmseed.a
ar -csq libmseed.a fileutils.o genutils.o gswap.o lmplatform.o lookup.o msrutils.o pack.o packdata.o traceutils.o unpack.o unpackdata.o
cp /home/isti/earthworm/src/libsrc/util/libmseed/libmseed.a /home/isti/earthworm/lib
make[3]: Leaving directory `/home/isti/earthworm/src/libsrc/util/libmseed'
make[2]: Leaving directory `/home/isti/earthworm/src/libsrc/util'
(cd solaris; make -f makefile.sol)
make[2]: Entering directory `/home/isti/earthworm/src/libsrc/solaris'
cc -c -D_REENTRANT -D_SPARC -D_SOLARIS -I/home/isti/earthworm/include -I/home/isti/earthworm/src/oracle/schema/src/include -I/home/isti/earthworm/src/oracle/schema/src/include/internal -I/home/isti/earthworm/src/oracle/apps/src/include -I/opt/oracle/rdbms/demo  copyfile.c
cp copyfile.o /home/isti/earthworm/lib
cc -c -D_REENTRANT -D_SPARC -D_SOLARIS -I/home/isti/earthworm/include -I/home/isti/earthworm/src/oracle/schema/src/include -I/home/isti/earthworm/src/oracle/schema/src/include/internal -I/home/isti/earthworm/src/oracle/apps/src/include -I/opt/oracle/rdbms/demo  dirops_ew.c
cp dirops_ew.o /home/isti/earthworm/lib
cc -c -D_REENTRANT -D_SPARC -D_SOLARIS -I/home/isti/earthworm/include -I/home/isti/earthworm/src/oracle/schema/src/include -I/home/isti/earthworm/src/oracle/schema/src/include/internal -I/home/isti/earthworm/src/oracle/apps/src/include -I/opt/oracle/rdbms/demo  getavail.c
cp getavail.o /home/isti/earthworm/lib
cc -c -D_REENTRANT -D_SPARC -D_SOLARIS -I/home/isti/earthworm/include -I/home/isti/earthworm/src/oracle/schema/src/include -I/home/isti/earthworm/src/oracle/schema/src/include/internal -I/home/isti/earthworm/src/oracle/apps/src/include -I/opt/oracle/rdbms/demo  getsysname_ew.c
cp getsysname_ew.o /home/isti/earthworm/lib
cc -c -D_REENTRANT -D_SPARC -D_SOLARIS -I/home/isti/earthworm/include -I/home/isti/earthworm/src/oracle/schema/src/include -I/home/isti/earthworm/src/oracle/schema/src/include/internal -I/home/isti/earthworm/src/oracle/apps/src/include -I/opt/oracle/rdbms/demo  pipe.c
cp pipe.o /home/isti/earthworm/lib
cc -c -D_REENTRANT -D_SPARC -D_SOLARIS -I/home/isti/earthworm/include -I/home/isti/earthworm/src/oracle/schema/src/include -I/home/isti/earthworm/src/oracle/schema/src/include/internal -I/home/isti/earthworm/src/oracle/apps/src/include -I/opt/oracle/rdbms/demo  sema_ew.c
cp sema_ew.o /home/isti/earthworm/lib
cc -c -D_REENTRANT -D_SPARC -D_SOLARIS -I/home/isti/earthworm/include -I/home/isti/earthworm/src/oracle/schema/src/include -I/home/isti/earthworm/src/oracle/schema/src/include/internal -I/home/isti/earthworm/src/oracle/apps/src/include -I/opt/oracle/rdbms/demo  sendmail.c
cp sendmail.o /home/isti/earthworm/lib
cc -c -D_REENTRANT -D_SPARC -D_SOLARIS -I/home/isti/earthworm/include -I/home/isti/earthworm/src/oracle/schema/src/include -I/home/isti/earthworm/src/oracle/schema/src/include/internal -I/home/isti/earthworm/src/oracle/apps/src/include -I/opt/oracle/rdbms/demo  sendpage.c
cp sendpage.o /home/isti/earthworm/lib
cc -c -D_REENTRANT -D_SPARC -D_SOLARIS -I/home/isti/earthworm/include -I/home/isti/earthworm/src/oracle/schema/src/include -I/home/isti/earthworm/src/oracle/schema/src/include/internal -I/home/isti/earthworm/src/oracle/apps/src/include -I/opt/oracle/rdbms/demo  sleep_ew.c
cp sleep_ew.o /home/isti/earthworm/lib
cc -c -D_REENTRANT -D_SPARC -D_SOLARIS -I/home/isti/earthworm/include -I/home/isti/earthworm/src/oracle/schema/src/include -I/home/isti/earthworm/src/oracle/schema/src/include/internal -I/home/isti/earthworm/src/oracle/apps/src/include -I/opt/oracle/rdbms/demo  socket_ew.c
cp socket_ew.o /home/isti/earthworm/lib
cc -c -D_REENTRANT -D_SPARC -D_SOLARIS -I/home/isti/earthworm/include -I/home/isti/earthworm/src/oracle/schema/src/include -I/home/isti/earthworm/src/oracle/schema/src/include/internal -I/home/isti/earthworm/src/oracle/apps/src/include -I/opt/oracle/rdbms/demo  threads_ew.c
cp threads_ew.o /home/isti/earthworm/lib
cc -c -D_REENTRANT -D_SPARC -D_SOLARIS -I/home/isti/earthworm/include -I/home/isti/earthworm/src/oracle/schema/src/include -I/home/isti/earthworm/src/oracle/schema/src/include/internal -I/home/isti/earthworm/src/oracle/apps/src/include -I/opt/oracle/rdbms/demo  time_ew.c
cp time_ew.o /home/isti/earthworm/lib
cc -c -D_REENTRANT -D_SPARC -D_SOLARIS -I/home/isti/earthworm/include -I/home/isti/earthworm/src/oracle/schema/src/include -I/home/isti/earthworm/src/oracle/schema/src/include/internal -I/home/isti/earthworm/src/oracle/apps/src/include -I/opt/oracle/rdbms/demo  transport.c
cp transport.o /home/isti/earthworm/lib
cc -c -D_REENTRANT -D_SPARC -D_SOLARIS -I/home/isti/earthworm/include -I/home/isti/earthworm/src/oracle/schema/src/include -I/home/isti/earthworm/src/oracle/schema/src/include/internal -I/home/isti/earthworm/src/oracle/apps/src/include -I/opt/oracle/rdbms/demo  wait_timer.c
cp wait_timer.o /home/isti/earthworm/lib
cc -c -D_REENTRANT -D_SPARC -D_SOLARIS -I/home/isti/earthworm/include -I/home/isti/earthworm/src/oracle/schema/src/include -I/home/isti/earthworm/src/oracle/schema/src/include/internal -I/home/isti/earthworm/src/oracle/apps/src/include -I/opt/oracle/rdbms/demo  errexit.c
cp errexit.o /home/isti/earthworm/lib
cc -c -D_REENTRANT -D_SPARC -D_SOLARIS -I/home/isti/earthworm/include -I/home/isti/earthworm/src/oracle/schema/src/include -I/home/isti/earthworm/src/oracle/schema/src/include/internal -I/home/isti/earthworm/src/oracle/apps/src/include -I/opt/oracle/rdbms/demo  remote_copy.c
cp remote_copy.o /home/isti/earthworm/lib
cc -c -D_REENTRANT -D_SPARC -D_SOLARIS -I/home/isti/earthworm/include -I/home/isti/earthworm/src/oracle/schema/src/include -I/home/isti/earthworm/src/oracle/schema/src/include/internal -I/home/isti/earthworm/src/oracle/apps/src/include -I/opt/oracle/rdbms/demo  service_ew.c
cp service_ew.o /home/isti/earthworm/lib
cc -c -D_REENTRANT -D_SPARC -D_SOLARIS -I/home/isti/earthworm/include -I/home/isti/earthworm/src/oracle/schema/src/include -I/home/isti/earthworm/src/oracle/schema/src/include/internal -I/home/isti/earthworm/src/oracle/apps/src/include -I/opt/oracle/rdbms/demo  lockfile_ew.c
cp lockfile_ew.o /home/isti/earthworm/lib
make[2]: Leaving directory `/home/isti/earthworm/src/libsrc/solaris'
(cd qlib2; make)
make[2]: Entering directory `/home/isti/earthworm/src/libsrc/qlib2'
cat qdefines.h msdatatypes.h timedef.h qsteim.h sdr.h qda.h seismo.h data_hdr.h qtime.h qutils.h qda_utils.h drm_utils.h sdr_utils.h ms_utils.h ms_pack.h pack.h ms_unpack.h unpack.h  | grep -v '#include "'> qlib2.h
cat qdefines.inc data_hdr.inc qfortran.inc | grep -v '#include "'> qlib2.inc
cc -D_SPARC -D_SOLARIS -I/home/isti/earthworm/include -I/home/isti/earthworm/src/oracle/schema/src/include -I/home/isti/earthworm/src/oracle/schema/src/include/internal -I/home/isti/earthworm/src/oracle/apps/src/include -I/opt/oracle/rdbms/demo -Dfortran_suffix -Dqlib2_fortran   -c -o qlib2_version.o qlib2_version.c
ar rv libqlib2.a qlib2_version.o
ar: creating libqlib2.a
ar: writing libqlib2.a
a - qlib2_version.o
cc -D_SPARC -D_SOLARIS -I/home/isti/earthworm/include -I/home/isti/earthworm/src/oracle/schema/src/include -I/home/isti/earthworm/src/oracle/schema/src/include/internal -I/home/isti/earthworm/src/oracle/apps/src/include -I/opt/oracle/rdbms/demo -Dfortran_suffix -Dqlib2_fortran   -c -o drm_utils.o drm_utils.c
ar rv libqlib2.a drm_utils.o
ar: writing libqlib2.a
a - drm_utils.o
cc -D_SPARC -D_SOLARIS -I/home/isti/earthworm/include -I/home/isti/earthworm/src/oracle/schema/src/include -I/home/isti/earthworm/src/oracle/schema/src/include/internal -I/home/isti/earthworm/src/oracle/apps/src/include -I/opt/oracle/rdbms/demo -Dfortran_suffix -Dqlib2_fortran   -c -o ms_utils.o ms_utils.c
ar rv libqlib2.a ms_utils.o
ar: writing libqlib2.a
a - ms_utils.o
cc -D_SPARC -D_SOLARIS -I/home/isti/earthworm/include -I/home/isti/earthworm/src/oracle/schema/src/include -I/home/isti/earthworm/src/oracle/schema/src/include/internal -I/home/isti/earthworm/src/oracle/apps/src/include -I/opt/oracle/rdbms/demo -Dfortran_suffix -Dqlib2_fortran   -c -o ms_pack.o ms_pack.c
ar rv libqlib2.a ms_pack.o
ar: writing libqlib2.a
a - ms_pack.o
cc -D_SPARC -D_SOLARIS -I/home/isti/earthworm/include -I/home/isti/earthworm/src/oracle/schema/src/include -I/home/isti/earthworm/src/oracle/schema/src/include/internal -I/home/isti/earthworm/src/oracle/apps/src/include -I/opt/oracle/rdbms/demo -Dfortran_suffix -Dqlib2_fortran   -c -o ms_unpack.o ms_unpack.c
ar rv libqlib2.a ms_unpack.o
ar: writing libqlib2.a
a - ms_unpack.o
cc -D_SPARC -D_SOLARIS -I/home/isti/earthworm/include -I/home/isti/earthworm/src/oracle/schema/src/include -I/home/isti/earthworm/src/oracle/schema/src/include/internal -I/home/isti/earthworm/src/oracle/apps/src/include -I/opt/oracle/rdbms/demo -Dfortran_suffix -Dqlib2_fortran   -c -o pack.o pack.c
ar rv libqlib2.a pack.o
ar: writing libqlib2.a
a - pack.o
cc -D_SPARC -D_SOLARIS -I/home/isti/earthworm/include -I/home/isti/earthworm/src/oracle/schema/src/include -I/home/isti/earthworm/src/oracle/schema/src/include/internal -I/home/isti/earthworm/src/oracle/apps/src/include -I/opt/oracle/rdbms/demo -Dfortran_suffix -Dqlib2_fortran   -c -o qda_utils.o qda_utils.c
ar rv libqlib2.a qda_utils.o
ar: writing libqlib2.a
a - qda_utils.o
cc -D_SPARC -D_SOLARIS -I/home/isti/earthworm/include -I/home/isti/earthworm/src/oracle/schema/src/include -I/home/isti/earthworm/src/oracle/schema/src/include/internal -I/home/isti/earthworm/src/oracle/apps/src/include -I/opt/oracle/rdbms/demo -Dfortran_suffix -Dqlib2_fortran   -c -o qtime.o qtime.c
ar rv libqlib2.a qtime.o
ar: writing libqlib2.a
a - qtime.o
cc -D_SPARC -D_SOLARIS -I/home/isti/earthworm/include -I/home/isti/earthworm/src/oracle/schema/src/include -I/home/isti/earthworm/src/oracle/schema/src/include/internal -I/home/isti/earthworm/src/oracle/apps/src/include -I/opt/oracle/rdbms/demo -Dfortran_suffix -Dqlib2_fortran   -c -o sdr_utils.o sdr_utils.c
ar rv libqlib2.a sdr_utils.o
ar: writing libqlib2.a
a - sdr_utils.o
cc -D_SPARC -D_SOLARIS -I/home/isti/earthworm/include -I/home/isti/earthworm/src/oracle/schema/src/include -I/home/isti/earthworm/src/oracle/schema/src/include/internal -I/home/isti/earthworm/src/oracle/apps/src/include -I/opt/oracle/rdbms/demo -Dfortran_suffix -Dqlib2_fortran   -c -o unpack.o unpack.c
ar rv libqlib2.a unpack.o
ar: writing libqlib2.a
a - unpack.o
cc -D_SPARC -D_SOLARIS -I/home/isti/earthworm/include -I/home/isti/earthworm/src/oracle/schema/src/include -I/home/isti/earthworm/src/oracle/schema/src/include/internal -I/home/isti/earthworm/src/oracle/apps/src/include -I/opt/oracle/rdbms/demo -Dfortran_suffix -Dqlib2_fortran   -c -o qutils.o qutils.c
ar rv libqlib2.a qutils.o
ar: writing libqlib2.a
a - qutils.o
true libqlib2.a
ar rv libqlib2.debug.a qlib2_version.o
ar: creating libqlib2.debug.a
ar: writing libqlib2.debug.a
a - qlib2_version.o
ar rv libqlib2.debug.a drm_utils.o
ar: writing libqlib2.debug.a
a - drm_utils.o
ar rv libqlib2.debug.a ms_utils.o
ar: writing libqlib2.debug.a
a - ms_utils.o
ar rv libqlib2.debug.a ms_pack.o
ar: writing libqlib2.debug.a
a - ms_pack.o
ar rv libqlib2.debug.a ms_unpack.o
ar: writing libqlib2.debug.a
a - ms_unpack.o
ar rv libqlib2.debug.a pack.o
ar: writing libqlib2.debug.a
a - pack.o
ar rv libqlib2.debug.a qda_utils.o
ar: writing libqlib2.debug.a
a - qda_utils.o
ar rv libqlib2.debug.a qtime.o
ar: writing libqlib2.debug.a
a - qtime.o
ar rv libqlib2.debug.a sdr_utils.o
ar: writing libqlib2.debug.a
a - sdr_utils.o
ar rv libqlib2.debug.a unpack.o
ar: writing libqlib2.debug.a
a - unpack.o
ar rv libqlib2.debug.a qutils.o
ar: writing libqlib2.debug.a
a - qutils.o
true libqlib2.debug.a
ar rv libqlib2nl.a qlib2_version.o
ar: creating libqlib2nl.a
ar: writing libqlib2nl.a
a - qlib2_version.o
ar rv libqlib2nl.a drm_utils.o
ar: writing libqlib2nl.a
a - drm_utils.o
ar rv libqlib2nl.a ms_utils.o
ar: writing libqlib2nl.a
a - ms_utils.o
ar rv libqlib2nl.a ms_pack.o
ar: writing libqlib2nl.a
a - ms_pack.o
ar rv libqlib2nl.a ms_unpack.o
ar: writing libqlib2nl.a
a - ms_unpack.o
ar rv libqlib2nl.a pack.o
ar: writing libqlib2nl.a
a - pack.o
ar rv libqlib2nl.a qda_utils.o
ar: writing libqlib2nl.a
a - qda_utils.o
ar rv libqlib2nl.a qtime.o
ar: writing libqlib2nl.a
a - qtime.o
ar rv libqlib2nl.a sdr_utils.o
ar: writing libqlib2nl.a
a - sdr_utils.o
ar rv libqlib2nl.a unpack.o
ar: writing libqlib2nl.a
a - unpack.o
ar rv libqlib2nl.a qutils.o
ar: writing libqlib2nl.a
a - qutils.o
true libqlib2nl.a
ar rv libqlib2nl.debug.a qlib2_version.o
ar: creating libqlib2nl.debug.a
ar: writing libqlib2nl.debug.a
a - qlib2_version.o
ar rv libqlib2nl.debug.a drm_utils.o
ar: writing libqlib2nl.debug.a
a - drm_utils.o
ar rv libqlib2nl.debug.a ms_utils.o
ar: writing libqlib2nl.debug.a
a - ms_utils.o
ar rv libqlib2nl.debug.a ms_pack.o
ar: writing libqlib2nl.debug.a
a - ms_pack.o
ar rv libqlib2nl.debug.a ms_unpack.o
ar: writing libqlib2nl.debug.a
a - ms_unpack.o
ar rv libqlib2nl.debug.a pack.o
ar: writing libqlib2nl.debug.a
a - pack.o
ar rv libqlib2nl.debug.a qda_utils.o
ar: writing libqlib2nl.debug.a
a - qda_utils.o
ar rv libqlib2nl.debug.a qtime.o
ar: writing libqlib2nl.debug.a
a - qtime.o
ar rv libqlib2nl.debug.a sdr_utils.o
ar: writing libqlib2nl.debug.a
a - sdr_utils.o
ar rv libqlib2nl.debug.a unpack.o
ar: writing libqlib2nl.debug.a
a - unpack.o
ar rv libqlib2nl.debug.a qutils.o
ar: writing libqlib2nl.debug.a
a - qutils.o
true libqlib2nl.debug.a
ar rv libqlib2-64.a qlib2_version.o
ar: creating libqlib2-64.a
ar: writing libqlib2-64.a
a - qlib2_version.o
ar rv libqlib2-64.a drm_utils.o
ar: writing libqlib2-64.a
a - drm_utils.o
ar rv libqlib2-64.a ms_utils.o
ar: writing libqlib2-64.a
a - ms_utils.o
ar rv libqlib2-64.a ms_pack.o
ar: writing libqlib2-64.a
a - ms_pack.o
ar rv libqlib2-64.a ms_unpack.o
ar: writing libqlib2-64.a
a - ms_unpack.o
ar rv libqlib2-64.a pack.o
ar: writing libqlib2-64.a
a - pack.o
ar rv libqlib2-64.a qda_utils.o
ar: writing libqlib2-64.a
a - qda_utils.o
ar rv libqlib2-64.a qtime.o
ar: writing libqlib2-64.a
a - qtime.o
ar rv libqlib2-64.a sdr_utils.o
ar: writing libqlib2-64.a
a - sdr_utils.o
ar rv libqlib2-64.a unpack.o
ar: writing libqlib2-64.a
a - unpack.o
ar rv libqlib2-64.a qutils.o
ar: writing libqlib2-64.a
a - qutils.o
true libqlib2-64.a
ar rv libqlib2-64.debug.a qlib2_version.o
ar: creating libqlib2-64.debug.a
ar: writing libqlib2-64.debug.a
a - qlib2_version.o
ar rv libqlib2-64.debug.a drm_utils.o
ar: writing libqlib2-64.debug.a
a - drm_utils.o
ar rv libqlib2-64.debug.a ms_utils.o
ar: writing libqlib2-64.debug.a
a - ms_utils.o
ar rv libqlib2-64.debug.a ms_pack.o
ar: writing libqlib2-64.debug.a
a - ms_pack.o
ar rv libqlib2-64.debug.a ms_unpack.o
ar: writing libqlib2-64.debug.a
a - ms_unpack.o
ar rv libqlib2-64.debug.a pack.o
ar: writing libqlib2-64.debug.a
a - pack.o
ar rv libqlib2-64.debug.a qda_utils.o
ar: writing libqlib2-64.debug.a
a - qda_utils.o
ar rv libqlib2-64.debug.a qtime.o
ar: writing libqlib2-64.debug.a
a - qtime.o
ar rv libqlib2-64.debug.a sdr_utils.o
ar: writing libqlib2-64.debug.a
a - sdr_utils.o
ar rv libqlib2-64.debug.a unpack.o
ar: writing libqlib2-64.debug.a
a - unpack.o
ar rv libqlib2-64.debug.a qutils.o
ar: writing libqlib2-64.debug.a
a - qutils.o
true libqlib2-64.debug.a
ar rv libqlib2nl-64.a qlib2_version.o
ar: creating libqlib2nl-64.a
ar: writing libqlib2nl-64.a
a - qlib2_version.o
ar rv libqlib2nl-64.a drm_utils.o
ar: writing libqlib2nl-64.a
a - drm_utils.o
ar rv libqlib2nl-64.a ms_utils.o
ar: writing libqlib2nl-64.a
a - ms_utils.o
ar rv libqlib2nl-64.a ms_pack.o
ar: writing libqlib2nl-64.a
a - ms_pack.o
ar rv libqlib2nl-64.a ms_unpack.o
ar: writing libqlib2nl-64.a
a - ms_unpack.o
ar rv libqlib2nl-64.a pack.o
ar: writing libqlib2nl-64.a
a - pack.o
ar rv libqlib2nl-64.a qda_utils.o
ar: writing libqlib2nl-64.a
a - qda_utils.o
ar rv libqlib2nl-64.a qtime.o
ar: writing libqlib2nl-64.a
a - qtime.o
ar rv libqlib2nl-64.a sdr_utils.o
ar: writing libqlib2nl-64.a
a - sdr_utils.o
ar rv libqlib2nl-64.a unpack.o
ar: writing libqlib2nl-64.a
a - unpack.o
ar rv libqlib2nl-64.a qutils.o
ar: writing libqlib2nl-64.a
a - qutils.o
true libqlib2nl-64.a
ar rv libqlib2nl-64.debug.a qlib2_version.o
ar: creating libqlib2nl-64.debug.a
ar: writing libqlib2nl-64.debug.a
a - qlib2_version.o
ar rv libqlib2nl-64.debug.a drm_utils.o
ar: writing libqlib2nl-64.debug.a
a - drm_utils.o
ar rv libqlib2nl-64.debug.a ms_utils.o
ar: writing libqlib2nl-64.debug.a
a - ms_utils.o
ar rv libqlib2nl-64.debug.a ms_pack.o
ar: writing libqlib2nl-64.debug.a
a - ms_pack.o
ar rv libqlib2nl-64.debug.a ms_unpack.o
ar: writing libqlib2nl-64.debug.a
a - ms_unpack.o
ar rv libqlib2nl-64.debug.a pack.o
ar: writing libqlib2nl-64.debug.a
a - pack.o
ar rv libqlib2nl-64.debug.a qda_utils.o
ar: writing libqlib2nl-64.debug.a
a - qda_utils.o
ar rv libqlib2nl-64.debug.a qtime.o
ar: writing libqlib2nl-64.debug.a
a - qtime.o
ar rv libqlib2nl-64.debug.a sdr_utils.o
ar: writing libqlib2nl-64.debug.a
a - sdr_utils.o
ar rv libqlib2nl-64.debug.a unpack.o
ar: writing libqlib2nl-64.debug.a
a - unpack.o
ar rv libqlib2nl-64.debug.a qutils.o
ar: writing libqlib2nl-64.debug.a
a - qutils.o
true libqlib2nl-64.debug.a
rm ms_unpack.o ms_pack.o pack.o qtime.o drm_utils.o unpack.o qlib2_version.o qutils.o ms_utils.o qda_utils.o sdr_utils.o
make[2]: Leaving directory `/home/isti/earthworm/src/libsrc/qlib2'
(cd lib330; make)
make[2]: Entering directory `/home/isti/earthworm/src/libsrc/lib330'
make[2]: Nothing to be done for `all'.
make[2]: Leaving directory `/home/isti/earthworm/src/libsrc/lib330'
Successfully built libsrc
make[1]: Leaving directory `/home/isti/earthworm/src/libsrc'
------
Making sol_modules in:
/home/isti/earthworm/src/archiving
make[1]: Entering directory `/home/isti/earthworm/src/archiving'
------
Making sol_modules in:
/home/isti/earthworm/src/archiving/menlo_report
make[2]: Entering directory `/home/isti/earthworm/src/archiving/menlo_report'
cc -c -D_SPARC -D_SOLARIS -I/home/isti/earthworm/include -I/home/isti/earthworm/src/oracle/schema/src/include -I/home/isti/earthworm/src/oracle/schema/src/include/internal -I/home/isti/earthworm/src/oracle/apps/src/include -I/opt/oracle/rdbms/demo  menlo_report.c
cc -o /home/isti/earthworm/bin/menlo_report menlo_report.o /home/isti/earthworm/lib/logit.o /home/isti/earthworm/lib/time_ew.o /home/isti/earthworm/lib/kom.o /home/isti/earthworm/lib/getutil.o /home/isti/earthworm/lib/sleep_ew.o /home/isti/earthworm/lib/transport.o /home/isti/earthworm/lib/copyfile.o /home/isti/earthworm/lib/dirops_ew.o  -lm -lposix4
make[2]: Leaving directory `/home/isti/earthworm/src/archiving/menlo_report'
------
Making sol_modules in:
/home/isti/earthworm/src/archiving/tankplayer
make[2]: Entering directory `/home/isti/earthworm/src/archiving/tankplayer'
cc -D_SPARC -D_SOLARIS -I/home/isti/earthworm/include -I/home/isti/earthworm/src/oracle/schema/src/include -I/home/isti/earthworm/src/oracle/schema/src/include/internal -I/home/isti/earthworm/src/oracle/apps/src/include -I/opt/oracle/rdbms/demo   -c -o tankplayer.o tankplayer.c
cc -o /home/isti/earthworm/bin/tankplayer -D_SPARC -D_SOLARIS -I/home/isti/earthworm/include -I/home/isti/earthworm/src/oracle/schema/src/include -I/home/isti/earthworm/src/oracle/schema/src/include/internal -I/home/isti/earthworm/src/oracle/apps/src/include -I/opt/oracle/rdbms/demo tankplayer.o /home/isti/earthworm/lib/getutil.o /home/isti/earthworm/lib/kom.o /home/isti/earthworm/lib/logit.o /home/isti/earthworm/lib/sleep_ew.o /home/isti/earthworm/lib/swap.o /home/isti/earthworm/lib/time_ew.o /home/isti/earthworm/lib/transport.o  -lposix4
make[2]: Leaving directory `/home/isti/earthworm/src/archiving/tankplayer'
------
Making sol_modules in:
/home/isti/earthworm/src/archiving/tankplayer_tools
make[2]: Entering directory `/home/isti/earthworm/src/archiving/tankplayer_tools'
cc -D_SPARC -D_SOLARIS -I/home/isti/earthworm/include -I/home/isti/earthworm/src/oracle/schema/src/include -I/home/isti/earthworm/src/oracle/schema/src/include/internal -I/home/isti/earthworm/src/oracle/apps/src/include -I/opt/oracle/rdbms/demo -I../../libsrc/qlib2/   -c -o remux_tbuf.o remux_tbuf.c
cc -g -o /home/isti/earthworm/bin/remux_tbuf remux_tbuf.o /home/isti/earthworm/lib/swap.o /home/isti/earthworm/lib/time_ew.o /home/isti/earthworm/lib/logit.o -lrt
cc -D_SPARC -D_SOLARIS -I/home/isti/earthworm/include -I/home/isti/earthworm/src/oracle/schema/src/include -I/home/isti/earthworm/src/oracle/schema/src/include/internal -I/home/isti/earthworm/src/oracle/apps/src/include -I/opt/oracle/rdbms/demo -I../../libsrc/qlib2/   -c -o sac2tb.o sac2tb.c
cc -g -o /home/isti/earthworm/bin/sac2tb sac2tb.o /home/isti/earthworm/lib/swap.o /home/isti/earthworm/lib/time_ew.o /home/isti/earthworm/lib/logit.o -lrt
cc -D_SPARC -D_SOLARIS -I/home/isti/earthworm/include -I/home/isti/earthworm/src/oracle/schema/src/include -I/home/isti/earthworm/src/oracle/schema/src/include/internal -I/home/isti/earthworm/src/oracle/apps/src/include -I/opt/oracle/rdbms/demo -I../../libsrc/qlib2/   -c -o ms2tb.o ms2tb.c
cc -D_SPARC -D_SOLARIS -I/home/isti/earthworm/include -I/home/isti/earthworm/src/oracle/schema/src/include -I/home/isti/earthworm/src/oracle/schema/src/include/internal -I/home/isti/earthworm/src/oracle/apps/src/include -I/opt/oracle/rdbms/demo -I../../libsrc/qlib2/   -c -o read_mseed_data.o read_mseed_data.c
cc -g -o /home/isti/earthworm/bin/ms2tb ms2tb.o read_mseed_data.o -L/home/isti/earthworm/lib -L../../libsrc/qlib2/ -lqlib2nl -lm
make -f makefile.sol remux_tbuf
make[3]: Entering directory `/home/isti/earthworm/src/archiving/tankplayer_tools'
cc -g -o /home/isti/earthworm/bin/remux_tbuf remux_tbuf.o /home/isti/earthworm/lib/swap.o /home/isti/earthworm/lib/time_ew.o /home/isti/earthworm/lib/logit.o -lrt
make[3]: Leaving directory `/home/isti/earthworm/src/archiving/tankplayer_tools'
make -f makefile.sol sac2tb
make[3]: Entering directory `/home/isti/earthworm/src/archiving/tankplayer_tools'
cc -g -o /home/isti/earthworm/bin/sac2tb sac2tb.o /home/isti/earthworm/lib/swap.o /home/isti/earthworm/lib/time_ew.o /home/isti/earthworm/lib/logit.o -lrt
make[3]: Leaving directory `/home/isti/earthworm/src/archiving/tankplayer_tools'
make[2]: Leaving directory `/home/isti/earthworm/src/archiving/tankplayer_tools'
------
Making sol_modules in:
/home/isti/earthworm/src/archiving/trig2disk
make[2]: Entering directory `/home/isti/earthworm/src/archiving/trig2disk'
cc -D_REENTRANT -D_SPARC -D_SOLARIS -I/home/isti/earthworm/include -I/home/isti/earthworm/src/oracle/schema/src/include -I/home/isti/earthworm/src/oracle/schema/src/include/internal -I/home/isti/earthworm/src/oracle/apps/src/include -I/opt/oracle/rdbms/demo   -c -o trig2disk.o trig2disk.c
cc -D_REENTRANT -D_SPARC -D_SOLARIS -I/home/isti/earthworm/include -I/home/isti/earthworm/src/oracle/schema/src/include -I/home/isti/earthworm/src/oracle/schema/src/include/internal -I/home/isti/earthworm/src/oracle/apps/src/include -I/opt/oracle/rdbms/demo   -c -o CatPsuedoTrig.o CatPsuedoTrig.c
\
        cc -o /home/isti/earthworm/bin/trig2disk trig2disk.o CatPsuedoTrig.o /home/isti/earthworm/lib/putaway.o /home/isti/earthworm/lib/ahputaway.o /home/isti/earthworm/lib/sacputaway.o /home/isti/earthworm/lib/geo_to_km.o /home/isti/earthworm/lib/sudsputaway.o /home/isti/earthworm/lib/tankputaway.o /home/isti/earthworm/lib/gseputaway.o /home/isti/earthworm/lib/seiputaway.o /home/isti/earthworm/lib/seiutils.o /home/isti/earthworm/lib/logit_mt.o /home/isti/earthworm/lib/chron3.o /home/isti/earthworm/lib/dirops_ew.o /home/isti/earthworm/lib/getutil.o /home/isti/earthworm/lib/kom.o /home/isti/earthworm/lib/sleep_ew.o /home/isti/earthworm/lib/threads_ew.o /home/isti/earthworm/lib/time_ew.o /home/isti/earthworm/lib/transport.o /home/isti/earthworm/lib/socket_ew.o /home/isti/earthworm/lib/socket_ew_common.o /home/isti/earthworm/lib/mem_circ_queue.o /home/isti/earthworm/lib/sema_ew.o /home/isti/earthworm/lib/parse_trig.o /home/isti/earthworm/lib/ws_clientII.o /home/isti/earthworm/lib/swap.o /home/isti/earthworm/lib/mseedputaway.o /home/isti/earthworm/lib/libmseed.a -lsocket -lnsl -lposix4 -lthread -lm
make[2]: Leaving directory `/home/isti/earthworm/src/archiving/trig2disk'
------
Making sol_modules in:
/home/isti/earthworm/src/archiving/wave_serverV
make[2]: Entering directory `/home/isti/earthworm/src/archiving/wave_serverV'
cc -D_REENTRANT -D_SPARC -D_SOLARIS -I/home/isti/earthworm/include -I/home/isti/earthworm/src/oracle/schema/src/include -I/home/isti/earthworm/src/oracle/schema/src/include/internal -I/home/isti/earthworm/src/oracle/apps/src/include -I/opt/oracle/rdbms/demo -g  -c  -o wave_serverV.o wave_serverV.c
cc -D_REENTRANT -D_SPARC -D_SOLARIS -I/home/isti/earthworm/include -I/home/isti/earthworm/src/oracle/schema/src/include -I/home/isti/earthworm/src/oracle/schema/src/include/internal -I/home/isti/earthworm/src/oracle/apps/src/include -I/opt/oracle/rdbms/demo -g  -c  -o index.o index.c
cc -D_REENTRANT -D_SPARC -D_SOLARIS -I/home/isti/earthworm/include -I/home/isti/earthworm/src/oracle/schema/src/include -I/home/isti/earthworm/src/oracle/schema/src/include/internal -I/home/isti/earthworm/src/oracle/apps/src/include -I/opt/oracle/rdbms/demo -g  -c  -o server_thread.o server_thread.c
cc -D_REENTRANT -D_SPARC -D_SOLARIS -I/home/isti/earthworm/include -I/home/isti/earthworm/src/oracle/schema/src/include -I/home/isti/earthworm/src/oracle/schema/src/include/internal -I/home/isti/earthworm/src/oracle/apps/src/include -I/opt/oracle/rdbms/demo -g  -c  -o serve_trace.o serve_trace.c
cc -D_REENTRANT -D_SPARC -D_SOLARIS -I/home/isti/earthworm/include -I/home/isti/earthworm/src/oracle/schema/src/include -I/home/isti/earthworm/src/oracle/schema/src/include/internal -I/home/isti/earthworm/src/oracle/apps/src/include -I/opt/oracle/rdbms/demo -g  -c  -o index_util.o index_util.c
cc -D_REENTRANT -D_SPARC -D_SOLARIS -I/home/isti/earthworm/include -I/home/isti/earthworm/src/oracle/schema/src/include -I/home/isti/earthworm/src/oracle/schema/src/include/internal -I/home/isti/earthworm/src/oracle/apps/src/include -I/opt/oracle/rdbms/demo -g  -c  -o compare.o compare.c
cc -g -o /home/isti/earthworm/bin/wave_serverV wave_serverV.o index.o server_thread.o serve_trace.o index_util.o compare.o /home/isti/earthworm/lib/dirops_ew.o /home/isti/earthworm/lib/getutil.o /home/isti/earthworm/lib/kom.o /home/isti/earthworm/lib/logit_mt.o /home/isti/earthworm/lib/sema_ew.o /home/isti/earthworm/lib/sleep_ew.o /home/isti/earthworm/lib/socket_ew.o /home/isti/earthworm/lib/socket_ew_common.o /home/isti/earthworm/lib/swap.o  /home/isti/earthworm/lib/threads_ew.o /home/isti/earthworm/lib/time_ew.o /home/isti/earthworm/lib/transport.o /home/isti/earthworm/lib/mem_circ_queue.o  -lm -lnsl -lsocket -mt -lposix4 -lthread -lc
(cd Tools; make -f makefile.sol)
make[3]: Entering directory `/home/isti/earthworm/src/archiving/wave_serverV/Tools'
cc -D_REENTRANT -D_SPARC -D_SOLARIS -I/home/isti/earthworm/include -I/home/isti/earthworm/src/oracle/schema/src/include -I/home/isti/earthworm/src/oracle/schema/src/include/internal -I/home/isti/earthworm/src/oracle/apps/src/include -I/opt/oracle/rdbms/demo -I.. -g  -c  -o inspect_tank.o inspect_tank.c
cc -g -o /home/isti/earthworm/bin/inspect_tank inspect_tank.o
cc -D_REENTRANT -D_SPARC -D_SOLARIS -I/home/isti/earthworm/include -I/home/isti/earthworm/src/oracle/schema/src/include -I/home/isti/earthworm/src/oracle/schema/src/include/internal -I/home/isti/earthworm/src/oracle/apps/src/include -I/opt/oracle/rdbms/demo -I.. -g  -c  -o read_index.o read_index.c
cc -g -o /home/isti/earthworm/bin/read_index read_index.o
cc -D_REENTRANT -D_SPARC -D_SOLARIS -I/home/isti/earthworm/include -I/home/isti/earthworm/src/oracle/schema/src/include -I/home/isti/earthworm/src/oracle/schema/src/include/internal -I/home/isti/earthworm/src/oracle/apps/src/include -I/opt/oracle/rdbms/demo -I.. -g  -c  -o read_struct.o read_struct.c
cc -g -o /home/isti/earthworm/bin/read_struct read_struct.o
make[3]: Leaving directory `/home/isti/earthworm/src/archiving/wave_serverV/Tools'
make[2]: Leaving directory `/home/isti/earthworm/src/archiving/wave_serverV'
------
Making sol_modules in:
/home/isti/earthworm/src/archiving/waveman2disk
make[2]: Entering directory `/home/isti/earthworm/src/archiving/waveman2disk'
cc -D_REENTRANT -D_SPARC -D_SOLARIS -I/home/isti/earthworm/include -I/home/isti/earthworm/src/oracle/schema/src/include -I/home/isti/earthworm/src/oracle/schema/src/include/internal -I/home/isti/earthworm/src/oracle/apps/src/include -I/opt/oracle/rdbms/demo   -c -o waveman2disk.o waveman2disk.c
cc -D_REENTRANT -D_SPARC -D_SOLARIS -I/home/isti/earthworm/include -I/home/isti/earthworm/src/oracle/schema/src/include -I/home/isti/earthworm/src/oracle/schema/src/include/internal -I/home/isti/earthworm/src/oracle/apps/src/include -I/opt/oracle/rdbms/demo   -c -o CatPsuedoTrig.o CatPsuedoTrig.c
\
        cc -o /home/isti/earthworm/bin/waveman2disk waveman2disk.o CatPsuedoTrig.o /home/isti/earthworm/lib/putaway.o /home/isti/earthworm/lib/ahputaway.o /home/isti/earthworm/lib/sacputaway.o /home/isti/earthworm/lib/geo_to_km.o /home/isti/earthworm/lib/sudsputaway.o /home/isti/earthworm/lib/tankputaway.o /home/isti/earthworm/lib/gseputaway.o /home/isti/earthworm/lib/seiputaway.o /home/isti/earthworm/lib/seiutils.o /home/isti/earthworm/lib/dirops_ew.o /home/isti/earthworm/lib/logit.o /home/isti/earthworm/lib/kom.o /home/isti/earthworm/lib/sleep_ew.o /home/isti/earthworm/lib/time_ew.o /home/isti/earthworm/lib/socket_ew.o /home/isti/earthworm/lib/socket_ew_common.o /home/isti/earthworm/lib/parse_trig.o /home/isti/earthworm/lib/ws_clientII.o /home/isti/earthworm/lib/swap.o /home/isti/earthworm/lib/chron3.o /home/isti/earthworm/lib/mseedputaway.o /home/isti/earthworm/lib/libmseed.a  -lsocket -lnsl -lposix4 -lm
make[2]: Leaving directory `/home/isti/earthworm/src/archiving/waveman2disk'
make[1]: Leaving directory `/home/isti/earthworm/src/archiving'
------
Making sol_modules in:
/home/isti/earthworm/src/data_exchange
make[1]: Entering directory `/home/isti/earthworm/src/data_exchange'
------
Making sol_modules in:
/home/isti/earthworm/src/data_exchange/coaxtoring
make[2]: Entering directory `/home/isti/earthworm/src/data_exchange/coaxtoring'
cc -D_REENTRANT -D_SPARC -D_SOLARIS -I/home/isti/earthworm/include -I/home/isti/earthworm/src/oracle/schema/src/include -I/home/isti/earthworm/src/oracle/schema/src/include/internal -I/home/isti/earthworm/src/oracle/apps/src/include -I/opt/oracle/rdbms/demo   -c -o coaxtoring.o coaxtoring.c
cc -D_REENTRANT -D_SPARC -D_SOLARIS -I/home/isti/earthworm/include -I/home/isti/earthworm/src/oracle/schema/src/include -I/home/isti/earthworm/src/oracle/schema/src/include/internal -I/home/isti/earthworm/src/oracle/apps/src/include -I/opt/oracle/rdbms/demo   -c -o receiver_sol.o receiver_sol.c
cc -o /home/isti/earthworm/bin/coaxtoring coaxtoring.o receiver_sol.o /home/isti/earthworm/lib/threads_ew.o /home/isti/earthworm/lib/getutil.o /home/isti/earthworm/lib/kom.o /home/isti/earthworm/lib/logit_mt.o /home/isti/earthworm/lib/transport.o /home/isti/earthworm/lib/time_ew.o /home/isti/earthworm/lib/sema_ew.o /home/isti/earthworm/lib/socket_ew.o /home/isti/earthworm/lib/errexit.o /home/isti/earthworm/lib/sleep_ew.o \
           -mt -lm -lsocket -lnsl -lposix4 -lthread -lc
make[2]: Leaving directory `/home/isti/earthworm/src/data_exchange/coaxtoring'
------
Making sol_modules in:
/home/isti/earthworm/src/data_exchange/condenselogo
make[2]: Entering directory `/home/isti/earthworm/src/data_exchange/condenselogo'
cc -c -D_SPARC -D_SOLARIS -I/home/isti/earthworm/include -I/home/isti/earthworm/src/oracle/schema/src/include -I/home/isti/earthworm/src/oracle/schema/src/include/internal -I/home/isti/earthworm/src/oracle/apps/src/include -I/opt/oracle/rdbms/demo condenselogo.c
cc -o /home/isti/earthworm/bin/condenselogo condenselogo.o /home/isti/earthworm/lib/logit.o /home/isti/earthworm/lib/getutil.o /home/isti/earthworm/lib/time_ew.o /home/isti/earthworm/lib/transport.o /home/isti/earthworm/lib/kom.o /home/isti/earthworm/lib/sleep_ew.o -lm -lposix4
make[2]: Leaving directory `/home/isti/earthworm/src/data_exchange/condenselogo'
------
Making sol_modules in:
/home/isti/earthworm/src/data_exchange/ew2file
make[2]: Entering directory `/home/isti/earthworm/src/data_exchange/ew2file'
cc -g -D_REENTRANT -D_SPARC -D_SOLARIS -I/home/isti/earthworm/include -I/home/isti/earthworm/src/oracle/schema/src/include -I/home/isti/earthworm/src/oracle/schema/src/include/internal -I/home/isti/earthworm/src/oracle/apps/src/include -I/opt/oracle/rdbms/demo   -c -o ew2file.o ew2file.c
cc -o /home/isti/earthworm/bin/ew2file -g -D_REENTRANT -D_SPARC -D_SOLARIS -I/home/isti/earthworm/include -I/home/isti/earthworm/src/oracle/schema/src/include -I/home/isti/earthworm/src/oracle/schema/src/include/internal -I/home/isti/earthworm/src/oracle/apps/src/include -I/opt/oracle/rdbms/demo ew2file.o /home/isti/earthworm/lib/mem_circ_queue.o /home/isti/earthworm/lib/kom.o /home/isti/earthworm/lib/getsysname_ew.o /home/isti/earthworm/lib/getutil.o /home/isti/earthworm/lib/logit_mt.o /home/isti/earthworm/lib/transport.o /home/isti/earthworm/lib/sleep_ew.o /home/isti/earthworm/lib/time_ew.o /home/isti/earthworm/lib/threads_ew.o /home/isti/earthworm/lib/sema_ew.o  /home/isti/earthworm/lib/dirops_ew.o -mt -lposix4 -lthread
make[2]: Leaving directory `/home/isti/earthworm/src/data_exchange/ew2file'
------
Making sol_modules in:
/home/isti/earthworm/src/data_exchange/export
make[2]: Entering directory `/home/isti/earthworm/src/data_exchange/export'
make -f makefile.sol export_generic
make[3]: Entering directory `/home/isti/earthworm/src/data_exchange/export'
cc -D_REENTRANT -D_SPARC -D_SOLARIS -I/home/isti/earthworm/include -I/home/isti/earthworm/src/oracle/schema/src/include -I/home/isti/earthworm/src/oracle/schema/src/include/internal -I/home/isti/earthworm/src/oracle/apps/src/include -I/opt/oracle/rdbms/demo   -c -o export.o export.c
cc -D_REENTRANT -D_SPARC -D_SOLARIS -I/home/isti/earthworm/include -I/home/isti/earthworm/src/oracle/schema/src/include -I/home/isti/earthworm/src/oracle/schema/src/include/internal -I/home/isti/earthworm/src/oracle/apps/src/include -I/opt/oracle/rdbms/demo   -c -o genericfilter.o genericfilter.c
cc -o /home/isti/earthworm/bin/export_generic export.o /home/isti/earthworm/lib/mem_circ_queue.o /home/isti/earthworm/lib/chron3.o /home/isti/earthworm/lib/kom.o /home/isti/earthworm/lib/getsysname_ew.o /home/isti/earthworm/lib/getutil.o /home/isti/earthworm/lib/logit_mt.o /home/isti/earthworm/lib/transport.o /home/isti/earthworm/lib/sleep_ew.o /home/isti/earthworm/lib/socket_ew.o /home/isti/earthworm/lib/socket_ew_common.o /home/isti/earthworm/lib/time_ew.o /home/isti/earthworm/lib/threads_ew.o /home/isti/earthworm/lib/sema_ew.o /home/isti/earthworm/lib/swap.o genericfilter.o -lnsl -lsocket -mt -lposix4 -lthread -lc
make[3]: Leaving directory `/home/isti/earthworm/src/data_exchange/export'
make -f makefile.sol export_scnl
make[3]: Entering directory `/home/isti/earthworm/src/data_exchange/export'
cc -D_REENTRANT -D_SPARC -D_SOLARIS -I/home/isti/earthworm/include -I/home/isti/earthworm/src/oracle/schema/src/include -I/home/isti/earthworm/src/oracle/schema/src/include/internal -I/home/isti/earthworm/src/oracle/apps/src/include -I/opt/oracle/rdbms/demo   -c -o scnfilter.o scnfilter.c
cc -o /home/isti/earthworm/bin/export_scnl export.o /home/isti/earthworm/lib/mem_circ_queue.o /home/isti/earthworm/lib/chron3.o /home/isti/earthworm/lib/kom.o /home/isti/earthworm/lib/getsysname_ew.o /home/isti/earthworm/lib/getutil.o /home/isti/earthworm/lib/logit_mt.o /home/isti/earthworm/lib/transport.o /home/isti/earthworm/lib/sleep_ew.o /home/isti/earthworm/lib/socket_ew.o /home/isti/earthworm/lib/socket_ew_common.o /home/isti/earthworm/lib/time_ew.o /home/isti/earthworm/lib/threads_ew.o /home/isti/earthworm/lib/sema_ew.o /home/isti/earthworm/lib/swap.o scnfilter.o /home/isti/earthworm/lib/rdpickcoda.o -lnsl -lsocket -mt -lposix4 -lthread -lc
make[3]: Leaving directory `/home/isti/earthworm/src/data_exchange/export'
make -f makefile.sol export_scnl_pri
make[3]: Entering directory `/home/isti/earthworm/src/data_exchange/export'
cc -D_REENTRANT -D_SPARC -D_SOLARIS -I/home/isti/earthworm/include -I/home/isti/earthworm/src/oracle/schema/src/include -I/home/isti/earthworm/src/oracle/schema/src/include/internal -I/home/isti/earthworm/src/oracle/apps/src/include -I/opt/oracle/rdbms/demo   -c -o export_scn_pri.o export_scn_pri.c
cc -o /home/isti/earthworm/bin/export_scnl_pri export_scn_pri.o /home/isti/earthworm/lib/priority_queue.o /home/isti/earthworm/lib/chron3.o /home/isti/earthworm/lib/kom.o /home/isti/earthworm/lib/getsysname_ew.o /home/isti/earthworm/lib/getutil.o /home/isti/earthworm/lib/logit_mt.o /home/isti/earthworm/lib/transport.o /home/isti/earthworm/lib/sleep_ew.o /home/isti/earthworm/lib/socket_ew.o /home/isti/earthworm/lib/socket_ew_common.o /home/isti/earthworm/lib/time_ew.o /home/isti/earthworm/lib/threads_ew.o /home/isti/earthworm/lib/sema_ew.o /home/isti/earthworm/lib/swap.o scnfilter.o /home/isti/earthworm/lib/rdpickcoda.o -lnsl -lsocket -mt -lposix4 -lthread -lc
make[3]: Leaving directory `/home/isti/earthworm/src/data_exchange/export'
make -f makefile.sol export_gen_actv
make[3]: Entering directory `/home/isti/earthworm/src/data_exchange/export'
cc -D_REENTRANT -D_SPARC -D_SOLARIS -I/home/isti/earthworm/include -I/home/isti/earthworm/src/oracle/schema/src/include -I/home/isti/earthworm/src/oracle/schema/src/include/internal -I/home/isti/earthworm/src/oracle/apps/src/include -I/opt/oracle/rdbms/demo   -c -o export_actv.o export_actv.c
cc -o /home/isti/earthworm/bin/export_gen_actv export_actv.o /home/isti/earthworm/lib/mem_circ_queue.o /home/isti/earthworm/lib/chron3.o /home/isti/earthworm/lib/kom.o /home/isti/earthworm/lib/getsysname_ew.o /home/isti/earthworm/lib/getutil.o /home/isti/earthworm/lib/logit_mt.o /home/isti/earthworm/lib/transport.o /home/isti/earthworm/lib/sleep_ew.o /home/isti/earthworm/lib/socket_ew.o /home/isti/earthworm/lib/socket_ew_common.o /home/isti/earthworm/lib/time_ew.o /home/isti/earthworm/lib/threads_ew.o /home/isti/earthworm/lib/sema_ew.o /home/isti/earthworm/lib/swap.o genericfilter.o -lnsl -lsocket -mt -lposix4 -lthread -lc
make[3]: Leaving directory `/home/isti/earthworm/src/data_exchange/export'
make -f makefile.sol export_scnl_actv
make[3]: Entering directory `/home/isti/earthworm/src/data_exchange/export'
cc -o /home/isti/earthworm/bin/export_scnl_actv export_actv.o /home/isti/earthworm/lib/mem_circ_queue.o /home/isti/earthworm/lib/chron3.o /home/isti/earthworm/lib/kom.o /home/isti/earthworm/lib/getsysname_ew.o /home/isti/earthworm/lib/getutil.o /home/isti/earthworm/lib/logit_mt.o /home/isti/earthworm/lib/transport.o /home/isti/earthworm/lib/sleep_ew.o /home/isti/earthworm/lib/socket_ew.o /home/isti/earthworm/lib/socket_ew_common.o /home/isti/earthworm/lib/time_ew.o /home/isti/earthworm/lib/threads_ew.o /home/isti/earthworm/lib/sema_ew.o /home/isti/earthworm/lib/swap.o scnfilter.o /home/isti/earthworm/lib/rdpickcoda.o -lnsl -lsocket -mt -lposix4 -lthread -lc
make[3]: Leaving directory `/home/isti/earthworm/src/data_exchange/export'
make -f makefile.sol export_ack
make[3]: Entering directory `/home/isti/earthworm/src/data_exchange/export'
cc -D_REENTRANT -D_SPARC -D_SOLARIS -I/home/isti/earthworm/include -I/home/isti/earthworm/src/oracle/schema/src/include -I/home/isti/earthworm/src/oracle/schema/src/include/internal -I/home/isti/earthworm/src/oracle/apps/src/include -I/opt/oracle/rdbms/demo   -c -o export_ack.o export_ack.c
cc -o /home/isti/earthworm/bin/export_ack export_ack.o /home/isti/earthworm/lib/mem_circ_queue.o /home/isti/earthworm/lib/chron3.o /home/isti/earthworm/lib/kom.o /home/isti/earthworm/lib/getsysname_ew.o /home/isti/earthworm/lib/getutil.o /home/isti/earthworm/lib/logit_mt.o /home/isti/earthworm/lib/transport.o /home/isti/earthworm/lib/sleep_ew.o /home/isti/earthworm/lib/socket_ew.o /home/isti/earthworm/lib/socket_ew_common.o /home/isti/earthworm/lib/time_ew.o /home/isti/earthworm/lib/threads_ew.o /home/isti/earthworm/lib/sema_ew.o /home/isti/earthworm/lib/swap.o genericfilter.o -lnsl -lsocket -mt -lposix4 -lthread -lc
make[3]: Leaving directory `/home/isti/earthworm/src/data_exchange/export'
make -f makefile.sol export_scnl_ack
make[3]: Entering directory `/home/isti/earthworm/src/data_exchange/export'
cc -o /home/isti/earthworm/bin/export_scnl_ack export_ack.o /home/isti/earthworm/lib/mem_circ_queue.o /home/isti/earthworm/lib/chron3.o /home/isti/earthworm/lib/kom.o /home/isti/earthworm/lib/getsysname_ew.o /home/isti/earthworm/lib/getutil.o /home/isti/earthworm/lib/logit_mt.o /home/isti/earthworm/lib/transport.o /home/isti/earthworm/lib/sleep_ew.o /home/isti/earthworm/lib/socket_ew.o /home/isti/earthworm/lib/socket_ew_common.o /home/isti/earthworm/lib/time_ew.o /home/isti/earthworm/lib/threads_ew.o /home/isti/earthworm/lib/sema_ew.o /home/isti/earthworm/lib/swap.o scnfilter.o /home/isti/earthworm/lib/rdpickcoda.o -lnsl -lsocket -mt -lposix4 -lthread -lc
make[3]: Leaving directory `/home/isti/earthworm/src/data_exchange/export'
make[2]: Leaving directory `/home/isti/earthworm/src/data_exchange/export'
------
Making sol_modules in:
/home/isti/earthworm/src/data_exchange/file2ew
make[2]: Entering directory `/home/isti/earthworm/src/data_exchange/file2ew'
make -f makefile.sol file2ew
make[3]: Entering directory `/home/isti/earthworm/src/data_exchange/file2ew'
cc -D_SPARC -D_SOLARIS -I/home/isti/earthworm/include -I/home/isti/earthworm/src/oracle/schema/src/include -I/home/isti/earthworm/src/oracle/schema/src/include/internal -I/home/isti/earthworm/src/oracle/apps/src/include -I/opt/oracle/rdbms/demo   -c -o file2ew.o file2ew.c
cc -D_SPARC -D_SOLARIS -I/home/isti/earthworm/include -I/home/isti/earthworm/src/oracle/schema/src/include -I/home/isti/earthworm/src/oracle/schema/src/include/internal -I/home/isti/earthworm/src/oracle/apps/src/include -I/opt/oracle/rdbms/demo   -c -o raw2ew.o raw2ew.c
cc -o /home/isti/earthworm/bin/file2ew file2ew.o /home/isti/earthworm/lib/chron3.o /home/isti/earthworm/lib/logit.o /home/isti/earthworm/lib/kom.o /home/isti/earthworm/lib/getutil.o /home/isti/earthworm/lib/sleep_ew.o /home/isti/earthworm/lib/swap.o /home/isti/earthworm/lib/time_ew.o /home/isti/earthworm/lib/transport.o /home/isti/earthworm/lib/dirops_ew.o /home/isti/earthworm/lib/k2evt2ew.o  raw2ew.o  -lm -lposix4
make[3]: Leaving directory `/home/isti/earthworm/src/data_exchange/file2ew'
make -f makefile.sol sm_csmip2ew 
make[3]: Entering directory `/home/isti/earthworm/src/data_exchange/file2ew'
cc -D_SPARC -D_SOLARIS -I/home/isti/earthworm/include -I/home/isti/earthworm/src/oracle/schema/src/include -I/home/isti/earthworm/src/oracle/schema/src/include/internal -I/home/isti/earthworm/src/oracle/apps/src/include -I/opt/oracle/rdbms/demo   -c -o csmip2ew.o csmip2ew.c
cc -o /home/isti/earthworm/bin/sm_csmip2ew file2ew.o /home/isti/earthworm/lib/chron3.o /home/isti/earthworm/lib/logit.o /home/isti/earthworm/lib/kom.o /home/isti/earthworm/lib/getutil.o /home/isti/earthworm/lib/sleep_ew.o /home/isti/earthworm/lib/swap.o /home/isti/earthworm/lib/time_ew.o /home/isti/earthworm/lib/transport.o /home/isti/earthworm/lib/dirops_ew.o /home/isti/earthworm/lib/k2evt2ew.o  /home/isti/earthworm/lib/rw_strongmotionII.o  csmip2ew.o  -lm -lposix4
make[3]: Leaving directory `/home/isti/earthworm/src/data_exchange/file2ew'
make -f makefile.sol sm_nsmp2ew 
make[3]: Entering directory `/home/isti/earthworm/src/data_exchange/file2ew'
cc -D_SPARC -D_SOLARIS -I/home/isti/earthworm/include -I/home/isti/earthworm/src/oracle/schema/src/include -I/home/isti/earthworm/src/oracle/schema/src/include/internal -I/home/isti/earthworm/src/oracle/apps/src/include -I/opt/oracle/rdbms/demo   -c -o nsmp2ew.o nsmp2ew.c
"nsmp2ew.c", line 122: warning: macro redefined: MAXTRACELTH
cc -o /home/isti/earthworm/bin/sm_nsmp2ew file2ew.o /home/isti/earthworm/lib/chron3.o /home/isti/earthworm/lib/logit.o /home/isti/earthworm/lib/kom.o /home/isti/earthworm/lib/getutil.o /home/isti/earthworm/lib/sleep_ew.o /home/isti/earthworm/lib/swap.o /home/isti/earthworm/lib/time_ew.o /home/isti/earthworm/lib/transport.o /home/isti/earthworm/lib/dirops_ew.o /home/isti/earthworm/lib/k2evt2ew.o  /home/isti/earthworm/lib/rw_strongmotionII.o  nsmp2ew.o  -lm -lposix4
make[3]: Leaving directory `/home/isti/earthworm/src/data_exchange/file2ew'
make -f makefile.sol sm_redi2ew 
make[3]: Entering directory `/home/isti/earthworm/src/data_exchange/file2ew'
cc -D_SPARC -D_SOLARIS -I/home/isti/earthworm/include -I/home/isti/earthworm/src/oracle/schema/src/include -I/home/isti/earthworm/src/oracle/schema/src/include/internal -I/home/isti/earthworm/src/oracle/apps/src/include -I/opt/oracle/rdbms/demo   -c -o redi2ew.o redi2ew.c
cc -o /home/isti/earthworm/bin/sm_redi2ew file2ew.o /home/isti/earthworm/lib/chron3.o /home/isti/earthworm/lib/logit.o /home/isti/earthworm/lib/kom.o /home/isti/earthworm/lib/getutil.o /home/isti/earthworm/lib/sleep_ew.o /home/isti/earthworm/lib/swap.o /home/isti/earthworm/lib/time_ew.o /home/isti/earthworm/lib/transport.o /home/isti/earthworm/lib/dirops_ew.o /home/isti/earthworm/lib/k2evt2ew.o  /home/isti/earthworm/lib/rw_strongmotionII.o  redi2ew.o  -lm -lposix4
make[3]: Leaving directory `/home/isti/earthworm/src/data_exchange/file2ew'
make -f makefile.sol sm_terra2ew 
make[3]: Entering directory `/home/isti/earthworm/src/data_exchange/file2ew'
cc -D_SPARC -D_SOLARIS -I/home/isti/earthworm/include -I/home/isti/earthworm/src/oracle/schema/src/include -I/home/isti/earthworm/src/oracle/schema/src/include/internal -I/home/isti/earthworm/src/oracle/apps/src/include -I/opt/oracle/rdbms/demo   -c -o terra2ew.o terra2ew.c
cc -o /home/isti/earthworm/bin/sm_terra2ew file2ew.o /home/isti/earthworm/lib/chron3.o /home/isti/earthworm/lib/logit.o /home/isti/earthworm/lib/kom.o /home/isti/earthworm/lib/getutil.o /home/isti/earthworm/lib/sleep_ew.o /home/isti/earthworm/lib/swap.o /home/isti/earthworm/lib/time_ew.o /home/isti/earthworm/lib/transport.o /home/isti/earthworm/lib/dirops_ew.o /home/isti/earthworm/lib/k2evt2ew.o  /home/isti/earthworm/lib/rw_strongmotionII.o  terra2ew.o  -lm -lposix4
make[3]: Leaving directory `/home/isti/earthworm/src/data_exchange/file2ew'
make -f makefile.sol sm_tremor2ew 
make[3]: Entering directory `/home/isti/earthworm/src/data_exchange/file2ew'
cc -D_SPARC -D_SOLARIS -I/home/isti/earthworm/include -I/home/isti/earthworm/src/oracle/schema/src/include -I/home/isti/earthworm/src/oracle/schema/src/include/internal -I/home/isti/earthworm/src/oracle/apps/src/include -I/opt/oracle/rdbms/demo   -c -o tremor2ew.o tremor2ew.c
cc -o /home/isti/earthworm/bin/sm_tremor2ew file2ew.o /home/isti/earthworm/lib/chron3.o /home/isti/earthworm/lib/logit.o /home/isti/earthworm/lib/kom.o /home/isti/earthworm/lib/getutil.o /home/isti/earthworm/lib/sleep_ew.o /home/isti/earthworm/lib/swap.o /home/isti/earthworm/lib/time_ew.o /home/isti/earthworm/lib/transport.o /home/isti/earthworm/lib/dirops_ew.o /home/isti/earthworm/lib/k2evt2ew.o  /home/isti/earthworm/lib/rw_strongmotionII.o  tremor2ew.o  -lm -lposix4
make[3]: Leaving directory `/home/isti/earthworm/src/data_exchange/file2ew'
make[2]: Leaving directory `/home/isti/earthworm/src/data_exchange/file2ew'
------
Making sol_modules in:
/home/isti/earthworm/src/data_exchange/getfileII
make[2]: Entering directory `/home/isti/earthworm/src/data_exchange/getfileII'
cc -g   -c -o getfileII.o getfileII.c
cc -g   -c -o config.o config.c
cc -g   -c -o socket_sol.o socket_sol.c
cc -g   -c -o chdir_sol.o chdir_sol.c
cc -g   -c -o rename_sol.o rename_sol.c
cc -g   -c -o log.o log.c
cc -g   -c -o tzset_sol.o tzset_sol.c
cc -o getfileII getfileII.o config.o socket_sol.o chdir_sol.o rename_sol.o log.o tzset_sol.o -lm -lsocket -lnsl -lposix4 -lc
make[2]: Leaving directory `/home/isti/earthworm/src/data_exchange/getfileII'
------
Making sol_modules in:
/home/isti/earthworm/src/data_exchange/getfile_ew
make[2]: Entering directory `/home/isti/earthworm/src/data_exchange/getfile_ew'
cc -D_SPARC -D_SOLARIS -I/home/isti/earthworm/include -I/home/isti/earthworm/src/oracle/schema/src/include -I/home/isti/earthworm/src/oracle/schema/src/include/internal -I/home/isti/earthworm/src/oracle/apps/src/include -I/opt/oracle/rdbms/demo   -c -o getfile_ew.o getfile_ew.c
cc -D_SPARC -D_SOLARIS -I/home/isti/earthworm/include -I/home/isti/earthworm/src/oracle/schema/src/include -I/home/isti/earthworm/src/oracle/schema/src/include/internal -I/home/isti/earthworm/src/oracle/apps/src/include -I/opt/oracle/rdbms/demo   -c -o getfile_socket.o getfile_socket.c
cc -o /home/isti/earthworm/bin/getfile_ew getfile_ew.o getfile_socket.o \
/home/isti/earthworm/lib/getutil.o /home/isti/earthworm/lib/kom.o /home/isti/earthworm/lib/dirops_ew.o /home/isti/earthworm/lib/transport.o \
/home/isti/earthworm/lib/sleep_ew.o /home/isti/earthworm/lib/logit.o  /home/isti/earthworm/lib/time_ew.o /home/isti/earthworm/lib/threads_ew.o \
/home/isti/earthworm/lib/socket_ew.o /home/isti/earthworm/lib/socket_ew_common.o \
-mt -lm -lsocket -lnsl -lposix4 -lc
make[2]: Leaving directory `/home/isti/earthworm/src/data_exchange/getfile_ew'
------
Making sol_modules in:
/home/isti/earthworm/src/data_exchange/import_generic
make[2]: Entering directory `/home/isti/earthworm/src/data_exchange/import_generic'
make -f makefile.sol import_generic
make[3]: Entering directory `/home/isti/earthworm/src/data_exchange/import_generic'
cc -D_REENTRANT -D_SPARC -D_SOLARIS -I/home/isti/earthworm/include -I/home/isti/earthworm/src/oracle/schema/src/include -I/home/isti/earthworm/src/oracle/schema/src/include/internal -I/home/isti/earthworm/src/oracle/apps/src/include -I/opt/oracle/rdbms/demo   -c -o import_generic.o import_generic.c
cc -o /home/isti/earthworm/bin/import_generic import_generic.o /home/isti/earthworm/lib/kom.o /home/isti/earthworm/lib/getutil.o /home/isti/earthworm/lib/logit_mt.o /home/isti/earthworm/lib/sema_ew.o /home/isti/earthworm/lib/transport.o /home/isti/earthworm/lib/sleep_ew.o /home/isti/earthworm/lib/socket_ew.o /home/isti/earthworm/lib/time_ew.o /home/isti/earthworm/lib/threads_ew.o /home/isti/earthworm/lib/socket_ew_common.o -lnsl -lsocket -mt -lposix4 -lthread
make[3]: Leaving directory `/home/isti/earthworm/src/data_exchange/import_generic'
make -f makefile.sol import_ack
make[3]: Entering directory `/home/isti/earthworm/src/data_exchange/import_generic'
cc -D_REENTRANT -D_SPARC -D_SOLARIS -I/home/isti/earthworm/include -I/home/isti/earthworm/src/oracle/schema/src/include -I/home/isti/earthworm/src/oracle/schema/src/include/internal -I/home/isti/earthworm/src/oracle/apps/src/include -I/opt/oracle/rdbms/demo   -c -o import_ack.o import_ack.c
cc -o /home/isti/earthworm/bin/import_ack import_ack.o /home/isti/earthworm/lib/kom.o /home/isti/earthworm/lib/getutil.o /home/isti/earthworm/lib/logit_mt.o /home/isti/earthworm/lib/sema_ew.o /home/isti/earthworm/lib/transport.o /home/isti/earthworm/lib/sleep_ew.o /home/isti/earthworm/lib/socket_ew.o /home/isti/earthworm/lib/time_ew.o /home/isti/earthworm/lib/threads_ew.o /home/isti/earthworm/lib/socket_ew_common.o -lnsl -lsocket -mt -lposix4 -lthread
make[3]: Leaving directory `/home/isti/earthworm/src/data_exchange/import_generic'
make[2]: Leaving directory `/home/isti/earthworm/src/data_exchange/import_generic'
------
Making sol_modules in:
/home/isti/earthworm/src/data_exchange/import_ida
make[2]: Entering directory `/home/isti/earthworm/src/data_exchange/import_ida'
./make.script
--------------------------------------------
Making idatap library
make[3]: Entering directory `/home/isti/earthworm/src/data_exchange/import_ida/idatap/src'
cc -g -I../include -DSOLARIS   -c -o case.o case.c
ar rv ../libidatap.a case.o
ar: creating ../libidatap.a
ar: writing ../libidatap.a
a - case.o
cc -g -I../include -DSOLARIS   -c -o client.o client.c
ar rv ../libidatap.a client.o
ar: writing ../libidatap.a
a - client.o
cc -g -I../include -DSOLARIS   -c -o common.o common.c
ar rv ../libidatap.a common.o
ar: writing ../libidatap.a
a - common.o
cc -g -I../include -DSOLARIS   -c -o compress.o compress.c
ar rv ../libidatap.a compress.o
ar: writing ../libidatap.a
a - compress.o
cc -g -I../include -DSOLARIS   -c -o convert.o convert.c
ar rv ../libidatap.a convert.o
ar: writing ../libidatap.a
a - convert.o
cc -g -I../include -DSOLARIS   -c -o ezio.o ezio.c
ar rv ../libidatap.a ezio.o
ar: writing ../libidatap.a
a - ezio.o
cc -g -I../include -DSOLARIS   -c -o getline.o getline.c
ar rv ../libidatap.a getline.o
ar: writing ../libidatap.a
a - getline.o
cc -g -I../include -DSOLARIS   -c -o globals.o globals.c
ar rv ../libidatap.a globals.o
ar: writing ../libidatap.a
a - globals.o
cc -g -I../include -DSOLARIS   -c -o lock.o lock.c
ar rv ../libidatap.a lock.o
ar: writing ../libidatap.a
a - lock.o
cc -g -I../include -DSOLARIS   -c -o misc.o misc.c
ar rv ../libidatap.a misc.o
ar: writing ../libidatap.a
a - misc.o
cc -g -I../include -DSOLARIS   -c -o parse.o parse.c
ar rv ../libidatap.a parse.o
ar: writing ../libidatap.a
a - parse.o
cc -g -I../include -DSOLARIS   -c -o rdwr.o rdwr.c
ar rv ../libidatap.a rdwr.o
ar: writing ../libidatap.a
a - rdwr.o
cc -g -I../include -DSOLARIS   -c -o signal.o signal.c
ar rv ../libidatap.a signal.o
ar: writing ../libidatap.a
a - signal.o
cc -g -I../include -DSOLARIS   -c -o string.o string.c
ar rv ../libidatap.a string.o
ar: writing ../libidatap.a
a - string.o
cc -g -I../include -DSOLARIS   -c -o swap.o swap.c
ar rv ../libidatap.a swap.o
ar: writing ../libidatap.a
a - swap.o
cc -g -I../include -DSOLARIS   -c -o syserr.o syserr.c
ar rv ../libidatap.a syserr.o
ar: writing ../libidatap.a
a - syserr.o
cc -g -I../include -DSOLARIS   -c -o timefunc.o timefunc.c
ar rv ../libidatap.a timefunc.o
ar: writing ../libidatap.a
a - timefunc.o
cc -g -I../include -DSOLARIS   -c -o utillog.o utillog.c
ar rv ../libidatap.a utillog.o
ar: writing ../libidatap.a
a - utillog.o
cc -g -I../include -DSOLARIS   -c -o xferlog.o xferlog.c
ar rv ../libidatap.a xferlog.o
ar: writing ../libidatap.a
a - xferlog.o
rm convert.o xferlog.o string.o parse.o client.o misc.o getline.o case.o common.o ezio.o globals.o swap.o utillog.o rdwr.o timefunc.o compress.o signal.o lock.o syserr.o
make[3]: Leaving directory `/home/isti/earthworm/src/data_exchange/import_ida/idatap/src'
--------------------------------------------
Making import_ida
No match
make[3]: Entering directory `/home/isti/earthworm/src/data_exchange/import_ida/import_ida'
cc -I../idatap/include -mt -g -D_SPARC -D_SOLARIS -I/home/isti/earthworm/include -I/home/isti/earthworm/src/oracle/schema/src/include -I/home/isti/earthworm/src/oracle/schema/src/include/internal -I/home/isti/earthworm/src/oracle/apps/src/include -I/opt/oracle/rdbms/demo   -c -o main.o main.c
cc -I../idatap/include -mt -g -D_SPARC -D_SOLARIS -I/home/isti/earthworm/include -I/home/isti/earthworm/src/oracle/schema/src/include -I/home/isti/earthworm/src/oracle/schema/src/include/internal -I/home/isti/earthworm/src/oracle/apps/src/include -I/opt/oracle/rdbms/demo   -c -o client.o client.c
cc -I../idatap/include -mt -g -D_SPARC -D_SOLARIS -I/home/isti/earthworm/include -I/home/isti/earthworm/src/oracle/schema/src/include -I/home/isti/earthworm/src/oracle/schema/src/include/internal -I/home/isti/earthworm/src/oracle/apps/src/include -I/opt/oracle/rdbms/demo   -c -o forward.o forward.c
cc -I../idatap/include -mt -g -D_SPARC -D_SOLARIS -I/home/isti/earthworm/include -I/home/isti/earthworm/src/oracle/schema/src/include -I/home/isti/earthworm/src/oracle/schema/src/include/internal -I/home/isti/earthworm/src/oracle/apps/src/include -I/opt/oracle/rdbms/demo   -c -o hbeat.o hbeat.c
cc -I../idatap/include -mt -g -D_SPARC -D_SOLARIS -I/home/isti/earthworm/include -I/home/isti/earthworm/src/oracle/schema/src/include -I/home/isti/earthworm/src/oracle/schema/src/include/internal -I/home/isti/earthworm/src/oracle/apps/src/include -I/opt/oracle/rdbms/demo   -c -o init.o init.c
cc -I../idatap/include -mt -g -D_SPARC -D_SOLARIS -I/home/isti/earthworm/include -I/home/isti/earthworm/src/oracle/schema/src/include -I/home/isti/earthworm/src/oracle/schema/src/include/internal -I/home/isti/earthworm/src/oracle/apps/src/include -I/opt/oracle/rdbms/demo   -c -o params.o params.c
cc -I../idatap/include -mt -g -D_SPARC -D_SOLARIS -I/home/isti/earthworm/include -I/home/isti/earthworm/src/oracle/schema/src/include -I/home/isti/earthworm/src/oracle/schema/src/include/internal -I/home/isti/earthworm/src/oracle/apps/src/include -I/opt/oracle/rdbms/demo   -c -o reformat.o reformat.c
cc -I../idatap/include -mt -g -D_SPARC -D_SOLARIS -I/home/isti/earthworm/include -I/home/isti/earthworm/src/oracle/schema/src/include -I/home/isti/earthworm/src/oracle/schema/src/include/internal -I/home/isti/earthworm/src/oracle/apps/src/include -I/opt/oracle/rdbms/demo   -c -o signals.o signals.c
cc -o /home/isti/earthworm/bin/import_ida main.o client.o forward.o hbeat.o init.o params.o reformat.o signals.o /home/isti/earthworm/lib/transport.o /home/isti/earthworm/lib/getutil.o /home/isti/earthworm/lib/kom.o /home/isti/earthworm/lib/sleep_ew.o /home/isti/earthworm/lib/logit_mt.o /home/isti/earthworm/lib/time_ew.o /home/isti/earthworm/lib/sema_ew.o /home/isti/earthworm/lib/threads_ew.o -lm -lposix4 -L../idatap -lidatap -lsocket -lnsl -mt
make[3]: Leaving directory `/home/isti/earthworm/src/data_exchange/import_ida/import_ida'
Finished making import_ida!
make[2]: Leaving directory `/home/isti/earthworm/src/data_exchange/import_ida'
------
Making sol_modules in:
/home/isti/earthworm/src/data_exchange/import_pasv
make[2]: Entering directory `/home/isti/earthworm/src/data_exchange/import_pasv'
cc -D_REENTRANT -D_SPARC -D_SOLARIS -I/home/isti/earthworm/include -I/home/isti/earthworm/src/oracle/schema/src/include -I/home/isti/earthworm/src/oracle/schema/src/include/internal -I/home/isti/earthworm/src/oracle/apps/src/include -I/opt/oracle/rdbms/demo   -c -o import_gen_pasv.o import_gen_pasv.c
cc -o /home/isti/earthworm/bin/import_gen_pasv import_gen_pasv.o /home/isti/earthworm/lib/kom.o /home/isti/earthworm/lib/getutil.o /home/isti/earthworm/lib/logit_mt.o /home/isti/earthworm/lib/sema_ew.o /home/isti/earthworm/lib/transport.o /home/isti/earthworm/lib/sleep_ew.o /home/isti/earthworm/lib/socket_ew.o /home/isti/earthworm/lib/time_ew.o /home/isti/earthworm/lib/threads_ew.o /home/isti/earthworm/lib/socket_ew_common.o -lnsl -lsocket -mt -lposix4 -lthread
make[2]: Leaving directory `/home/isti/earthworm/src/data_exchange/import_pasv'
------
Making sol_modules in:
/home/isti/earthworm/src/data_exchange/liss
make[2]: Entering directory `/home/isti/earthworm/src/data_exchange/liss'
cc -D_SPARC -D_SOLARIS -I/home/isti/earthworm/include -I/home/isti/earthworm/src/oracle/schema/src/include -I/home/isti/earthworm/src/oracle/schema/src/include/internal -I/home/isti/earthworm/src/oracle/apps/src/include -I/opt/oracle/rdbms/demo -IDCC_SEED/include -IDCC_SEED/include/seed  -c  -o liss2ew.o liss2ew.c
cd DCC_SEED; make -f makefile.sol dcc_seed
make[3]: Entering directory `/home/isti/earthworm/src/data_exchange/liss/DCC_SEED'
cd dcc_seed; make -f makefile.sol all
make[4]: Entering directory `/home/isti/earthworm/src/data_exchange/liss/DCC_SEED/dcc_seed'
cc -I../include     -c -o diemsg.o diemsg.c
cc -I../include     -c -o seed_blockettes.o seed_blockettes.c
cc -I../include     -c -o seed_comments.o seed_comments.c
cc -I../include     -c -o seed_comp.o seed_comp.c
"seed_comp.c", line 75: warning: argument #1 is incompatible with prototype:
	prototype: pointer to char : "/usr/include/iso/string_iso.h", line 66
	argument : pointer to unsigned char
"seed_comp.c", line 75: warning: argument #2 is incompatible with prototype:
	prototype: pointer to const char : "/usr/include/iso/string_iso.h", line 66
	argument : pointer to unsigned char
"seed_comp.c", line 76: warning: argument #1 is incompatible with prototype:
	prototype: pointer to char : "/usr/include/iso/string_iso.h", line 66
	argument : pointer to unsigned char
"seed_comp.c", line 76: warning: argument #2 is incompatible with prototype:
	prototype: pointer to const char : "/usr/include/iso/string_iso.h", line 66
	argument : pointer to unsigned char
"seed_comp.c", line 77: warning: argument #1 is incompatible with prototype:
	prototype: pointer to char : "/usr/include/iso/string_iso.h", line 66
	argument : pointer to unsigned char
"seed_comp.c", line 77: warning: argument #2 is incompatible with prototype:
	prototype: pointer to const char : "/usr/include/iso/string_iso.h", line 66
	argument : pointer to unsigned char
"seed_comp.c", line 78: warning: argument #1 is incompatible with prototype:
	prototype: pointer to char : "/usr/include/iso/string_iso.h", line 66
	argument : pointer to unsigned char
"seed_comp.c", line 78: warning: argument #2 is incompatible with prototype:
	prototype: pointer to const char : "/usr/include/iso/string_iso.h", line 66
	argument : pointer to unsigned char
cc -I../include     -c -o seed_data.o seed_data.c
"seed_data.c", line 289: warning: argument #1 is incompatible with prototype:
	prototype: pointer to const char : "/usr/include/iso/stdlib_iso.h", line 95
	argument : pointer to unsigned char
cc -I../include     -c -o seed_data_dec.o seed_data_dec.c
cc -I../include     -c -o seed_dec_16.o seed_dec_16.c
cc -I../include     -c -o seed_dec_32.o seed_dec_32.c
cc -I../include     -c -o seed_dec_ascii.o seed_dec_ascii.c
cc -I../include     -c -o seed_dec_cdsn.o seed_dec_cdsn.c
cc -I../include     -c -o seed_dec_seed.o seed_dec_seed.c
cc -I../include     -c -o seed_dec_sro.o seed_dec_sro.c
cc -I../include     -c -o seed_dicts.o seed_dicts.c
cc -I../include     -c -o seed_membase.o seed_membase.c
cc -I../include     -c -o seed_misc.o seed_misc.c
cc -I../include     -c -o seed_responses.o seed_responses.c
cc -I../include     -c -o seed_statchan.o seed_statchan.c
cc -I../include     -c -o seed_write.o seed_write.c
cc -I../include     -c -o sel_mem.o sel_mem.c
"sel_mem.c", line 327: warning: argument #1 is incompatible with prototype:
	prototype: pointer to unsigned char : "../include/dcc_time_proto.h", line 162
	argument : pointer to char
"sel_mem.c", line 328: warning: argument #1 is incompatible with prototype:
	prototype: pointer to unsigned char : "../include/dcc_time_proto.h", line 162
	argument : pointer to char
ar rv ../lib/libdcc_seed.a diemsg.o seed_blockettes.o seed_comments.o seed_comp.o seed_data.o seed_data_dec.o seed_dec_16.o seed_dec_32.o seed_dec_ascii.o seed_dec_cdsn.o seed_dec_seed.o seed_dec_sro.o seed_dicts.o seed_membase.o seed_misc.o seed_responses.o seed_statchan.o seed_write.o sel_mem.o
ar: creating ../lib/libdcc_seed.a
ar: writing ../lib/libdcc_seed.a
a - diemsg.o
a - seed_blockettes.o
a - seed_comments.o
a - seed_comp.o
a - seed_data.o
a - seed_data_dec.o
a - seed_dec_16.o
a - seed_dec_32.o
a - seed_dec_ascii.o
a - seed_dec_cdsn.o
a - seed_dec_seed.o
a - seed_dec_sro.o
a - seed_dicts.o
a - seed_membase.o
a - seed_misc.o
a - seed_responses.o
a - seed_statchan.o
a - seed_write.o
a - sel_mem.o
ranlib ../lib/libdcc_seed.a
make[4]: Leaving directory `/home/isti/earthworm/src/data_exchange/liss/DCC_SEED/dcc_seed'
make[3]: Leaving directory `/home/isti/earthworm/src/data_exchange/liss/DCC_SEED'
cd DCC_SEED; make -f makefile.sol steim123
make[3]: Entering directory `/home/isti/earthworm/src/data_exchange/liss/DCC_SEED'
cd steim123; make -f makefile.sol all
make[4]: Entering directory `/home/isti/earthworm/src/data_exchange/liss/DCC_SEED/steim123'
cc -c -I../include   -I../include steimlib.c
cc -c -I../include   -I../include steim_decode.c
ar rv ../lib/libsteim123.a steimlib.o steim_decode.o
ar: creating ../lib/libsteim123.a
ar: writing ../lib/libsteim123.a
a - steimlib.o
a - steim_decode.o
ranlib ../lib/libsteim123.a
make[4]: Leaving directory `/home/isti/earthworm/src/data_exchange/liss/DCC_SEED/steim123'
make[3]: Leaving directory `/home/isti/earthworm/src/data_exchange/liss/DCC_SEED'
cd DCC_SEED; make -f makefile.sol dcc_time
make[3]: Entering directory `/home/isti/earthworm/src/data_exchange/liss/DCC_SEED'
cd dcc_time; make -f makefile.sol all
make[4]: Entering directory `/home/isti/earthworm/src/data_exchange/liss/DCC_SEED/dcc_time'
cc -I../include     -c -o st_addtodelta.o st_addtodelta.c
cc -I../include     -c -o st_addtotime.o st_addtotime.c
cc -I../include     -c -o st_cleandate.o st_cleandate.c
cc -I../include     -c -o st_deltacomp.o st_deltacomp.c
cc -I../include     -c -o st_deltaprint.o st_deltaprint.c
"st_deltaprint.c", line 45: warning: argument #1 is incompatible with prototype:
	prototype: pointer to char : "/usr/include/iso/stdio_iso.h", line 183
	argument : pointer to unsigned char
"st_deltaprint.c", line 46: warning: argument #1 is incompatible with prototype:
	prototype: pointer to char : "/usr/include/iso/stdio_iso.h", line 183
	argument : pointer to unsigned char
"st_deltaprint.c", line 47: warning: argument #1 is incompatible with prototype:
	prototype: pointer to char : "/usr/include/iso/stdio_iso.h", line 183
	argument : pointer to unsigned char
"st_deltaprint.c", line 48: warning: argument #1 is incompatible with prototype:
	prototype: pointer to char : "/usr/include/iso/stdio_iso.h", line 183
	argument : pointer to unsigned char
"st_deltaprint.c", line 63: warning: argument #1 is incompatible with prototype:
	prototype: pointer to char : "/usr/include/iso/stdio_iso.h", line 183
	argument : pointer to unsigned char
"st_deltaprint.c", line 70: warning: argument #1 is incompatible with prototype:
	prototype: pointer to char : "/usr/include/iso/stdio_iso.h", line 183
	argument : pointer to unsigned char
"st_deltaprint.c", line 76: warning: argument #1 is incompatible with prototype:
	prototype: pointer to char : "/usr/include/iso/stdio_iso.h", line 183
	argument : pointer to unsigned char
"st_deltaprint.c", line 81: warning: argument #1 is incompatible with prototype:
	prototype: pointer to char : "/usr/include/iso/stdio_iso.h", line 183
	argument : pointer to unsigned char
cc -I../include     -c -o st_deltatoms.o st_deltatoms.c
cc -I../include     -c -o st_difftimes.o st_difftimes.c
cc -I../include     -c -o st_flttotime.o st_flttotime.c
cc -I../include     -c -o st_formdelta.o st_formdelta.c
cc -I../include     -c -o st_formatdate.o st_formatdate.c
cc -I../include     -c -o st_getcurrent.o st_getcurrent.c
cc -I../include     -c -o st_getlocal.o st_getlocal.c
cc -I../include     -c -o st_getjulian.o st_getjulian.c
cc -I../include     -c -o st_julian.o st_julian.c
cc -I../include     -c -o st_minusdelta.o st_minusdelta.c
cc -I../include     -c -o st_parsetime.o st_parsetime.c
"st_parsetime.c", line 91: warning: argument #1 is incompatible with prototype:
	prototype: pointer to const char : "/usr/include/iso/string_iso.h", line 70
	argument : pointer to unsigned char
"st_parsetime.c", line 100: warning: argument #1 is incompatible with prototype:
	prototype: pointer to const char : "/usr/include/iso/string_iso.h", line 70
	argument : pointer to unsigned char
cc -I../include     -c -o st_printcal.o st_printcal.c
cc -I../include     -c -o st_printdate.o st_printdate.c
"st_printdate.c", line 37: warning: argument #1 is incompatible with prototype:
	prototype: pointer to char : "/usr/include/iso/stdio_iso.h", line 183
	argument : pointer to unsigned char
"st_printdate.c", line 44: warning: argument #1 is incompatible with prototype:
	prototype: pointer to char : "/usr/include/iso/stdio_iso.h", line 183
	argument : pointer to unsigned char
"st_printdate.c", line 45: warning: argument #1 is incompatible with prototype:
	prototype: pointer to char : "/usr/include/iso/stdio_iso.h", line 183
	argument : pointer to unsigned char
"st_printdate.c", line 46: warning: argument #1 is incompatible with prototype:
	prototype: pointer to char : "/usr/include/iso/stdio_iso.h", line 183
	argument : pointer to unsigned char
"st_printdate.c", line 54: warning: argument #1 is incompatible with prototype:
	prototype: pointer to char : "/usr/include/iso/stdio_iso.h", line 183
	argument : pointer to unsigned char
cc -I../include     -c -o st_printdec.o st_printdec.c
"st_printdec.c", line 25: warning: initialization type mismatch
"st_printdec.c", line 26: warning: initialization type mismatch
"st_printdec.c", line 27: warning: initialization type mismatch
"st_printdec.c", line 28: warning: initialization type mismatch
"st_printdec.c", line 29: warning: initialization type mismatch
"st_printdec.c", line 30: warning: initialization type mismatch
"st_printdec.c", line 31: warning: initialization type mismatch
"st_printdec.c", line 32: warning: initialization type mismatch
"st_printdec.c", line 33: warning: initialization type mismatch
"st_printdec.c", line 34: warning: initialization type mismatch
"st_printdec.c", line 35: warning: initialization type mismatch
"st_printdec.c", line 36: warning: initialization type mismatch
"st_printdec.c", line 51: warning: argument #1 is incompatible with prototype:
	prototype: pointer to char : "/usr/include/iso/stdio_iso.h", line 183
	argument : pointer to unsigned char
"st_printdec.c", line 53: warning: argument #1 is incompatible with prototype:
	prototype: pointer to char : "/usr/include/iso/stdio_iso.h", line 183
	argument : pointer to unsigned char
cc -I../include     -c -o st_setupdate.o st_setupdate.c
cc -I../include     -c -o st_spanprint.o st_spanprint.c
"st_spanprint.c", line 48: warning: argument #1 is incompatible with prototype:
	prototype: pointer to char : "/usr/include/iso/stdio_iso.h", line 183
	argument : pointer to unsigned char
"st_spanprint.c", line 53: warning: argument #1 is incompatible with prototype:
	prototype: pointer to char : "/usr/include/iso/stdio_iso.h", line 183
	argument : pointer to unsigned char
"st_spanprint.c", line 54: warning: argument #1 is incompatible with prototype:
	prototype: pointer to char : "/usr/include/iso/stdio_iso.h", line 183
	argument : pointer to unsigned char
"st_spanprint.c", line 55: warning: argument #1 is incompatible with prototype:
	prototype: pointer to char : "/usr/include/iso/stdio_iso.h", line 183
	argument : pointer to unsigned char
"st_spanprint.c", line 63: warning: argument #1 is incompatible with prototype:
	prototype: pointer to char : "/usr/include/iso/stdio_iso.h", line 183
	argument : pointer to unsigned char
"st_spanprint.c", line 69: warning: argument #1 is incompatible with prototype:
	prototype: pointer to char : "/usr/include/iso/stdio_iso.h", line 183
	argument : pointer to unsigned char
"st_spanprint.c", line 70: warning: argument #1 is incompatible with prototype:
	prototype: pointer to char : "/usr/include/iso/stdio_iso.h", line 183
	argument : pointer to unsigned char
"st_spanprint.c", line 72: warning: argument #1 is incompatible with prototype:
	prototype: pointer to char : "/usr/include/iso/stdio_iso.h", line 183
	argument : pointer to unsigned char
"st_spanprint.c", line 78: warning: argument #1 is incompatible with prototype:
	prototype: pointer to char : "/usr/include/iso/stdio_iso.h", line 183
	argument : pointer to unsigned char
"st_spanprint.c", line 79: warning: argument #1 is incompatible with prototype:
	prototype: pointer to char : "/usr/include/iso/stdio_iso.h", line 183
	argument : pointer to unsigned char
"st_spanprint.c", line 80: warning: argument #1 is incompatible with prototype:
	prototype: pointer to char : "/usr/include/iso/stdio_iso.h", line 183
	argument : pointer to unsigned char
"st_spanprint.c", line 89: warning: argument #1 is incompatible with prototype:
	prototype: pointer to char : "/usr/include/iso/stdio_iso.h", line 183
	argument : pointer to unsigned char
cc -I../include     -c -o st_timecomp.o st_timecomp.c
cc -I../include     -c -o st_timeminusd.o st_timeminusd.c
cc -I../include     -c -o st_timenorm.o st_timenorm.c
cc -I../include     -c -o st_timepar.o st_timepar.c
cc -I../include     -c -o st_timeplusd.o st_timeplusd.c
cc -I../include     -c -o st_timespan.o st_timespan.c
cc -I../include     -c -o st_timetoflt.o st_timetoflt.c
cc -I../include     -c -o st_limits.o st_limits.c
cc -I../include     -c -o st_oracle.o st_oracle.c
cc -I../include     -c -o st_minmax.o st_minmax.c
cc -I../include     -c -o st_unixtimes.o st_unixtimes.c
ar rv ../lib/libdcc_time.a st_addtodelta.o st_addtotime.o st_cleandate.o st_deltacomp.o st_deltaprint.o st_deltatoms.o st_difftimes.o st_flttotime.o st_formdelta.o st_formatdate.o st_getcurrent.o st_getlocal.o st_getjulian.o st_julian.o st_minusdelta.o st_parsetime.o st_printcal.o st_printdate.o st_printdec.o st_setupdate.o st_spanprint.o st_timecomp.o st_timeminusd.o st_timenorm.o st_timepar.o st_timeplusd.o st_timespan.o st_timetoflt.o st_limits.o st_oracle.o st_minmax.o st_unixtimes.o
ar: creating ../lib/libdcc_time.a
ar: writing ../lib/libdcc_time.a
a - st_addtodelta.o
a - st_addtotime.o
a - st_cleandate.o
a - st_deltacomp.o
a - st_deltaprint.o
a - st_deltatoms.o
a - st_difftimes.o
a - st_flttotime.o
a - st_formdelta.o
a - st_formatdate.o
a - st_getcurrent.o
a - st_getlocal.o
a - st_getjulian.o
a - st_julian.o
a - st_minusdelta.o
a - st_parsetime.o
a - st_printcal.o
a - st_printdate.o
a - st_printdec.o
a - st_setupdate.o
a - st_spanprint.o
a - st_timecomp.o
a - st_timeminusd.o
a - st_timenorm.o
a - st_timepar.o
a - st_timeplusd.o
a - st_timespan.o
a - st_timetoflt.o
a - st_limits.o
a - st_oracle.o
a - st_minmax.o
a - st_unixtimes.o
ranlib ../lib/libdcc_time.a
make[4]: Leaving directory `/home/isti/earthworm/src/data_exchange/liss/DCC_SEED/dcc_time'
make[3]: Leaving directory `/home/isti/earthworm/src/data_exchange/liss/DCC_SEED'
cd DCC_SEED; make -f makefile.sol dcc_misc
make[3]: Entering directory `/home/isti/earthworm/src/data_exchange/liss/DCC_SEED'
cd dcc_misc; make -f makefile.sol all
make[4]: Entering directory `/home/isti/earthworm/src/data_exchange/liss/DCC_SEED/dcc_misc'
cc -I../include    -c -o ctx_file.o ctx_file.c
cc -I../include    -c -o getmyname.o getmyname.c
cc -I../include    -c -o envfile.o envfile.c
cc -I../include    -c -o fixopen.o fixopen.c
cc -I../include    -c -o strfuns.o strfuns.c
cc -I../include    -c -o dataswaps.o dataswaps.c
cc -I../include    -c -o wildmatch.o wildmatch.c
cc -I../include    -c -o calctime.o calctime.c
cc -I../include    -c -o log.o log.c
"log.c", line 32: warning: argument #2 is incompatible with prototype:
	prototype: pointer to const char : "/usr/include/iso/stdio_iso.h", line 175
	argument : pointer to unsigned char
"log.c", line 40: warning: argument #2 is incompatible with prototype:
	prototype: pointer to const char : "/usr/include/iso/stdio_iso.h", line 175
	argument : pointer to unsigned char
"log.c", line 41: warning: argument #2 is incompatible with prototype:
	prototype: pointer to const char : "/usr/include/iso/stdio_iso.h", line 175
	argument : pointer to unsigned char
"log.c", line 54: warning: argument #2 is incompatible with prototype:
	prototype: pointer to char : "../include/dcc_misc.h", line 22
	argument : pointer to unsigned char
cc -I../include    -c -o dcc_env.o dcc_env.c
cc -I../include    -c -o chansubs.o chansubs.c
"chansubs.c", line 294: warning: argument #2 is incompatible with prototype:
	prototype: pointer to char : "chansubs.c", line 161
	argument : pointer to unsigned char
"chansubs.c", line 295: warning: argument #2 is incompatible with prototype:
	prototype: pointer to char : "chansubs.c", line 161
	argument : pointer to unsigned char
"chansubs.c", line 297: warning: argument #1 is incompatible with prototype:
	prototype: pointer to const char : "/usr/include/iso/string_iso.h", line 65
	argument : pointer to unsigned char
"chansubs.c", line 297: warning: argument #2 is incompatible with prototype:
	prototype: pointer to const char : "/usr/include/iso/string_iso.h", line 65
	argument : pointer to unsigned char
cc -I../include    -c -o readline.o readline.c
cc -I../include    -c -o bombopen.o bombopen.c
cc -I../include    -c -o bombout.o bombout.c
cc -I../include    -c -o safemem.o safemem.c
cc -I../include    -c -o itemlist.o itemlist.c
cc -I../include    -c -o watchdog.o watchdog.c
cc -I../include    -c -o compat_strerror.o compat_strerror.c
ar rv ../lib/libdcc_misc.a ctx_file.o getmyname.o envfile.o fixopen.o strfuns.o dataswaps.o wildmatch.o calctime.o log.o dcc_env.o chansubs.o readline.o bombopen.o bombout.o safemem.o itemlist.o watchdog.o compat_strerror.o 
ar: creating ../lib/libdcc_misc.a
ar: writing ../lib/libdcc_misc.a
a - ctx_file.o
a - getmyname.o
a - envfile.o
a - fixopen.o
a - strfuns.o
a - dataswaps.o
a - wildmatch.o
a - calctime.o
a - log.o
a - dcc_env.o
a - chansubs.o
a - readline.o
a - bombopen.o
a - bombout.o
a - safemem.o
a - itemlist.o
a - watchdog.o
a - compat_strerror.o
ranlib ../lib/libdcc_misc.a
make[4]: Leaving directory `/home/isti/earthworm/src/data_exchange/liss/DCC_SEED/dcc_misc'
make[3]: Leaving directory `/home/isti/earthworm/src/data_exchange/liss/DCC_SEED'
cc -o liss2ew liss2ew.o /home/isti/earthworm/lib/kom.o /home/isti/earthworm/lib/getutil.o /home/isti/earthworm/lib/logit_mt.o /home/isti/earthworm/lib/socket_ew_common.o /home/isti/earthworm/lib/transport.o /home/isti/earthworm/lib/sleep_ew.o /home/isti/earthworm/lib/socket_ew.o /home/isti/earthworm/lib/time_ew.o /home/isti/earthworm/lib/threads_ew.o /home/isti/earthworm/lib/sema_ew.o /home/isti/earthworm/lib/swap.o /home/isti/earthworm/lib/mem_circ_queue.o -LDCC_SEED/lib -ldcc_seed -lsteim123 -ldcc_time -ldcc_misc -lnsl -lsocket -lposix4 -lm -lthread
cc -D_SPARC -D_SOLARIS -I/home/isti/earthworm/include -I/home/isti/earthworm/src/oracle/schema/src/include -I/home/isti/earthworm/src/oracle/schema/src/include/internal -I/home/isti/earthworm/src/oracle/apps/src/include -I/opt/oracle/rdbms/demo -IDCC_SEED/include -IDCC_SEED/include/seed  -c  -o ew2liss.o ew2liss.c
cc -D_SPARC -D_SOLARIS -I/home/isti/earthworm/include -I/home/isti/earthworm/src/oracle/schema/src/include -I/home/isti/earthworm/src/oracle/schema/src/include/internal -I/home/isti/earthworm/src/oracle/apps/src/include -I/opt/oracle/rdbms/demo -IDCC_SEED/include -IDCC_SEED/include/seed  -c  -o e2l_procthrd.o e2l_procthrd.c
"e2l_procthrd.c", line 26: warning: invalid white space character in directive
"e2l_procthrd.c", line 516: warning: assignment type mismatch:
	pointer to long "=" pointer to signed int
cc -D_SPARC -D_SOLARIS -I/home/isti/earthworm/include -I/home/isti/earthworm/src/oracle/schema/src/include -I/home/isti/earthworm/src/oracle/schema/src/include/internal -I/home/isti/earthworm/src/oracle/apps/src/include -I/opt/oracle/rdbms/demo -IDCC_SEED/include -IDCC_SEED/include/seed  -c  -o e2l_server.o e2l_server.c
cc -mt -o ew2liss ew2liss.o e2l_procthrd.o e2l_server.o /home/isti/earthworm/lib/kom.o /home/isti/earthworm/lib/getutil.o /home/isti/earthworm/lib/logit_mt.o /home/isti/earthworm/lib/socket_ew_common.o /home/isti/earthworm/lib/transport.o /home/isti/earthworm/lib/sleep_ew.o /home/isti/earthworm/lib/socket_ew.o /home/isti/earthworm/lib/time_ew.o /home/isti/earthworm/lib/threads_ew.o /home/isti/earthworm/lib/sema_ew.o /home/isti/earthworm/lib/swap.o /home/isti/earthworm/lib/mem_circ_queue.o -LDCC_SEED/lib -ldcc_seed -lsteim123 -ldcc_time -ldcc_misc -lnsl -lsocket -lposix4 -lm -lthread
cc -D_SPARC -D_SOLARIS -I/home/isti/earthworm/include -I/home/isti/earthworm/src/oracle/schema/src/include -I/home/isti/earthworm/src/oracle/schema/src/include/internal -I/home/isti/earthworm/src/oracle/apps/src/include -I/opt/oracle/rdbms/demo -IDCC_SEED/include -IDCC_SEED/include/seed  -c  -o dumpseed.o dumpseed.c
"dumpseed.c", line 264: warning: argument #1 is incompatible with prototype:
	prototype: pointer to char : "DCC_SEED/include/dcc_misc_proto.h", line 200
	argument : pointer to unsigned char
"dumpseed.c", line 267: warning: argument #2 is incompatible with prototype:
	prototype: pointer to char : "DCC_SEED/include/dcc_misc_proto.h", line 260
	argument : pointer to unsigned char
"dumpseed.c", line 306: warning: argument #1 is incompatible with prototype:
	prototype: pointer to char : "DCC_SEED/include/dcc_misc_proto.h", line 200
	argument : pointer to unsigned char
"dumpseed.c", line 312: warning: argument #1 is incompatible with prototype:
	prototype: pointer to char : "DCC_SEED/include/dcc_misc_proto.h", line 200
	argument : pointer to unsigned char
"dumpseed.c", line 318: warning: argument #1 is incompatible with prototype:
	prototype: pointer to char : "DCC_SEED/include/dcc_misc_proto.h", line 200
	argument : pointer to unsigned char
"dumpseed.c", line 324: warning: argument #1 is incompatible with prototype:
	prototype: pointer to char : "DCC_SEED/include/dcc_misc_proto.h", line 200
	argument : pointer to unsigned char
"dumpseed.c", line 327: warning: argument #2 is incompatible with prototype:
	prototype: pointer to const char : "/usr/include/iso/string_iso.h", line 66
	argument : pointer to unsigned char
"dumpseed.c", line 427: warning: argument #1 is incompatible with prototype:
	prototype: pointer to char : "DCC_SEED/include/dcc_misc_proto.h", line 200
	argument : pointer to unsigned char
"dumpseed.c", line 433: warning: argument #1 is incompatible with prototype:
	prototype: pointer to char : "DCC_SEED/include/dcc_misc_proto.h", line 200
	argument : pointer to unsigned char
"dumpseed.c", line 439: warning: argument #1 is incompatible with prototype:
	prototype: pointer to char : "DCC_SEED/include/dcc_misc_proto.h", line 200
	argument : pointer to unsigned char
"dumpseed.c", line 445: warning: argument #1 is incompatible with prototype:
	prototype: pointer to char : "DCC_SEED/include/dcc_misc_proto.h", line 200
	argument : pointer to unsigned char
"dumpseed.c", line 448: warning: argument #2 is incompatible with prototype:
	prototype: pointer to const char : "/usr/include/iso/string_iso.h", line 66
	argument : pointer to unsigned char
cc -D_SPARC -D_SOLARIS -I/home/isti/earthworm/include -I/home/isti/earthworm/src/oracle/schema/src/include -I/home/isti/earthworm/src/oracle/schema/src/include/internal -I/home/isti/earthworm/src/oracle/apps/src/include -I/opt/oracle/rdbms/demo -IDCC_SEED/include -IDCC_SEED/include/seed  -c  -o readseedport.o readseedport.c
cc -o dumpseed dumpseed.o readseedport.o -LDCC_SEED/lib -ldcc_seed -lsteim123 -ldcc_time -ldcc_misc -lnsl -lsocket -lposix4 -lm -lthread
cp liss2ew ew2liss dumpseed /home/isti/earthworm/bin/
make[2]: Leaving directory `/home/isti/earthworm/src/data_exchange/liss'
------
Making sol_modules in:
/home/isti/earthworm/src/data_exchange/makehbfile
make[2]: Entering directory `/home/isti/earthworm/src/data_exchange/makehbfile'
cc -g   -c -o makehbfile.o makehbfile.c
cc -g   -c -o config.o config.c
cc -g   -c -o chdir_sol.o chdir_sol.c
cc -g   -c -o mkdir_sol.o mkdir_sol.c
cc -g   -c -o rename_sol.o rename_sol.c
cc -o makehbfile makehbfile.o config.o chdir_sol.o mkdir_sol.o rename_sol.o -lm -lsocket -lnsl -lposix4 -lc
make[2]: Leaving directory `/home/isti/earthworm/src/data_exchange/makehbfile'
------
Making sol_modules in:
/home/isti/earthworm/src/data_exchange/pickwasher
make[2]: Entering directory `/home/isti/earthworm/src/data_exchange/pickwasher'
cc -D_SPARC -D_SOLARIS -I/home/isti/earthworm/include -I/home/isti/earthworm/src/oracle/schema/src/include -I/home/isti/earthworm/src/oracle/schema/src/include/internal -I/home/isti/earthworm/src/oracle/apps/src/include -I/opt/oracle/rdbms/demo  -c pickwasher.c
echo "making the main app"
making the main app
echo "have pickwasher.o "
have pickwasher.o 
cc pickwasher.o  /home/isti/earthworm/lib/mem_circ_queue.o /home/isti/earthworm/lib/kom.o /home/isti/earthworm/lib/logit.o /home/isti/earthworm/lib/transport.o /home/isti/earthworm/lib/sleep_ew.o /home/isti/earthworm/lib/sema_ew.o /home/isti/earthworm/lib/getutil.o /home/isti/earthworm/lib/global_pick_rw.o /home/isti/earthworm/lib/threads_ew.o /home/isti/earthworm/lib/chron3.o /home/isti/earthworm/lib/time_ew.o /home/isti/earthworm/lib/global_msg.o -lm -lrt -o pickwasher
echo cp pickwasher /home/isti/earthworm/bin
cp pickwasher /home/isti/earthworm/bin
mv pickwasher /home/isti/earthworm/bin
make[2]: Leaving directory `/home/isti/earthworm/src/data_exchange/pickwasher'
------
Making sol_modules in:
/home/isti/earthworm/src/data_exchange/rcv
make[2]: Entering directory `/home/isti/earthworm/src/data_exchange/rcv'
./make.script
--------------------------------------------
Making STEIM123
/home/isti/earthworm/src/data_exchange/rcv
No match
make[3]: Entering directory `/home/isti/earthworm/src/data_exchange/rcv/STEIM123'
cc -c -g -dalign  -I. steim123.c
cc -c -g -dalign  -I. steimlib.c
cc -c -g -dalign  -I. sprofile.c
cc -g  -o steim123 \
	steim123.o steimlib.o sprofile.o 
ild: (Performing full relink) internal free space in output file exhausted (sections)
make[3]: Leaving directory `/home/isti/earthworm/src/data_exchange/rcv/STEIM123'
--------------------------------------------
Making rcv & station
mv: cannot access makefile
No match
make[3]: Entering directory `/home/isti/earthworm/src/data_exchange/rcv/sunrcv'
make -f makefile.sol rcv
make[4]: Entering directory `/home/isti/earthworm/src/data_exchange/rcv/sunrcv'
cc -c -DSOLARIS -D_REENTRANT -D_SPARC -D_SOLARIS -I/home/isti/earthworm/include -I/home/isti/earthworm/src/oracle/schema/src/include -I/home/isti/earthworm/src/oracle/schema/src/include/internal -I/home/isti/earthworm/src/oracle/apps/src/include -I/opt/oracle/rdbms/demo -I../STEIM123 -I../cmpnsn   rcv.c
cc -c -DSOLARIS -D_REENTRANT -D_SPARC -D_SOLARIS -I/home/isti/earthworm/include -I/home/isti/earthworm/src/oracle/schema/src/include -I/home/isti/earthworm/src/oracle/schema/src/include/internal -I/home/isti/earthworm/src/oracle/apps/src/include -I/opt/oracle/rdbms/demo -I../STEIM123 -I../cmpnsn   nsnrcvtt.c
cc -c -DSOLARIS -D_REENTRANT -D_SPARC -D_SOLARIS -I/home/isti/earthworm/include -I/home/isti/earthworm/src/oracle/schema/src/include -I/home/isti/earthworm/src/oracle/schema/src/include/internal -I/home/isti/earthworm/src/oracle/apps/src/include -I/opt/oracle/rdbms/demo -I../STEIM123 -I../cmpnsn  rcvqsub.c
cc -c -DSOLARIS -D_REENTRANT -D_SPARC -D_SOLARIS -I/home/isti/earthworm/include -I/home/isti/earthworm/src/oracle/schema/src/include -I/home/isti/earthworm/src/oracle/schema/src/include/internal -I/home/isti/earthworm/src/oracle/apps/src/include -I/opt/oracle/rdbms/demo  rcvcmd.c
cc -c -DSOLARIS -D_REENTRANT -D_SPARC -D_SOLARIS -I/home/isti/earthworm/include -I/home/isti/earthworm/src/oracle/schema/src/include -I/home/isti/earthworm/src/oracle/schema/src/include/internal -I/home/isti/earthworm/src/oracle/apps/src/include -I/opt/oracle/rdbms/demo -I../STEIM123 -I../cmpnsn  rcvtcp.c
cc -c -DSOLARIS -D_REENTRANT -D_SPARC -D_SOLARIS -I/home/isti/earthworm/include -I/home/isti/earthworm/src/oracle/schema/src/include -I/home/isti/earthworm/src/oracle/schema/src/include/internal -I/home/isti/earthworm/src/oracle/apps/src/include -I/opt/oracle/rdbms/demo -I../STEIM123 -I../cmpnsn  ../user_proc_ew.c
cc -c -DSOLARIS -D_REENTRANT -D_SPARC -D_SOLARIS -I/home/isti/earthworm/include -I/home/isti/earthworm/src/oracle/schema/src/include -I/home/isti/earthworm/src/oracle/schema/src/include/internal -I/home/isti/earthworm/src/oracle/apps/src/include -I/opt/oracle/rdbms/demo -I../STEIM123 -I../cmpnsn  ../user_heartbeat_ew.c
cc -c -DSOLARIS -D_REENTRANT -D_SPARC -D_SOLARIS -I/home/isti/earthworm/include -I/home/isti/earthworm/src/oracle/schema/src/include -I/home/isti/earthworm/src/oracle/schema/src/include/internal -I/home/isti/earthworm/src/oracle/apps/src/include -I/opt/oracle/rdbms/demo -I../STEIM123 -I../cmpnsn  exit_handler.c
cc -c -DSOLARIS -D_REENTRANT -D_SPARC -D_SOLARIS -I/home/isti/earthworm/include -I/home/isti/earthworm/src/oracle/schema/src/include -I/home/isti/earthworm/src/oracle/schema/src/include/internal -I/home/isti/earthworm/src/oracle/apps/src/include -I/opt/oracle/rdbms/demo -I../STEIM123 -I../cmpnsn  tcpholding.c
cc -c -DSOLARIS -D_REENTRANT -D_SPARC -D_SOLARIS -I/home/isti/earthworm/include -I/home/isti/earthworm/src/oracle/schema/src/include -I/home/isti/earthworm/src/oracle/schema/src/include/internal -I/home/isti/earthworm/src/oracle/apps/src/include -I/opt/oracle/rdbms/demo -I../STEIM123 -I../cmpnsn  safetcp.c
cc -c -DSOLARIS -D_REENTRANT -D_SPARC -D_SOLARIS -I/home/isti/earthworm/include -I/home/isti/earthworm/src/oracle/schema/src/include -I/home/isti/earthworm/src/oracle/schema/src/include/internal -I/home/isti/earthworm/src/oracle/apps/src/include -I/opt/oracle/rdbms/demo -I../STEIM123 -I../cmpnsn  juldat.c
cc   rcv.o rcvcmd.o rcvqsub.o rcvtcp.o nsnrcvtt.o exit_handler.o \
     tcpholding.o safetcp.o juldat.o user_proc_ew.o user_heartbeat_ew.o /home/isti/earthworm/lib/chron3.o /home/isti/earthworm/lib/getutil.o /home/isti/earthworm/lib/kom.o /home/isti/earthworm/lib/sleep_ew.o /home/isti/earthworm/lib/time_ew.o /home/isti/earthworm/lib/threads_ew.o /home/isti/earthworm/lib/transport.o  /home/isti/earthworm/lib/logit.o \
     -o rcv -lm -lnsl -lsocket -lposix4
make[4]: Leaving directory `/home/isti/earthworm/src/data_exchange/rcv/sunrcv'
make -f makefile.sol station
make[4]: Entering directory `/home/isti/earthworm/src/data_exchange/rcv/sunrcv'
cc -c -DSOLARIS -D_REENTRANT -D_SPARC -D_SOLARIS -I/home/isti/earthworm/include -I/home/isti/earthworm/src/oracle/schema/src/include -I/home/isti/earthworm/src/oracle/schema/src/include/internal -I/home/isti/earthworm/src/oracle/apps/src/include -I/opt/oracle/rdbms/demo -I../STEIM123 -I../cmpnsn  station.c
cc -c -DSOLARIS -D_REENTRANT -D_SPARC -D_SOLARIS -I/home/isti/earthworm/include -I/home/isti/earthworm/src/oracle/schema/src/include -I/home/isti/earthworm/src/oracle/schema/src/include/internal -I/home/isti/earthworm/src/oracle/apps/src/include -I/opt/oracle/rdbms/demo -I../STEIM123 -I../cmpnsn  ../cmpnsn/dcmprs.c 
cc -c -DSOLARIS -D_REENTRANT -D_SPARC -D_SOLARIS -I/home/isti/earthworm/include -I/home/isti/earthworm/src/oracle/schema/src/include -I/home/isti/earthworm/src/oracle/schema/src/include/internal -I/home/isti/earthworm/src/oracle/apps/src/include -I/opt/oracle/rdbms/demo -I../STEIM123 -I../cmpnsn  stationcmd.c
cc  station.o dcmprs.o rcvqsub.o user_proc_ew.o \
          stationcmd.o tcpholding.o safetcp.o juldat.o exit_handler.o \
	  ../STEIM123/steimlib.o /home/isti/earthworm/lib/chron3.o /home/isti/earthworm/lib/getutil.o /home/isti/earthworm/lib/kom.o /home/isti/earthworm/lib/sleep_ew.o /home/isti/earthworm/lib/time_ew.o /home/isti/earthworm/lib/threads_ew.o /home/isti/earthworm/lib/transport.o  /home/isti/earthworm/lib/logit_mt.o /home/isti/earthworm/lib/sema_ew.o \
         -o station -lm -mt -lnsl -lsocket -lposix4 -lthread -lc
make[4]: Leaving directory `/home/isti/earthworm/src/data_exchange/rcv/sunrcv'
make -f makefile.sol install
make[4]: Entering directory `/home/isti/earthworm/src/data_exchange/rcv/sunrcv'
cp station rcv /home/isti/earthworm/bin
make[4]: Leaving directory `/home/isti/earthworm/src/data_exchange/rcv/sunrcv'
make -f makefile.sol chkpktlog
make[4]: Entering directory `/home/isti/earthworm/src/data_exchange/rcv/sunrcv'
cc -c -DSOLARIS -D_REENTRANT -D_SPARC -D_SOLARIS -I/home/isti/earthworm/include -I/home/isti/earthworm/src/oracle/schema/src/include -I/home/isti/earthworm/src/oracle/schema/src/include/internal -I/home/isti/earthworm/src/oracle/apps/src/include -I/opt/oracle/rdbms/demo -I../STEIM123 -I../cmpnsn  chkpktlog.c
cc  chkpktlog.o /home/isti/earthworm/lib/chron3.o /home/isti/earthworm/lib/getutil.o /home/isti/earthworm/lib/kom.o /home/isti/earthworm/lib/sleep_ew.o /home/isti/earthworm/lib/time_ew.o /home/isti/earthworm/lib/threads_ew.o /home/isti/earthworm/lib/transport.o   -o chkpktlog -lm -mt -lposix4 -lc
make[4]: Leaving directory `/home/isti/earthworm/src/data_exchange/rcv/sunrcv'
make[3]: Leaving directory `/home/isti/earthworm/src/data_exchange/rcv/sunrcv'
Finished making rcv.
make[2]: Leaving directory `/home/isti/earthworm/src/data_exchange/rcv'
------
Making sol_modules in:
/home/isti/earthworm/src/data_exchange/ringdup
make[2]: Entering directory `/home/isti/earthworm/src/data_exchange/ringdup'
make -f makefile.sol ringdup_generic
make[3]: Entering directory `/home/isti/earthworm/src/data_exchange/ringdup'
cc -D_REENTRANT -D_SPARC -D_SOLARIS -I/home/isti/earthworm/include -I/home/isti/earthworm/src/oracle/schema/src/include -I/home/isti/earthworm/src/oracle/schema/src/include/internal -I/home/isti/earthworm/src/oracle/apps/src/include -I/opt/oracle/rdbms/demo   -c -o ringdup.o ringdup.c
cc -o /home/isti/earthworm/bin/ringdup_generic ringdup.o /home/isti/earthworm/lib/mem_circ_queue.o /home/isti/earthworm/lib/kom.o /home/isti/earthworm/lib/getsysname_ew.o /home/isti/earthworm/lib/getutil.o /home/isti/earthworm/lib/logit_mt.o /home/isti/earthworm/lib/transport.o /home/isti/earthworm/lib/sleep_ew.o /home/isti/earthworm/lib/time_ew.o /home/isti/earthworm/lib/threads_ew.o /home/isti/earthworm/lib/sema_ew.o /home/isti/earthworm/lib/swap.o          ../export/genericfilter.o -lnsl -mt -lposix4 -lthread -lc
make[3]: Leaving directory `/home/isti/earthworm/src/data_exchange/ringdup'
make -f makefile.sol ringdup_scn
make[3]: Entering directory `/home/isti/earthworm/src/data_exchange/ringdup'
cc -D_REENTRANT -D_SPARC -D_SOLARIS -I/home/isti/earthworm/include -I/home/isti/earthworm/src/oracle/schema/src/include -I/home/isti/earthworm/src/oracle/schema/src/include/internal -I/home/isti/earthworm/src/oracle/apps/src/include -I/opt/oracle/rdbms/demo   -c -o scnfilter_exclude.o scnfilter_exclude.c
cc -o /home/isti/earthworm/bin/ringdup_scn ringdup.o /home/isti/earthworm/lib/mem_circ_queue.o /home/isti/earthworm/lib/kom.o /home/isti/earthworm/lib/getsysname_ew.o /home/isti/earthworm/lib/getutil.o /home/isti/earthworm/lib/logit_mt.o /home/isti/earthworm/lib/transport.o /home/isti/earthworm/lib/sleep_ew.o /home/isti/earthworm/lib/time_ew.o /home/isti/earthworm/lib/threads_ew.o /home/isti/earthworm/lib/sema_ew.o /home/isti/earthworm/lib/swap.o          ./scnfilter_exclude.o /home/isti/earthworm/lib/rdpickcoda.o /home/isti/earthworm/lib/chron3.o -lnsl -mt -lposix4 -lthread -lc
make[3]: Leaving directory `/home/isti/earthworm/src/data_exchange/ringdup'
make[2]: Leaving directory `/home/isti/earthworm/src/data_exchange/ringdup'
------
Making sol_modules in:
/home/isti/earthworm/src/data_exchange/ringtocoax
make[2]: Entering directory `/home/isti/earthworm/src/data_exchange/ringtocoax'
cc -D_REENTRANT -D_SPARC -D_SOLARIS -I/home/isti/earthworm/include -I/home/isti/earthworm/src/oracle/schema/src/include -I/home/isti/earthworm/src/oracle/schema/src/include/internal -I/home/isti/earthworm/src/oracle/apps/src/include -I/opt/oracle/rdbms/demo   -c -o ringtocoax.o ringtocoax.c
cc -D_REENTRANT -D_SPARC -D_SOLARIS -I/home/isti/earthworm/include -I/home/isti/earthworm/src/oracle/schema/src/include -I/home/isti/earthworm/src/oracle/schema/src/include/internal -I/home/isti/earthworm/src/oracle/apps/src/include -I/opt/oracle/rdbms/demo   -c -o sender.o sender.c
cc -o /home/isti/earthworm/bin/ringtocoax ringtocoax.o sender.o /home/isti/earthworm/lib/logit.o /home/isti/earthworm/lib/kom.o /home/isti/earthworm/lib/getutil.o /home/isti/earthworm/lib/sleep_ew.o /home/isti/earthworm/lib/socket_ew.o /home/isti/earthworm/lib/time_ew.o /home/isti/earthworm/lib/transport.o -lm -lsocket -lnsl -lposix4
make[2]: Leaving directory `/home/isti/earthworm/src/data_exchange/ringtocoax'
------
Making sol_modules in:
/home/isti/earthworm/src/data_exchange/scn_convert
make[2]: Entering directory `/home/isti/earthworm/src/data_exchange/scn_convert'
cc -D_SPARC -D_SOLARIS -I/home/isti/earthworm/include -I/home/isti/earthworm/src/oracle/schema/src/include -I/home/isti/earthworm/src/oracle/schema/src/include/internal -I/home/isti/earthworm/src/oracle/apps/src/include -I/opt/oracle/rdbms/demo   -c -o scn2scnl.o scn2scnl.c
cc -D_SPARC -D_SOLARIS -I/home/isti/earthworm/include -I/home/isti/earthworm/src/oracle/schema/src/include -I/home/isti/earthworm/src/oracle/schema/src/include/internal -I/home/isti/earthworm/src/oracle/apps/src/include -I/opt/oracle/rdbms/demo   -c -o scn_config.o scn_config.c
cc -D_SPARC -D_SOLARIS -I/home/isti/earthworm/include -I/home/isti/earthworm/src/oracle/schema/src/include -I/home/isti/earthworm/src/oracle/schema/src/include/internal -I/home/isti/earthworm/src/oracle/apps/src/include -I/opt/oracle/rdbms/demo   -c -o to_pick_scnl.o to_pick_scnl.c
cc -D_SPARC -D_SOLARIS -I/home/isti/earthworm/include -I/home/isti/earthworm/src/oracle/schema/src/include -I/home/isti/earthworm/src/oracle/schema/src/include/internal -I/home/isti/earthworm/src/oracle/apps/src/include -I/opt/oracle/rdbms/demo   -c -o to_coda_scnl.o to_coda_scnl.c
cc -D_SPARC -D_SOLARIS -I/home/isti/earthworm/include -I/home/isti/earthworm/src/oracle/schema/src/include -I/home/isti/earthworm/src/oracle/schema/src/include/internal -I/home/isti/earthworm/src/oracle/apps/src/include -I/opt/oracle/rdbms/demo   -c -o scn_convert.o scn_convert.c
"scn_convert.c", line 236: warning: newline not last character in file
cc -D_SPARC -D_SOLARIS -I/home/isti/earthworm/include -I/home/isti/earthworm/src/oracle/schema/src/include -I/home/isti/earthworm/src/oracle/schema/src/include/internal -I/home/isti/earthworm/src/oracle/apps/src/include -I/opt/oracle/rdbms/demo   -c -o to_trace_scnl.o to_trace_scnl.c
"to_trace_scnl.c", line 57: warning: newline not last character in file
cc -o /home/isti/earthworm/bin/scn2scnl scn2scnl.o scn_config.o to_pick_scnl.o \
  to_coda_scnl.o to_trace_scnl.o scn_convert.o /home/isti/earthworm/lib/kom.o /home/isti/earthworm/lib/getutil.o /home/isti/earthworm/lib/time_ew.o /home/isti/earthworm/lib/chron3.o /home/isti/earthworm/lib/logit.o /home/isti/earthworm/lib/transport.o /home/isti/earthworm/lib/sleep_ew.o /home/isti/earthworm/lib/chron3.o /home/isti/earthworm/lib/rdpickcoda.o -lm -lposix4
cc -D_SPARC -D_SOLARIS -I/home/isti/earthworm/include -I/home/isti/earthworm/src/oracle/schema/src/include -I/home/isti/earthworm/src/oracle/schema/src/include/internal -I/home/isti/earthworm/src/oracle/apps/src/include -I/opt/oracle/rdbms/demo   -c -o scnl2scn.o scnl2scn.c
cc -D_SPARC -D_SOLARIS -I/home/isti/earthworm/include -I/home/isti/earthworm/src/oracle/schema/src/include -I/home/isti/earthworm/src/oracle/schema/src/include/internal -I/home/isti/earthworm/src/oracle/apps/src/include -I/opt/oracle/rdbms/demo   -c -o scnl_config.o scnl_config.c
cc -D_SPARC -D_SOLARIS -I/home/isti/earthworm/include -I/home/isti/earthworm/src/oracle/schema/src/include -I/home/isti/earthworm/src/oracle/schema/src/include/internal -I/home/isti/earthworm/src/oracle/apps/src/include -I/opt/oracle/rdbms/demo   -c -o to_pick2k.o to_pick2k.c
cc -D_SPARC -D_SOLARIS -I/home/isti/earthworm/include -I/home/isti/earthworm/src/oracle/schema/src/include -I/home/isti/earthworm/src/oracle/schema/src/include/internal -I/home/isti/earthworm/src/oracle/apps/src/include -I/opt/oracle/rdbms/demo   -c -o to_coda2k.o to_coda2k.c
cc -D_SPARC -D_SOLARIS -I/home/isti/earthworm/include -I/home/isti/earthworm/src/oracle/schema/src/include -I/home/isti/earthworm/src/oracle/schema/src/include/internal -I/home/isti/earthworm/src/oracle/apps/src/include -I/opt/oracle/rdbms/demo   -c -o scnl_convert.o scnl_convert.c
cc -D_SPARC -D_SOLARIS -I/home/isti/earthworm/include -I/home/isti/earthworm/src/oracle/schema/src/include -I/home/isti/earthworm/src/oracle/schema/src/include/internal -I/home/isti/earthworm/src/oracle/apps/src/include -I/opt/oracle/rdbms/demo   -c -o to_trace_scn.o to_trace_scn.c
cc -o /home/isti/earthworm/bin/scnl2scn scnl2scn.o scnl_config.o to_pick2k.o \
      to_coda2k.o to_trace_scn.o scnl_convert.o /home/isti/earthworm/lib/kom.o /home/isti/earthworm/lib/getutil.o /home/isti/earthworm/lib/time_ew.o /home/isti/earthworm/lib/chron3.o /home/isti/earthworm/lib/logit.o /home/isti/earthworm/lib/transport.o /home/isti/earthworm/lib/sleep_ew.o /home/isti/earthworm/lib/chron3.o /home/isti/earthworm/lib/rdpickcoda.o -lm -lposix4
make[2]: Leaving directory `/home/isti/earthworm/src/data_exchange/scn_convert'
------
Making sol_modules in:
/home/isti/earthworm/src/data_exchange/sendfileII
make[2]: Entering directory `/home/isti/earthworm/src/data_exchange/sendfileII'
cc -g   -c -o sendfileII.o sendfileII.c
cc -g   -c -o socket_sol.o socket_sol.c
cc -g   -c -o config.o config.c
cc -g   -c -o chdir_sol.o chdir_sol.c
cc -g   -c -o getfname_sol.o getfname_sol.c
cc -g   -c -o sleep_sol.o sleep_sol.c
cc -g   -c -o log.o log.c
cc -g   -c -o tzset_sol.o tzset_sol.c
cc -g   -c -o fopen_sol.o fopen_sol.c
cc -o sendfileII sendfileII.o socket_sol.o config.o chdir_sol.o getfname_sol.o sleep_sol.o log.o tzset_sol.o fopen_sol.o -lm -lsocket -lnsl -lposix4
make[2]: Leaving directory `/home/isti/earthworm/src/data_exchange/sendfileII'
------
Making sol_modules in:
/home/isti/earthworm/src/data_exchange/slink2ew
make[2]: Entering directory `/home/isti/earthworm/src/data_exchange/slink2ew'
cc -D_SPARC -D_SOLARIS -I/home/isti/earthworm/include -I/home/isti/earthworm/src/oracle/schema/src/include -I/home/isti/earthworm/src/oracle/schema/src/include/internal -I/home/isti/earthworm/src/oracle/apps/src/include -I/opt/oracle/rdbms/demo -Ilibslink  -c  -o slink2ew.o slink2ew.c
cd libslink; make -f Makefile static
make[3]: Entering directory `/home/isti/earthworm/src/data_exchange/slink2ew/libslink'
cc -O   -c -o gswap.o gswap.c
cc -O   -c -o unpack.o unpack.c
cc -O   -c -o msrecord.o msrecord.c
cc -O   -c -o genutils.o genutils.c
cc -O   -c -o strutils.o strutils.c
cc -O   -c -o logging.o logging.c
cc -O   -c -o network.o network.c
cc -O   -c -o statefile.o statefile.c
cc -O   -c -o config.o config.c
cc -O   -c -o slplatform.o slplatform.c
cc -O   -c -o slutils.o slutils.c
ar -rcs libslink.a gswap.o unpack.o msrecord.o genutils.o strutils.o logging.o network.o statefile.o config.o slplatform.o slutils.o
make[3]: Leaving directory `/home/isti/earthworm/src/data_exchange/slink2ew/libslink'
cc -o slink2ew slink2ew.o /home/isti/earthworm/lib/kom.o /home/isti/earthworm/lib/getutil.o /home/isti/earthworm/lib/logit_mt.o /home/isti/earthworm/lib/socket_ew_common.o /home/isti/earthworm/lib/transport.o /home/isti/earthworm/lib/sleep_ew.o /home/isti/earthworm/lib/socket_ew.o /home/isti/earthworm/lib/time_ew.o /home/isti/earthworm/lib/threads_ew.o /home/isti/earthworm/lib/sema_ew.o /home/isti/earthworm/lib/swap.o /home/isti/earthworm/lib/mem_circ_queue.o -Llibslink -lslink -lnsl -lsocket -lposix4 -lm -lthread
cp slink2ew /home/isti/earthworm/bin/
make[2]: Leaving directory `/home/isti/earthworm/src/data_exchange/slink2ew'
------
Making sol_modules in:
/home/isti/earthworm/src/data_exchange/vdl
make[2]: Entering directory `/home/isti/earthworm/src/data_exchange/vdl'
(rm -f makedate; make -f makefile.sol makedate);
make[3]: Entering directory `/home/isti/earthworm/src/data_exchange/vdl'
cc     makedate.c   -o makedate
make[3]: Leaving directory `/home/isti/earthworm/src/data_exchange/vdl'
make vdlew -f makefile
make[3]: Entering directory `/home/isti/earthworm/src/data_exchange/vdl'
./makedate
make vdlew -f SCRIPTS/makefile.solew
make[4]: Entering directory `/home/isti/earthworm/src/data_exchange/vdl'
cc -D_REENTRANT -D_EARTHWORM -D_SPARC -D_SOLARIS -I/home/isti/earthworm/include -I/home/isti/earthworm/src/oracle/schema/src/include -I/home/isti/earthworm/src/oracle/schema/src/include/internal -I/home/isti/earthworm/src/oracle/apps/src/include -I/opt/oracle/rdbms/demo   -c -o vdl.o vdl.c
cc -D_REENTRANT -D_EARTHWORM -D_SPARC -D_SOLARIS -I/home/isti/earthworm/include -I/home/isti/earthworm/src/oracle/schema/src/include -I/home/isti/earthworm/src/oracle/schema/src/include/internal -I/home/isti/earthworm/src/oracle/apps/src/include -I/opt/oracle/rdbms/demo   -c -o vdltrg.o vdltrg.c
cc -D_REENTRANT -D_EARTHWORM -D_SPARC -D_SOLARIS -I/home/isti/earthworm/include -I/home/isti/earthworm/src/oracle/schema/src/include -I/home/isti/earthworm/src/oracle/schema/src/include/internal -I/home/isti/earthworm/src/oracle/apps/src/include -I/opt/oracle/rdbms/demo   -c -o vdlput.o vdlput.c
cc -D_REENTRANT -D_EARTHWORM -D_SPARC -D_SOLARIS -I/home/isti/earthworm/include -I/home/isti/earthworm/src/oracle/schema/src/include -I/home/isti/earthworm/src/oracle/schema/src/include/internal -I/home/isti/earthworm/src/oracle/apps/src/include -I/opt/oracle/rdbms/demo   -c -o vdlqsub.o vdlqsub.c
"vdlqsub.c", line 112: warning: statement not reached
cc -D_REENTRANT -D_EARTHWORM -D_SPARC -D_SOLARIS -I/home/isti/earthworm/include -I/home/isti/earthworm/src/oracle/schema/src/include -I/home/isti/earthworm/src/oracle/schema/src/include/internal -I/home/isti/earthworm/src/oracle/apps/src/include -I/opt/oracle/rdbms/demo   -c -o ifft512.o ifft512.c
cc -D_REENTRANT -D_EARTHWORM -D_SPARC -D_SOLARIS -I/home/isti/earthworm/include -I/home/isti/earthworm/src/oracle/schema/src/include -I/home/isti/earthworm/src/oracle/schema/src/include/internal -I/home/isti/earthworm/src/oracle/apps/src/include -I/opt/oracle/rdbms/demo   -c -o ifft256.o ifft256.c
cc -D_REENTRANT -D_EARTHWORM -D_SPARC -D_SOLARIS -I/home/isti/earthworm/include -I/home/isti/earthworm/src/oracle/schema/src/include -I/home/isti/earthworm/src/oracle/schema/src/include/internal -I/home/isti/earthworm/src/oracle/apps/src/include -I/opt/oracle/rdbms/demo   -c -o ifft1024.o ifft1024.c
cc -D_REENTRANT -D_EARTHWORM -D_SPARC -D_SOLARIS -I/home/isti/earthworm/include -I/home/isti/earthworm/src/oracle/schema/src/include -I/home/isti/earthworm/src/oracle/schema/src/include/internal -I/home/isti/earthworm/src/oracle/apps/src/include -I/opt/oracle/rdbms/demo   -c -o fftlib.o fftlib.c
cc -D_REENTRANT -D_EARTHWORM -D_SPARC -D_SOLARIS -I/home/isti/earthworm/include -I/home/isti/earthworm/src/oracle/schema/src/include -I/home/isti/earthworm/src/oracle/schema/src/include/internal -I/home/isti/earthworm/src/oracle/apps/src/include -I/opt/oracle/rdbms/demo   -c -o vdlfilt.o vdlfilt.c
cc -D_REENTRANT -D_EARTHWORM -D_SPARC -D_SOLARIS -I/home/isti/earthworm/include -I/home/isti/earthworm/src/oracle/schema/src/include -I/home/isti/earthworm/src/oracle/schema/src/include/internal -I/home/isti/earthworm/src/oracle/apps/src/include -I/opt/oracle/rdbms/demo   -c -o filtheli.o filtheli.c
cc -D_REENTRANT -D_EARTHWORM -D_SPARC -D_SOLARIS -I/home/isti/earthworm/include -I/home/isti/earthworm/src/oracle/schema/src/include -I/home/isti/earthworm/src/oracle/schema/src/include/internal -I/home/isti/earthworm/src/oracle/apps/src/include -I/opt/oracle/rdbms/demo datetime.c -c
rm datetime.h
cc -D_REENTRANT -D_EARTHWORM -D_SPARC -D_SOLARIS -I/home/isti/earthworm/include -I/home/isti/earthworm/src/oracle/schema/src/include -I/home/isti/earthworm/src/oracle/schema/src/include/internal -I/home/isti/earthworm/src/oracle/apps/src/include -I/opt/oracle/rdbms/demo   -c -o edgesock_thr.o edgesock_thr.c
cc -D_REENTRANT -D_EARTHWORM -D_SPARC -D_SOLARIS -I/home/isti/earthworm/include -I/home/isti/earthworm/src/oracle/schema/src/include -I/home/isti/earthworm/src/oracle/schema/src/include/internal -I/home/isti/earthworm/src/oracle/apps/src/include -I/opt/oracle/rdbms/demo   -c -o cmprs.o cmprs.c
cc -D_REENTRANT -D_EARTHWORM -D_SPARC -D_SOLARIS -I/home/isti/earthworm/include -I/home/isti/earthworm/src/oracle/schema/src/include -I/home/isti/earthworm/src/oracle/schema/src/include/internal -I/home/isti/earthworm/src/oracle/apps/src/include -I/opt/oracle/rdbms/demo   -c -o vdltcp_nopass.o vdltcp_nopass.c
cc -D_REENTRANT -D_EARTHWORM -D_SPARC -D_SOLARIS -I/home/isti/earthworm/include -I/home/isti/earthworm/src/oracle/schema/src/include -I/home/isti/earthworm/src/oracle/schema/src/include/internal -I/home/isti/earthworm/src/oracle/apps/src/include -I/opt/oracle/rdbms/demo   -c -o filt2.o filt2.c
cc -D_REENTRANT -D_EARTHWORM -D_SPARC -D_SOLARIS -I/home/isti/earthworm/include -I/home/isti/earthworm/src/oracle/schema/src/include -I/home/isti/earthworm/src/oracle/schema/src/include/internal -I/home/isti/earthworm/src/oracle/apps/src/include -I/opt/oracle/rdbms/demo   -c -o filt10.o filt10.c
cc -D_REENTRANT -D_EARTHWORM -D_SPARC -D_SOLARIS -I/home/isti/earthworm/include -I/home/isti/earthworm/src/oracle/schema/src/include -I/home/isti/earthworm/src/oracle/schema/src/include/internal -I/home/isti/earthworm/src/oracle/apps/src/include -I/opt/oracle/rdbms/demo   -c -o filt5.o filt5.c
cc -D_REENTRANT -D_EARTHWORM -D_SPARC -D_SOLARIS -I/home/isti/earthworm/include -I/home/isti/earthworm/src/oracle/schema/src/include -I/home/isti/earthworm/src/oracle/schema/src/include/internal -I/home/isti/earthworm/src/oracle/apps/src/include -I/opt/oracle/rdbms/demo   -c -o feed_vdl_ew.o feed_vdl_ew.c
echo "L=/home/isti/earthworm/lib"
L=/home/isti/earthworm/lib
echo "B=/home/isti/earthworm/bin"
B=/home/isti/earthworm/bin
cc -o /home/isti/earthworm/bin/vdl vdl.o vdltrg.o vdlput.o vdlqsub.o ifft512.o ifft256.o ifft1024.o fftlib.o vdlfilt.o filtheli.o datetime.o edgesock_thr.o cmprs.o vdltcp_nopass.o filt2.o filt10.o filt5.o feed_vdl_ew.o /home/isti/earthworm/lib/getutil.o  /home/isti/earthworm/lib/kom.o /home/isti/earthworm/lib/logit.o /home/isti/earthworm/lib/transport.o  /home/isti/earthworm/lib/sleep_ew.o /home/isti/earthworm/lib/socket_ew.o /home/isti/earthworm/lib/time_ew.o /home/isti/earthworm/lib/threads_ew.o /home/isti/earthworm/lib/sema_ew.o /home/isti/earthworm/lib/mem_circ_queue.o /home/isti/earthworm/lib/swap.o -lnsl -lsocket -mt -lposix4 -lthread -lc -lm
make[4]: Leaving directory `/home/isti/earthworm/src/data_exchange/vdl'
make[3]: Leaving directory `/home/isti/earthworm/src/data_exchange/vdl'
make[2]: Leaving directory `/home/isti/earthworm/src/data_exchange/vdl'
------
Copying executable for getfileII
------
Copying executable for makehbfile
------
Copying executable for sendfileII
make[1]: Leaving directory `/home/isti/earthworm/src/data_exchange'
------
Making sol_modules in:
/home/isti/earthworm/src/diagnostic_tools
make[1]: Entering directory `/home/isti/earthworm/src/diagnostic_tools'
------
Making sol_modules in:
/home/isti/earthworm/src/diagnostic_tools/dumpwave
make[2]: Entering directory `/home/isti/earthworm/src/diagnostic_tools/dumpwave'
cc -D_REENTRANT -D_SPARC -D_SOLARIS -I/home/isti/earthworm/include -I/home/isti/earthworm/src/oracle/schema/src/include -I/home/isti/earthworm/src/oracle/schema/src/include/internal -I/home/isti/earthworm/src/oracle/apps/src/include -I/opt/oracle/rdbms/demo   -c -o dumpwave.o dumpwave.c
cc -o /home/isti/earthworm/bin/dumpwave -D_REENTRANT -D_SPARC -D_SOLARIS -I/home/isti/earthworm/include -I/home/isti/earthworm/src/oracle/schema/src/include -I/home/isti/earthworm/src/oracle/schema/src/include/internal -I/home/isti/earthworm/src/oracle/apps/src/include -I/opt/oracle/rdbms/demo dumpwave.o /home/isti/earthworm/lib/swap.o /home/isti/earthworm/lib/chron3.o /home/isti/earthworm/lib/time_ew.o  /home/isti/earthworm/lib/logit.o -lrt
make[2]: Leaving directory `/home/isti/earthworm/src/diagnostic_tools/dumpwave'
------
Making sol_modules in:
/home/isti/earthworm/src/diagnostic_tools/file2ring
make[2]: Entering directory `/home/isti/earthworm/src/diagnostic_tools/file2ring'
cc -D_SPARC -D_SOLARIS -I/home/isti/earthworm/include -I/home/isti/earthworm/src/oracle/schema/src/include -I/home/isti/earthworm/src/oracle/schema/src/include/internal -I/home/isti/earthworm/src/oracle/apps/src/include -I/opt/oracle/rdbms/demo   -c -o file2ring.o file2ring.c
cc -o /home/isti/earthworm/bin/file2ring file2ring.o /home/isti/earthworm/lib/getutil.o /home/isti/earthworm/lib/transport.o \
/home/isti/earthworm/lib/sleep_ew.o /home/isti/earthworm/lib/kom.o -lposix4	
make[2]: Leaving directory `/home/isti/earthworm/src/diagnostic_tools/file2ring'
------
Making sol_modules in:
/home/isti/earthworm/src/diagnostic_tools/findwave
make[2]: Entering directory `/home/isti/earthworm/src/diagnostic_tools/findwave'
cc -D_SPARC -D_SOLARIS -I/home/isti/earthworm/include -I/home/isti/earthworm/src/oracle/schema/src/include -I/home/isti/earthworm/src/oracle/schema/src/include/internal -I/home/isti/earthworm/src/oracle/apps/src/include -I/opt/oracle/rdbms/demo   -c -o findwave.o findwave.c
cc -o /home/isti/earthworm/bin/findwave findwave.o /home/isti/earthworm/lib/getutil.o /home/isti/earthworm/lib/kom.o /home/isti/earthworm/lib/transport.o /home/isti/earthworm/lib/sleep_ew.o /home/isti/earthworm/lib/logit.o /home/isti/earthworm/lib/time_ew.o /home/isti/earthworm/lib/swap.o -lm -lposix4
make[2]: Leaving directory `/home/isti/earthworm/src/diagnostic_tools/findwave'
------
Making sol_modules in:
/home/isti/earthworm/src/diagnostic_tools/gaplist
make[2]: Entering directory `/home/isti/earthworm/src/diagnostic_tools/gaplist'
cc -D_SPARC -D_SOLARIS -I/home/isti/earthworm/include -I/home/isti/earthworm/src/oracle/schema/src/include -I/home/isti/earthworm/src/oracle/schema/src/include/internal -I/home/isti/earthworm/src/oracle/apps/src/include -I/opt/oracle/rdbms/demo   -c -o gaplist.o gaplist.c
cc -D_SPARC -D_SOLARIS -I/home/isti/earthworm/include -I/home/isti/earthworm/src/oracle/schema/src/include -I/home/isti/earthworm/src/oracle/schema/src/include/internal -I/home/isti/earthworm/src/oracle/apps/src/include -I/opt/oracle/rdbms/demo   -c -o config.o config.c
cc -o /home/isti/earthworm/bin/gaplist gaplist.o config.o /home/isti/earthworm/lib/chron3.o /home/isti/earthworm/lib/getutil.o /home/isti/earthworm/lib/kom.o /home/isti/earthworm/lib/logit.o /home/isti/earthworm/lib/time_ew.o /home/isti/earthworm/lib/transport.o /home/isti/earthworm/lib/sleep_ew.o /home/isti/earthworm/lib/swap.o /home/isti/earthworm/lib/trheadconv.o -lm -lposix4
make[2]: Leaving directory `/home/isti/earthworm/src/diagnostic_tools/gaplist'
------
Making sol_modules in:
/home/isti/earthworm/src/diagnostic_tools/getmenu
make[2]: Entering directory `/home/isti/earthworm/src/diagnostic_tools/getmenu'
cc -c -D_SPARC -D_SOLARIS -I/home/isti/earthworm/include -I/home/isti/earthworm/src/oracle/schema/src/include -I/home/isti/earthworm/src/oracle/schema/src/include/internal -I/home/isti/earthworm/src/oracle/apps/src/include -I/opt/oracle/rdbms/demo getmenu.c
cc -o /home/isti/earthworm/bin/getmenu getmenu.o /home/isti/earthworm/lib/socket_ew.o /home/isti/earthworm/lib/time_ew.o /home/isti/earthworm/lib/sleep_ew.o /home/isti/earthworm/lib/chron3.o /home/isti/earthworm/lib/logit.o /home/isti/earthworm/lib/ws_clientII.o /home/isti/earthworm/lib/socket_ew_common.o -lm -lsocket -lnsl -lposix4
make[2]: Leaving directory `/home/isti/earthworm/src/diagnostic_tools/getmenu'
------
Making sol_modules in:
/home/isti/earthworm/src/diagnostic_tools/getstation
make[2]: Entering directory `/home/isti/earthworm/src/diagnostic_tools/getstation'
cc -c -D_SPARC -D_SOLARIS -I/home/isti/earthworm/include -I/home/isti/earthworm/src/oracle/schema/src/include -I/home/isti/earthworm/src/oracle/schema/src/include/internal -I/home/isti/earthworm/src/oracle/apps/src/include -I/opt/oracle/rdbms/demo getstation.c
cc -o /home/isti/earthworm/bin/getstation getstation.o /home/isti/earthworm/lib/socket_ew.o /home/isti/earthworm/lib/time_ew.o /home/isti/earthworm/lib/sleep_ew.o /home/isti/earthworm/lib/chron3.o /home/isti/earthworm/lib/logit.o /home/isti/earthworm/lib/ws_clientII.o /home/isti/earthworm/lib/socket_ew_common.o /home/isti/earthworm/lib/sleep_ew.o /home/isti/earthworm/lib/kom.o -lm -lsocket -lnsl -lposix4
make[2]: Leaving directory `/home/isti/earthworm/src/diagnostic_tools/getstation'
------
Making sol_modules in:
/home/isti/earthworm/src/diagnostic_tools/putpick
make[2]: Entering directory `/home/isti/earthworm/src/diagnostic_tools/putpick'
cc -D_SPARC -D_SOLARIS -I/home/isti/earthworm/include -I/home/isti/earthworm/src/oracle/schema/src/include -I/home/isti/earthworm/src/oracle/schema/src/include/internal -I/home/isti/earthworm/src/oracle/apps/src/include -I/opt/oracle/rdbms/demo   -c -o putpick.o putpick.c
cc -o /home/isti/earthworm/bin/putpick putpick.o /home/isti/earthworm/lib/chron3.o /home/isti/earthworm/lib/getutil.o /home/isti/earthworm/lib/kom.o /home/isti/earthworm/lib/logit.o /home/isti/earthworm/lib/rdpickcoda.o /home/isti/earthworm/lib/time_ew.o /home/isti/earthworm/lib/transport.o /home/isti/earthworm/lib/sleep_ew.o  -lm -lposix4
make[2]: Leaving directory `/home/isti/earthworm/src/diagnostic_tools/putpick'
------
Making sol_modules in:
/home/isti/earthworm/src/diagnostic_tools/sniffring
make[2]: Entering directory `/home/isti/earthworm/src/diagnostic_tools/sniffring'
cc -D_SPARC -D_SOLARIS -I/home/isti/earthworm/include -I/home/isti/earthworm/src/oracle/schema/src/include -I/home/isti/earthworm/src/oracle/schema/src/include/internal -I/home/isti/earthworm/src/oracle/apps/src/include -I/opt/oracle/rdbms/demo   -c -o sniffring.o sniffring.c
cc -o /home/isti/earthworm/bin/sniffring sniffring.o /home/isti/earthworm/lib/getutil.o /home/isti/earthworm/lib/kom.o /home/isti/earthworm/lib/transport.o \
          /home/isti/earthworm/lib/sleep_ew.o /home/isti/earthworm/lib/errexit.o -lposix4
make[2]: Leaving directory `/home/isti/earthworm/src/diagnostic_tools/sniffring'
------
Making sol_modules in:
/home/isti/earthworm/src/diagnostic_tools/sniffwave
make[2]: Entering directory `/home/isti/earthworm/src/diagnostic_tools/sniffwave'
cc -D_SPARC -D_SOLARIS -I/home/isti/earthworm/include -I/home/isti/earthworm/src/oracle/schema/src/include -I/home/isti/earthworm/src/oracle/schema/src/include/internal -I/home/isti/earthworm/src/oracle/apps/src/include -I/opt/oracle/rdbms/demo   -c -o sniffwave.o sniffwave.c
cc -o /home/isti/earthworm/bin/sniffwave sniffwave.o /home/isti/earthworm/lib/getutil.o /home/isti/earthworm/lib/kom.o /home/isti/earthworm/lib/transport.o /home/isti/earthworm/lib/sleep_ew.o /home/isti/earthworm/lib/logit.o /home/isti/earthworm/lib/time_ew.o /home/isti/earthworm/lib/swap.o -lm -lposix4
make[2]: Leaving directory `/home/isti/earthworm/src/diagnostic_tools/sniffwave'
------
Making sol_modules in:
/home/isti/earthworm/src/diagnostic_tools/template
make[2]: Entering directory `/home/isti/earthworm/src/diagnostic_tools/template'
cc -D_SPARC -D_SOLARIS -I/home/isti/earthworm/include -I/home/isti/earthworm/src/oracle/schema/src/include -I/home/isti/earthworm/src/oracle/schema/src/include/internal -I/home/isti/earthworm/src/oracle/apps/src/include -I/opt/oracle/rdbms/demo -g   -c -o template.o template.c
cc -o /home/isti/earthworm/bin/template template.o /home/isti/earthworm/lib/logit.o /home/isti/earthworm/lib/kom.o /home/isti/earthworm/lib/getutil.o /home/isti/earthworm/lib/sleep_ew.o /home/isti/earthworm/lib/time_ew.o /home/isti/earthworm/lib/transport.o /home/isti/earthworm/lib/lockfile_ew.o /home/isti/earthworm/lib/lockfile.o  -lm -lposix4
make[2]: Leaving directory `/home/isti/earthworm/src/diagnostic_tools/template'
make[1]: Leaving directory `/home/isti/earthworm/src/diagnostic_tools'
------
Making sol_modules in:
/home/isti/earthworm/src/display
make[1]: Entering directory `/home/isti/earthworm/src/display'
------
Making sol_modules in:
/home/isti/earthworm/src/display/ew2seisvole
make[2]: Entering directory `/home/isti/earthworm/src/display/ew2seisvole'
cc -D_REENTRANT -D_SPARC -D_SOLARIS -I/home/isti/earthworm/include -I/home/isti/earthworm/src/oracle/schema/src/include -I/home/isti/earthworm/src/oracle/schema/src/include/internal -I/home/isti/earthworm/src/oracle/apps/src/include -I/opt/oracle/rdbms/demo   -c -o ew2seisvole.o ew2seisvole.c
cc -D_REENTRANT -D_SPARC -D_SOLARIS -I/home/isti/earthworm/include -I/home/isti/earthworm/src/oracle/schema/src/include -I/home/isti/earthworm/src/oracle/schema/src/include/internal -I/home/isti/earthworm/src/oracle/apps/src/include -I/opt/oracle/rdbms/demo   -c -o cksum.o cksum.c
cc -o /home/isti/earthworm/bin/ew2seisvole ew2seisvole.o cksum.o /home/isti/earthworm/lib/logit_mt.o /home/isti/earthworm/lib/sema_ew.o /home/isti/earthworm/lib/getutil.o  /home/isti/earthworm/lib/transport.o /home/isti/earthworm/lib/kom.o /home/isti/earthworm/lib/sleep_ew.o /home/isti/earthworm/lib/time_ew.o -lm -mt -lposix4 -lthread
make[2]: Leaving directory `/home/isti/earthworm/src/display/ew2seisvole'
------
Making sol_modules in:
/home/isti/earthworm/src/display/heli_ewII
make[2]: Entering directory `/home/isti/earthworm/src/display/heli_ewII'
cc -g -D_REENTRANT -D_SPARC -D_SOLARIS -I/home/isti/earthworm/include -I/home/isti/earthworm/src/oracle/schema/src/include -I/home/isti/earthworm/src/oracle/schema/src/include/internal -I/home/isti/earthworm/src/oracle/apps/src/include -I/opt/oracle/rdbms/demo -g  -c  -o heli_ewII.o heli_ewII.c
cc -o /home/isti/earthworm/bin/heli_ewII heli_ewII.o /home/isti/earthworm/lib/logit.o /home/isti/earthworm/lib/getutil.o  /home/isti/earthworm/lib/transport.o /home/isti/earthworm/lib/kom.o /home/isti/earthworm/lib/sleep_ew.o /home/isti/earthworm/lib/time_ew.o /home/isti/earthworm/lib/parse_trig.o /home/isti/earthworm/lib/getavail.o /home/isti/earthworm/lib/getsysname_ew.o /home/isti/earthworm/lib/chron3.o /home/isti/earthworm/lib/socket_ew.o /home/isti/earthworm/lib/socket_ew_common.o /home/isti/earthworm/lib/ws_clientII.o /home/isti/earthworm/lib/gd.o /home/isti/earthworm/lib/gdfontt.o /home/isti/earthworm/lib/gdfonts.o /home/isti/earthworm/lib/gdfontmb.o /home/isti/earthworm/lib/gdfontl.o /home/isti/earthworm/lib/gdfontg.o -lsocket -lnsl -lm -lposix4 -lc
make[2]: Leaving directory `/home/isti/earthworm/src/display/heli_ewII'
------
Making sol_modules in:
/home/isti/earthworm/src/display/sgram
make[2]: Entering directory `/home/isti/earthworm/src/display/sgram'
cc -D_REENTRANT -D_SPARC -D_SOLARIS -I/home/isti/earthworm/include -I/home/isti/earthworm/src/oracle/schema/src/include -I/home/isti/earthworm/src/oracle/schema/src/include/internal -I/home/isti/earthworm/src/oracle/apps/src/include -I/opt/oracle/rdbms/demo -g  -c  -o sgram.o sgram.c
cc -o /home/isti/earthworm/bin/sgram sgram.o /home/isti/earthworm/lib/swap.o /home/isti/earthworm/lib/logit.o /home/isti/earthworm/lib/getutil.o  /home/isti/earthworm/lib/transport.o /home/isti/earthworm/lib/kom.o /home/isti/earthworm/lib/sleep_ew.o /home/isti/earthworm/lib/time_ew.o /home/isti/earthworm/lib/threads_ew.o /home/isti/earthworm/lib/sema_ew.o /home/isti/earthworm/lib/mem_circ_queue.o /home/isti/earthworm/lib/getavail.o /home/isti/earthworm/lib/getsysname_ew.o /home/isti/earthworm/lib/chron3.o /home/isti/earthworm/lib/parse_trig.o /home/isti/earthworm/lib/pipe.o /home/isti/earthworm/lib/socket_ew.o /home/isti/earthworm/lib/socket_ew_common.o /home/isti/earthworm/lib/ws_clientII.o /home/isti/earthworm/lib/gd.o /home/isti/earthworm/lib/gdfontt.o /home/isti/earthworm/lib/gdfonts.o /home/isti/earthworm/lib/gdfontmb.o /home/isti/earthworm/lib/gdfontl.o /home/isti/earthworm/lib/gdfontg.o -lsocket -lnsl -lm -mt -lposix4 -lthread -lc
make[2]: Leaving directory `/home/isti/earthworm/src/display/sgram'
make[1]: Leaving directory `/home/isti/earthworm/src/display'
------
Making sol_modules in:
/home/isti/earthworm/src/grab_bag
make[1]: Entering directory `/home/isti/earthworm/src/grab_bag'
------
Making sol_modules in:
/home/isti/earthworm/src/grab_bag/arc2trig
make[2]: Entering directory `/home/isti/earthworm/src/grab_bag/arc2trig'
cc -c -D_REENTRANT -D_SPARC -D_SOLARIS -I/home/isti/earthworm/include -I/home/isti/earthworm/src/oracle/schema/src/include -I/home/isti/earthworm/src/oracle/schema/src/include/internal -I/home/isti/earthworm/src/oracle/apps/src/include -I/opt/oracle/rdbms/demo arc2trig.c
cc -c -D_REENTRANT -D_SPARC -D_SOLARIS -I/home/isti/earthworm/include -I/home/isti/earthworm/src/oracle/schema/src/include -I/home/isti/earthworm/src/oracle/schema/src/include/internal -I/home/isti/earthworm/src/oracle/apps/src/include -I/opt/oracle/rdbms/demo writetrig.c
cc -o /home/isti/earthworm/bin/arc2trig arc2trig.o writetrig.o /home/isti/earthworm/lib/chron3.o /home/isti/earthworm/lib/logit.o /home/isti/earthworm/lib/getutil.o /home/isti/earthworm/lib/read_arc.o /home/isti/earthworm/lib/transport.o /home/isti/earthworm/lib/kom.o /home/isti/earthworm/lib/sleep_ew.o /home/isti/earthworm/lib/time_ew.o -lm -lposix4
make[2]: Leaving directory `/home/isti/earthworm/src/grab_bag/arc2trig'
------
Making sol_modules in:
/home/isti/earthworm/src/grab_bag/getter
make[2]: Entering directory `/home/isti/earthworm/src/grab_bag/getter'
cc -D_SPARC -D_SOLARIS -I/home/isti/earthworm/include -I/home/isti/earthworm/src/oracle/schema/src/include -I/home/isti/earthworm/src/oracle/schema/src/include/internal -I/home/isti/earthworm/src/oracle/apps/src/include -I/opt/oracle/rdbms/demo   -c -o getter.o getter.c
cc -o /home/isti/earthworm/bin/getter getter.o /home/isti/earthworm/lib/getutil.o /home/isti/earthworm/lib/kom.o /home/isti/earthworm/lib/transport.o /home/isti/earthworm/lib/sleep_ew.o \
-lm -lposix4
make[2]: Leaving directory `/home/isti/earthworm/src/grab_bag/getter'
------
Making sol_modules in:
/home/isti/earthworm/src/grab_bag/pick_recorder
make[2]: Entering directory `/home/isti/earthworm/src/grab_bag/pick_recorder'
cc -D_SPARC -D_SOLARIS -I/home/isti/earthworm/include -I/home/isti/earthworm/src/oracle/schema/src/include -I/home/isti/earthworm/src/oracle/schema/src/include/internal -I/home/isti/earthworm/src/oracle/apps/src/include -I/opt/oracle/rdbms/demo   -c -o pick_recorder.o pick_recorder.c
cc -D_SPARC -D_SOLARIS -I/home/isti/earthworm/include -I/home/isti/earthworm/src/oracle/schema/src/include -I/home/isti/earthworm/src/oracle/schema/src/include/internal -I/home/isti/earthworm/src/oracle/apps/src/include -I/opt/oracle/rdbms/demo -o /home/isti/earthworm/bin/pick_recorder pick_recorder.o /home/isti/earthworm/lib/logit.o /home/isti/earthworm/lib/kom.o /home/isti/earthworm/lib/getutil.o /home/isti/earthworm/lib/sleep_ew.o /home/isti/earthworm/lib/time_ew.o /home/isti/earthworm/lib/transport.o /home/isti/earthworm/lib/swap.o /home/isti/earthworm/lib/mem_circ_queue.o /home/isti/earthworm/lib/threads_ew.o /home/isti/earthworm/lib/sema_ew.o  -lm -lposix4 -lthread
make[2]: Leaving directory `/home/isti/earthworm/src/grab_bag/pick_recorder'
------
Making sol_modules in:
/home/isti/earthworm/src/grab_bag/putter
make[2]: Entering directory `/home/isti/earthworm/src/grab_bag/putter'
cc -D_SPARC -D_SOLARIS -I/home/isti/earthworm/include -I/home/isti/earthworm/src/oracle/schema/src/include -I/home/isti/earthworm/src/oracle/schema/src/include/internal -I/home/isti/earthworm/src/oracle/apps/src/include -I/opt/oracle/rdbms/demo   -c -o putter.o putter.c
cc -o /home/isti/earthworm/bin/putter putter.o /home/isti/earthworm/lib/getutil.o /home/isti/earthworm/lib/kom.o /home/isti/earthworm/lib/transport.o /home/isti/earthworm/lib/sleep_ew.o \
-lm -lposix4
make[2]: Leaving directory `/home/isti/earthworm/src/grab_bag/putter'
make[1]: Leaving directory `/home/isti/earthworm/src/grab_bag'
------
Making sol_modules in:
/home/isti/earthworm/src/reporting
make[1]: Entering directory `/home/isti/earthworm/src/reporting'
------
Making sol_modules in:
/home/isti/earthworm/src/reporting/copystatus
make[2]: Entering directory `/home/isti/earthworm/src/reporting/copystatus'
cc -D_SPARC -D_SOLARIS -I/home/isti/earthworm/include -I/home/isti/earthworm/src/oracle/schema/src/include -I/home/isti/earthworm/src/oracle/schema/src/include/internal -I/home/isti/earthworm/src/oracle/apps/src/include -I/opt/oracle/rdbms/demo   -c -o copystatus.o copystatus.c
cc -o /home/isti/earthworm/bin/copystatus copystatus.o /home/isti/earthworm/lib/getutil.o /home/isti/earthworm/lib/kom.o /home/isti/earthworm/lib/transport.o \
          /home/isti/earthworm/lib/sleep_ew.o /home/isti/earthworm/lib/errexit.o -lposix4
make[2]: Leaving directory `/home/isti/earthworm/src/reporting/copystatus'
------
Making sol_modules in:
/home/isti/earthworm/src/reporting/diskmgr
make[2]: Entering directory `/home/isti/earthworm/src/reporting/diskmgr'
cc -D_SPARC -D_SOLARIS -I/home/isti/earthworm/include -I/home/isti/earthworm/src/oracle/schema/src/include -I/home/isti/earthworm/src/oracle/schema/src/include/internal -I/home/isti/earthworm/src/oracle/apps/src/include -I/opt/oracle/rdbms/demo   -c -o diskmgr.o diskmgr.c
cc -o /home/isti/earthworm/bin/diskmgr diskmgr.o /home/isti/earthworm/lib/getavail.o /home/isti/earthworm/lib/getutil.o /home/isti/earthworm/lib/kom.o /home/isti/earthworm/lib/logit.o /home/isti/earthworm/lib/sleep_ew.o /home/isti/earthworm/lib/time_ew.o /home/isti/earthworm/lib/transport.o  /home/isti/earthworm/lib/dirops_ew.o -lm -lposix4
make[2]: Leaving directory `/home/isti/earthworm/src/reporting/diskmgr'
------
Making sol_modules in:
/home/isti/earthworm/src/reporting/statmgr
make[2]: Entering directory `/home/isti/earthworm/src/reporting/statmgr'
cc -D_SPARC -D_SOLARIS -I/home/isti/earthworm/include -I/home/isti/earthworm/src/oracle/schema/src/include -I/home/isti/earthworm/src/oracle/schema/src/include/internal -I/home/isti/earthworm/src/oracle/apps/src/include -I/opt/oracle/rdbms/demo   -c -o statmgr.o statmgr.c
cc -D_SPARC -D_SOLARIS -I/home/isti/earthworm/include -I/home/isti/earthworm/src/oracle/schema/src/include -I/home/isti/earthworm/src/oracle/schema/src/include/internal -I/home/isti/earthworm/src/oracle/apps/src/include -I/opt/oracle/rdbms/demo   -c -o files.o files.c
cc -D_SPARC -D_SOLARIS -I/home/isti/earthworm/include -I/home/isti/earthworm/src/oracle/schema/src/include -I/home/isti/earthworm/src/oracle/schema/src/include/internal -I/home/isti/earthworm/src/oracle/apps/src/include -I/opt/oracle/rdbms/demo   -c -o pageout.o pageout.c
cc -g -o /home/isti/earthworm/bin/statmgr statmgr.o files.o pageout.o /home/isti/earthworm/lib/kom.o /home/isti/earthworm/lib/logit.o /home/isti/earthworm/lib/getutil.o /home/isti/earthworm/lib/sendmail.o /home/isti/earthworm/lib/sleep_ew.o /home/isti/earthworm/lib/time_ew.o /home/isti/earthworm/lib/transport.o /home/isti/earthworm/lib/errexit.o -lc -lm -lposix4
make[2]: Leaving directory `/home/isti/earthworm/src/reporting/statmgr'
make[1]: Leaving directory `/home/isti/earthworm/src/reporting'
------
Making sol_modules in:
/home/isti/earthworm/src/seismic_processing
make[1]: Entering directory `/home/isti/earthworm/src/seismic_processing'
------
Making sol_modules in:
/home/isti/earthworm/src/seismic_processing/binder_ew
make[2]: Entering directory `/home/isti/earthworm/src/seismic_processing/binder_ew'
cc -D_REENTRANT -D_SPARC -D_SOLARIS -I/home/isti/earthworm/include -I/home/isti/earthworm/src/oracle/schema/src/include -I/home/isti/earthworm/src/oracle/schema/src/include/internal -I/home/isti/earthworm/src/oracle/apps/src/include -I/opt/oracle/rdbms/demo   -c -o binder_ew.o binder_ew.c
cc -D_REENTRANT -D_SPARC -D_SOLARIS -I/home/isti/earthworm/include -I/home/isti/earthworm/src/oracle/schema/src/include -I/home/isti/earthworm/src/oracle/schema/src/include/internal -I/home/isti/earthworm/src/oracle/apps/src/include -I/opt/oracle/rdbms/demo   -c -o bind.o bind.c
cc -D_REENTRANT -D_SPARC -D_SOLARIS -I/home/isti/earthworm/include -I/home/isti/earthworm/src/oracle/schema/src/include -I/home/isti/earthworm/src/oracle/schema/src/include/internal -I/home/isti/earthworm/src/oracle/apps/src/include -I/opt/oracle/rdbms/demo   -c -o grid.o grid.c
cc -D_REENTRANT -D_SPARC -D_SOLARIS -I/home/isti/earthworm/include -I/home/isti/earthworm/src/oracle/schema/src/include -I/home/isti/earthworm/src/oracle/schema/src/include/internal -I/home/isti/earthworm/src/oracle/apps/src/include -I/opt/oracle/rdbms/demo   -c -o hyp.o hyp.c
cc -D_REENTRANT -D_SPARC -D_SOLARIS -I/home/isti/earthworm/include -I/home/isti/earthworm/src/oracle/schema/src/include -I/home/isti/earthworm/src/oracle/schema/src/include/internal -I/home/isti/earthworm/src/oracle/apps/src/include -I/opt/oracle/rdbms/demo   -c -o l1.o l1.c
cc -D_REENTRANT -D_SPARC -D_SOLARIS -I/home/isti/earthworm/include -I/home/isti/earthworm/src/oracle/schema/src/include -I/home/isti/earthworm/src/oracle/schema/src/include/internal -I/home/isti/earthworm/src/oracle/apps/src/include -I/opt/oracle/rdbms/demo   -c -o nrutil.o nrutil.c
cc -D_REENTRANT -D_SPARC -D_SOLARIS -I/home/isti/earthworm/include -I/home/isti/earthworm/src/oracle/schema/src/include -I/home/isti/earthworm/src/oracle/schema/src/include/internal -I/home/isti/earthworm/src/oracle/apps/src/include -I/opt/oracle/rdbms/demo   -c -o assess.o assess.c
cc -D_REENTRANT -D_SPARC -D_SOLARIS -I/home/isti/earthworm/include -I/home/isti/earthworm/src/oracle/schema/src/include -I/home/isti/earthworm/src/oracle/schema/src/include/internal -I/home/isti/earthworm/src/oracle/apps/src/include -I/opt/oracle/rdbms/demo   -c -o sample.o sample.c
cc -D_REENTRANT -D_SPARC -D_SOLARIS -I/home/isti/earthworm/include -I/home/isti/earthworm/src/oracle/schema/src/include -I/home/isti/earthworm/src/oracle/schema/src/include/internal -I/home/isti/earthworm/src/oracle/apps/src/include -I/opt/oracle/rdbms/demo   -c -o ingelada.o ingelada.c
cc -o /home/isti/earthworm/bin/binder_ew binder_ew.o bind.o grid.o hyp.o l1.o nrutil.o assess.o sample.o ingelada.o /home/isti/earthworm/lib/tlay.o /home/isti/earthworm/lib/mnbrak.o /home/isti/earthworm/lib/brent.o /home/isti/earthworm/lib/logit_mt.o /home/isti/earthworm/lib/getutil.o /home/isti/earthworm/lib/sema_ew.o /home/isti/earthworm/lib/site.o /home/isti/earthworm/lib/sleep_ew.o /home/isti/earthworm/lib/kom.o /home/isti/earthworm/lib/chron3.o /home/isti/earthworm/lib/time_ew.o /home/isti/earthworm/lib/transport.o /home/isti/earthworm/lib/rdpickcoda.o -lm -mt -lposix4 -lthread
make[2]: Leaving directory `/home/isti/earthworm/src/seismic_processing/binder_ew'
------
Making sol_modules in:
/home/isti/earthworm/src/seismic_processing/carlstatrig
make[2]: Entering directory `/home/isti/earthworm/src/seismic_processing/carlstatrig'
cc -D_SPARC -D_SOLARIS -I/home/isti/earthworm/include -I/home/isti/earthworm/src/oracle/schema/src/include -I/home/isti/earthworm/src/oracle/schema/src/include/internal -I/home/isti/earthworm/src/oracle/apps/src/include -I/opt/oracle/rdbms/demo -g  -c  -o addtrace.o addtrace.c
cc -D_SPARC -D_SOLARIS -I/home/isti/earthworm/include -I/home/isti/earthworm/src/oracle/schema/src/include -I/home/isti/earthworm/src/oracle/schema/src/include/internal -I/home/isti/earthworm/src/oracle/apps/src/include -I/opt/oracle/rdbms/demo -g  -c  -o carlstatrig.o carlstatrig.c
cc -D_SPARC -D_SOLARIS -I/home/isti/earthworm/include -I/home/isti/earthworm/src/oracle/schema/src/include -I/home/isti/earthworm/src/oracle/schema/src/include/internal -I/home/isti/earthworm/src/oracle/apps/src/include -I/opt/oracle/rdbms/demo -g  -c  -o cmprscn.o cmprscn.c
cc -D_SPARC -D_SOLARIS -I/home/isti/earthworm/include -I/home/isti/earthworm/src/oracle/schema/src/include -I/home/isti/earthworm/src/oracle/schema/src/include/internal -I/home/isti/earthworm/src/oracle/apps/src/include -I/opt/oracle/rdbms/demo -g  -c  -o findsta.o findsta.c
cc -D_SPARC -D_SOLARIS -I/home/isti/earthworm/include -I/home/isti/earthworm/src/oracle/schema/src/include -I/home/isti/earthworm/src/oracle/schema/src/include/internal -I/home/isti/earthworm/src/oracle/apps/src/include -I/opt/oracle/rdbms/demo -g  -c  -o flushbuf.o flushbuf.c
cc -D_SPARC -D_SOLARIS -I/home/isti/earthworm/include -I/home/isti/earthworm/src/oracle/schema/src/include -I/home/isti/earthworm/src/oracle/schema/src/include/internal -I/home/isti/earthworm/src/oracle/apps/src/include -I/opt/oracle/rdbms/demo -g  -c  -o initpars.o initpars.c
cc -D_SPARC -D_SOLARIS -I/home/isti/earthworm/include -I/home/isti/earthworm/src/oracle/schema/src/include -I/home/isti/earthworm/src/oracle/schema/src/include/internal -I/home/isti/earthworm/src/oracle/apps/src/include -I/opt/oracle/rdbms/demo -g  -c  -o initsta.o initsta.c
cc -D_SPARC -D_SOLARIS -I/home/isti/earthworm/include -I/home/isti/earthworm/src/oracle/schema/src/include -I/home/isti/earthworm/src/oracle/schema/src/include/internal -I/home/isti/earthworm/src/oracle/apps/src/include -I/opt/oracle/rdbms/demo -g  -c  -o prodstatrg.o prodstatrg.c
cc -D_SPARC -D_SOLARIS -I/home/isti/earthworm/include -I/home/isti/earthworm/src/oracle/schema/src/include -I/home/isti/earthworm/src/oracle/schema/src/include/internal -I/home/isti/earthworm/src/oracle/apps/src/include -I/opt/oracle/rdbms/demo -g  -c  -o protrace.o protrace.c
cc -D_SPARC -D_SOLARIS -I/home/isti/earthworm/include -I/home/isti/earthworm/src/oracle/schema/src/include -I/home/isti/earthworm/src/oracle/schema/src/include/internal -I/home/isti/earthworm/src/oracle/apps/src/include -I/opt/oracle/rdbms/demo -g  -c  -o readcnfg.o readcnfg.c
cc -D_SPARC -D_SOLARIS -I/home/isti/earthworm/include -I/home/isti/earthworm/src/oracle/schema/src/include -I/home/isti/earthworm/src/oracle/schema/src/include/internal -I/home/isti/earthworm/src/oracle/apps/src/include -I/opt/oracle/rdbms/demo -g  -c  -o readewh.o readewh.c
cc -D_SPARC -D_SOLARIS -I/home/isti/earthworm/include -I/home/isti/earthworm/src/oracle/schema/src/include -I/home/isti/earthworm/src/oracle/schema/src/include/internal -I/home/isti/earthworm/src/oracle/apps/src/include -I/opt/oracle/rdbms/demo -g  -c  -o readstas.o readstas.c
cc -D_SPARC -D_SOLARIS -I/home/isti/earthworm/include -I/home/isti/earthworm/src/oracle/schema/src/include -I/home/isti/earthworm/src/oracle/schema/src/include/internal -I/home/isti/earthworm/src/oracle/apps/src/include -I/opt/oracle/rdbms/demo -g  -c  -o resetsta.o resetsta.c
cc -D_SPARC -D_SOLARIS -I/home/isti/earthworm/include -I/home/isti/earthworm/src/oracle/schema/src/include -I/home/isti/earthworm/src/oracle/schema/src/include/internal -I/home/isti/earthworm/src/oracle/apps/src/include -I/opt/oracle/rdbms/demo -g  -c  -o statrpt.o statrpt.c
cc -D_SPARC -D_SOLARIS -I/home/isti/earthworm/include -I/home/isti/earthworm/src/oracle/schema/src/include -I/home/isti/earthworm/src/oracle/schema/src/include/internal -I/home/isti/earthworm/src/oracle/apps/src/include -I/opt/oracle/rdbms/demo -g  -c  -o updtsta.o updtsta.c
cc -g -o /home/isti/earthworm/bin/carlstatrig addtrace.o carlstatrig.o cmprscn.o findsta.o flushbuf.o initpars.o initsta.o prodstatrg.o protrace.o readcnfg.o readewh.o readstas.o resetsta.o statrpt.o updtsta.o /home/isti/earthworm/lib/getutil.o /home/isti/earthworm/lib/kom.o /home/isti/earthworm/lib/logit.o /home/isti/earthworm/lib/sleep_ew.o /home/isti/earthworm/lib/swap.o /home/isti/earthworm/lib/time_ew.o /home/isti/earthworm/lib/transport.o -lm -lposix4
make[2]: Leaving directory `/home/isti/earthworm/src/seismic_processing/carlstatrig'
------
Making sol_modules in:
/home/isti/earthworm/src/seismic_processing/carlsubtrig
make[2]: Entering directory `/home/isti/earthworm/src/seismic_processing/carlsubtrig'
cc -c -D_SPARC -D_SOLARIS -I/home/isti/earthworm/include -I/home/isti/earthworm/src/oracle/schema/src/include -I/home/isti/earthworm/src/oracle/schema/src/include/internal -I/home/isti/earthworm/src/oracle/apps/src/include -I/opt/oracle/rdbms/demo -g addexttrig.c
cc -c -D_SPARC -D_SOLARIS -I/home/isti/earthworm/include -I/home/isti/earthworm/src/oracle/schema/src/include -I/home/isti/earthworm/src/oracle/schema/src/include/internal -I/home/isti/earthworm/src/oracle/apps/src/include -I/opt/oracle/rdbms/demo -g cmprscn.c
cc -c -D_SPARC -D_SOLARIS -I/home/isti/earthworm/include -I/home/isti/earthworm/src/oracle/schema/src/include -I/home/isti/earthworm/src/oracle/schema/src/include/internal -I/home/isti/earthworm/src/oracle/apps/src/include -I/opt/oracle/rdbms/demo -g carlsubtrig.c
cc -c -D_SPARC -D_SOLARIS -I/home/isti/earthworm/include -I/home/isti/earthworm/src/oracle/schema/src/include -I/home/isti/earthworm/src/oracle/schema/src/include/internal -I/home/isti/earthworm/src/oracle/apps/src/include -I/opt/oracle/rdbms/demo -g findsta.c
cc -c -D_SPARC -D_SOLARIS -I/home/isti/earthworm/include -I/home/isti/earthworm/src/oracle/schema/src/include -I/home/isti/earthworm/src/oracle/schema/src/include/internal -I/home/isti/earthworm/src/oracle/apps/src/include -I/opt/oracle/rdbms/demo -g getsubnet.c
cc -c -D_SPARC -D_SOLARIS -I/home/isti/earthworm/include -I/home/isti/earthworm/src/oracle/schema/src/include -I/home/isti/earthworm/src/oracle/schema/src/include/internal -I/home/isti/earthworm/src/oracle/apps/src/include -I/opt/oracle/rdbms/demo -g initpars.c
cc -c -D_SPARC -D_SOLARIS -I/home/isti/earthworm/include -I/home/isti/earthworm/src/oracle/schema/src/include -I/home/isti/earthworm/src/oracle/schema/src/include/internal -I/home/isti/earthworm/src/oracle/apps/src/include -I/opt/oracle/rdbms/demo -g initsta.c
cc -c -D_SPARC -D_SOLARIS -I/home/isti/earthworm/include -I/home/isti/earthworm/src/oracle/schema/src/include -I/home/isti/earthworm/src/oracle/schema/src/include/internal -I/home/isti/earthworm/src/oracle/apps/src/include -I/opt/oracle/rdbms/demo -g initsub.c
cc -c -D_SPARC -D_SOLARIS -I/home/isti/earthworm/include -I/home/isti/earthworm/src/oracle/schema/src/include -I/home/isti/earthworm/src/oracle/schema/src/include/internal -I/home/isti/earthworm/src/oracle/apps/src/include -I/opt/oracle/rdbms/demo -g prodtrig.c
cc -c -D_SPARC -D_SOLARIS -I/home/isti/earthworm/include -I/home/isti/earthworm/src/oracle/schema/src/include -I/home/isti/earthworm/src/oracle/schema/src/include/internal -I/home/isti/earthworm/src/oracle/apps/src/include -I/opt/oracle/rdbms/demo -g prostatrg.c
cc -c -D_SPARC -D_SOLARIS -I/home/isti/earthworm/include -I/home/isti/earthworm/src/oracle/schema/src/include -I/home/isti/earthworm/src/oracle/schema/src/include/internal -I/home/isti/earthworm/src/oracle/apps/src/include -I/opt/oracle/rdbms/demo -g readcnfg.c
cc -c -D_SPARC -D_SOLARIS -I/home/isti/earthworm/include -I/home/isti/earthworm/src/oracle/schema/src/include -I/home/isti/earthworm/src/oracle/schema/src/include/internal -I/home/isti/earthworm/src/oracle/apps/src/include -I/opt/oracle/rdbms/demo -g readewh.c
cc -c -D_SPARC -D_SOLARIS -I/home/isti/earthworm/include -I/home/isti/earthworm/src/oracle/schema/src/include -I/home/isti/earthworm/src/oracle/schema/src/include/internal -I/home/isti/earthworm/src/oracle/apps/src/include -I/opt/oracle/rdbms/demo -g readstas.c
cc -c -D_SPARC -D_SOLARIS -I/home/isti/earthworm/include -I/home/isti/earthworm/src/oracle/schema/src/include -I/home/isti/earthworm/src/oracle/schema/src/include/internal -I/home/isti/earthworm/src/oracle/apps/src/include -I/opt/oracle/rdbms/demo -g readsubs.c
cc -c -D_SPARC -D_SOLARIS -I/home/isti/earthworm/include -I/home/isti/earthworm/src/oracle/schema/src/include -I/home/isti/earthworm/src/oracle/schema/src/include/internal -I/home/isti/earthworm/src/oracle/apps/src/include -I/opt/oracle/rdbms/demo -g rmstatrig.c
cc -c -D_SPARC -D_SOLARIS -I/home/isti/earthworm/include -I/home/isti/earthworm/src/oracle/schema/src/include -I/home/isti/earthworm/src/oracle/schema/src/include/internal -I/home/isti/earthworm/src/oracle/apps/src/include -I/opt/oracle/rdbms/demo -g sbntthrd.c
cc -c -D_SPARC -D_SOLARIS -I/home/isti/earthworm/include -I/home/isti/earthworm/src/oracle/schema/src/include -I/home/isti/earthworm/src/oracle/schema/src/include/internal -I/home/isti/earthworm/src/oracle/apps/src/include -I/opt/oracle/rdbms/demo -g statrpt.c
cc -o /home/isti/earthworm/bin/carlsubtrig addexttrig.o cmprscn.o carlsubtrig.o findsta.o getsubnet.o initpars.o initsta.o initsub.o prodtrig.o prostatrg.o readcnfg.o readewh.o readstas.o readsubs.o rmstatrig.o sbntthrd.o statrpt.o /home/isti/earthworm/lib/chron3.o /home/isti/earthworm/lib/getutil.o /home/isti/earthworm/lib/kom.o /home/isti/earthworm/lib/logit_mt.o /home/isti/earthworm/lib/sema_ew.o /home/isti/earthworm/lib/sleep_ew.o /home/isti/earthworm/lib/swap.o /home/isti/earthworm/lib/time_ew.o /home/isti/earthworm/lib/threads_ew.o /home/isti/earthworm/lib/transport.o -lthread -lm -lposix4
make[2]: Leaving directory `/home/isti/earthworm/src/seismic_processing/carlsubtrig'
------
Making sol_modules in:
/home/isti/earthworm/src/seismic_processing/compress_UA
make[2]: Entering directory `/home/isti/earthworm/src/seismic_processing/compress_UA'
cc -D_SPARC -D_SOLARIS -I/home/isti/earthworm/include -I/home/isti/earthworm/src/oracle/schema/src/include -I/home/isti/earthworm/src/oracle/schema/src/include/internal -I/home/isti/earthworm/src/oracle/apps/src/include -I/opt/oracle/rdbms/demo   -c -o compress_UA.o compress_UA.c
cc -o /home/isti/earthworm/bin/compress_UA compress_UA.o /home/isti/earthworm/lib/logit.o /home/isti/earthworm/lib/kom.o /home/isti/earthworm/lib/getutil.o /home/isti/earthworm/lib/sleep_ew.o /home/isti/earthworm/lib/time_ew.o /home/isti/earthworm/lib/transport.o /home/isti/earthworm/lib/swap.o -lm -lposix4
make[2]: Leaving directory `/home/isti/earthworm/src/seismic_processing/compress_UA'
------
Making sol_modules in:
/home/isti/earthworm/src/seismic_processing/decimate
make[2]: Entering directory `/home/isti/earthworm/src/seismic_processing/decimate'
cc -c -O -D_SPARC -D_SOLARIS -I/home/isti/earthworm/include -I/home/isti/earthworm/src/oracle/schema/src/include -I/home/isti/earthworm/src/oracle/schema/src/include/internal -I/home/isti/earthworm/src/oracle/apps/src/include -I/opt/oracle/rdbms/demo decimate.c
cc -c -O -D_SPARC -D_SOLARIS -I/home/isti/earthworm/include -I/home/isti/earthworm/src/oracle/schema/src/include -I/home/isti/earthworm/src/oracle/schema/src/include/internal -I/home/isti/earthworm/src/oracle/apps/src/include -I/opt/oracle/rdbms/demo configure.c
cc -c -O -D_SPARC -D_SOLARIS -I/home/isti/earthworm/include -I/home/isti/earthworm/src/oracle/schema/src/include -I/home/isti/earthworm/src/oracle/schema/src/include/internal -I/home/isti/earthworm/src/oracle/apps/src/include -I/opt/oracle/rdbms/demo decthrd.c
cc -c -O -D_SPARC -D_SOLARIS -I/home/isti/earthworm/include -I/home/isti/earthworm/src/oracle/schema/src/include -I/home/isti/earthworm/src/oracle/schema/src/include/internal -I/home/isti/earthworm/src/oracle/apps/src/include -I/opt/oracle/rdbms/demo do1stg.c
cc -c -O -D_SPARC -D_SOLARIS -I/home/isti/earthworm/include -I/home/isti/earthworm/src/oracle/schema/src/include -I/home/isti/earthworm/src/oracle/schema/src/include/internal -I/home/isti/earthworm/src/oracle/apps/src/include -I/opt/oracle/rdbms/demo filtdecim.c
cc -c -O -D_SPARC -D_SOLARIS -I/home/isti/earthworm/include -I/home/isti/earthworm/src/oracle/schema/src/include -I/home/isti/earthworm/src/oracle/schema/src/include/internal -I/home/isti/earthworm/src/oracle/apps/src/include -I/opt/oracle/rdbms/demo hqr.c
cc -c -O -D_SPARC -D_SOLARIS -I/home/isti/earthworm/include -I/home/isti/earthworm/src/oracle/schema/src/include -I/home/isti/earthworm/src/oracle/schema/src/include/internal -I/home/isti/earthworm/src/oracle/apps/src/include -I/opt/oracle/rdbms/demo initpars.c
cc -c -O -D_SPARC -D_SOLARIS -I/home/isti/earthworm/include -I/home/isti/earthworm/src/oracle/schema/src/include -I/home/isti/earthworm/src/oracle/schema/src/include/internal -I/home/isti/earthworm/src/oracle/apps/src/include -I/opt/oracle/rdbms/demo matchscn.c
cc -c -O -D_SPARC -D_SOLARIS -I/home/isti/earthworm/include -I/home/isti/earthworm/src/oracle/schema/src/include -I/home/isti/earthworm/src/oracle/schema/src/include/internal -I/home/isti/earthworm/src/oracle/apps/src/include -I/opt/oracle/rdbms/demo readcnfg.c
cc -c -O -D_SPARC -D_SOLARIS -I/home/isti/earthworm/include -I/home/isti/earthworm/src/oracle/schema/src/include -I/home/isti/earthworm/src/oracle/schema/src/include/internal -I/home/isti/earthworm/src/oracle/apps/src/include -I/opt/oracle/rdbms/demo readewh.c
cc -c -O -D_SPARC -D_SOLARIS -I/home/isti/earthworm/include -I/home/isti/earthworm/src/oracle/schema/src/include -I/home/isti/earthworm/src/oracle/schema/src/include/internal -I/home/isti/earthworm/src/oracle/apps/src/include -I/opt/oracle/rdbms/demo remeznp.c
cc -c -O -D_SPARC -D_SOLARIS -I/home/isti/earthworm/include -I/home/isti/earthworm/src/oracle/schema/src/include -I/home/isti/earthworm/src/oracle/schema/src/include/internal -I/home/isti/earthworm/src/oracle/apps/src/include -I/opt/oracle/rdbms/demo resetsta.c
cc -c -O -D_SPARC -D_SOLARIS -I/home/isti/earthworm/include -I/home/isti/earthworm/src/oracle/schema/src/include -I/home/isti/earthworm/src/oracle/schema/src/include/internal -I/home/isti/earthworm/src/oracle/apps/src/include -I/opt/oracle/rdbms/demo setdecstg.c
cc -c -O -D_SPARC -D_SOLARIS -I/home/isti/earthworm/include -I/home/isti/earthworm/src/oracle/schema/src/include -I/home/isti/earthworm/src/oracle/schema/src/include/internal -I/home/isti/earthworm/src/oracle/apps/src/include -I/opt/oracle/rdbms/demo setstafilt.c
cc -c -O -D_SPARC -D_SOLARIS -I/home/isti/earthworm/include -I/home/isti/earthworm/src/oracle/schema/src/include -I/home/isti/earthworm/src/oracle/schema/src/include/internal -I/home/isti/earthworm/src/oracle/apps/src/include -I/opt/oracle/rdbms/demo statrpt.c
cc -c -O -D_SPARC -D_SOLARIS -I/home/isti/earthworm/include -I/home/isti/earthworm/src/oracle/schema/src/include -I/home/isti/earthworm/src/oracle/schema/src/include/internal -I/home/isti/earthworm/src/oracle/apps/src/include -I/opt/oracle/rdbms/demo zeroes.c
cc -O -D_SPARC -D_SOLARIS -I/home/isti/earthworm/include -I/home/isti/earthworm/src/oracle/schema/src/include -I/home/isti/earthworm/src/oracle/schema/src/include/internal -I/home/isti/earthworm/src/oracle/apps/src/include -I/opt/oracle/rdbms/demo -o /home/isti/earthworm/bin/decimate decimate.o configure.o decthrd.o do1stg.o filtdecim.o hqr.o initpars.o matchscn.o readcnfg.o readewh.o remeznp.o resetsta.o setdecstg.o setstafilt.o statrpt.o zeroes.o /home/isti/earthworm/lib/logit_mt.o /home/isti/earthworm/lib/kom.o /home/isti/earthworm/lib/getutil.o /home/isti/earthworm/lib/sleep_ew.o /home/isti/earthworm/lib/time_ew.o /home/isti/earthworm/lib/transport.o /home/isti/earthworm/lib/swap.o /home/isti/earthworm/lib/mem_circ_queue.o /home/isti/earthworm/lib/threads_ew.o /home/isti/earthworm/lib/trheadconv.o /home/isti/earthworm/lib/sema_ew.o  -lm -lposix4 -lthread
make[2]: Leaving directory `/home/isti/earthworm/src/seismic_processing/decimate'
------
Making sol_modules in:
/home/isti/earthworm/src/seismic_processing/decompress_UA
make[2]: Entering directory `/home/isti/earthworm/src/seismic_processing/decompress_UA'
cc -D_SPARC -D_SOLARIS -I/home/isti/earthworm/include -I/home/isti/earthworm/src/oracle/schema/src/include -I/home/isti/earthworm/src/oracle/schema/src/include/internal -I/home/isti/earthworm/src/oracle/apps/src/include -I/opt/oracle/rdbms/demo   -c -o decompress_UA.o decompress_UA.c
cc -o /home/isti/earthworm/bin/decompress_UA decompress_UA.o /home/isti/earthworm/lib/logit.o /home/isti/earthworm/lib/kom.o /home/isti/earthworm/lib/getutil.o /home/isti/earthworm/lib/sleep_ew.o /home/isti/earthworm/lib/time_ew.o /home/isti/earthworm/lib/transport.o /home/isti/earthworm/lib/swap.o -lm -lposix4
make[2]: Leaving directory `/home/isti/earthworm/src/seismic_processing/decompress_UA'
------
Making sol_modules in:
/home/isti/earthworm/src/seismic_processing/eqbuf
make[2]: Entering directory `/home/isti/earthworm/src/seismic_processing/eqbuf'
cc -D_REENTRANT -D_SPARC -D_SOLARIS -I/home/isti/earthworm/include -I/home/isti/earthworm/src/oracle/schema/src/include -I/home/isti/earthworm/src/oracle/schema/src/include/internal -I/home/isti/earthworm/src/oracle/apps/src/include -I/opt/oracle/rdbms/demo   -c -o eqbuf.o eqbuf.c
cc -o /home/isti/earthworm/bin/eqbuf eqbuf.o /home/isti/earthworm/lib/kom.o /home/isti/earthworm/lib/getutil.o \
/home/isti/earthworm/lib/logit.o /home/isti/earthworm/lib/pipe.o /home/isti/earthworm/lib/sema_ew.o /home/isti/earthworm/lib/sleep_ew.o /home/isti/earthworm/lib/time_ew.o \
        /home/isti/earthworm/lib/mem_circ_queue.o /home/isti/earthworm/lib/threads_ew.o -mt -lposix4 -lthread -lc
make[2]: Leaving directory `/home/isti/earthworm/src/seismic_processing/eqbuf'
------
Making sol_modules in:
/home/isti/earthworm/src/seismic_processing/eqcoda
make[2]: Entering directory `/home/isti/earthworm/src/seismic_processing/eqcoda'
cc -D_SPARC -D_SOLARIS -I/home/isti/earthworm/include -I/home/isti/earthworm/src/oracle/schema/src/include -I/home/isti/earthworm/src/oracle/schema/src/include/internal -I/home/isti/earthworm/src/oracle/apps/src/include -I/opt/oracle/rdbms/demo   -c -o eqcoda.o eqcoda.c
cc -D_SPARC -D_SOLARIS -I/home/isti/earthworm/include -I/home/isti/earthworm/src/oracle/schema/src/include -I/home/isti/earthworm/src/oracle/schema/src/include/internal -I/home/isti/earthworm/src/oracle/apps/src/include -I/opt/oracle/rdbms/demo   -c -o eqm2_calls.o eqm2_calls.c
cc -D_SPARC -D_SOLARIS -I/home/isti/earthworm/include -I/home/isti/earthworm/src/oracle/schema/src/include -I/home/isti/earthworm/src/oracle/schema/src/include/internal -I/home/isti/earthworm/src/oracle/apps/src/include -I/opt/oracle/rdbms/demo   -c -o stalist.o stalist.c
cc -o /home/isti/earthworm/bin/eqcoda eqcoda.o eqm2_calls.o stalist.o \
/home/isti/earthworm/lib/chron3.o /home/isti/earthworm/lib/getutil.o \
/home/isti/earthworm/lib/kom.o /home/isti/earthworm/lib/logit.o /home/isti/earthworm/lib/time_ew.o /home/isti/earthworm/lib/pipe.o -lm -lposix4
make[2]: Leaving directory `/home/isti/earthworm/src/seismic_processing/eqcoda'
------
Making sol_modules in:
/home/isti/earthworm/src/seismic_processing/eqfilter
make[2]: Entering directory `/home/isti/earthworm/src/seismic_processing/eqfilter'
cc -D_REENTRANT -D_SPARC -D_SOLARIS -I/home/isti/earthworm/include -I/home/isti/earthworm/src/oracle/schema/src/include -I/home/isti/earthworm/src/oracle/schema/src/include/internal -I/home/isti/earthworm/src/oracle/apps/src/include -I/opt/oracle/rdbms/demo    -c -o eqfilter.o eqfilter.c
cc -D_REENTRANT -D_SPARC -D_SOLARIS -I/home/isti/earthworm/include -I/home/isti/earthworm/src/oracle/schema/src/include -I/home/isti/earthworm/src/oracle/schema/src/include/internal -I/home/isti/earthworm/src/oracle/apps/src/include -I/opt/oracle/rdbms/demo    -c -o area.o area.c
\
        cc -o /home/isti/earthworm/bin/eqfilter eqfilter.o area.o /home/isti/earthworm/lib/logit_mt.o /home/isti/earthworm/lib/chron3.o /home/isti/earthworm/lib/getutil.o /home/isti/earthworm/lib/kom.o /home/isti/earthworm/lib/sleep_ew.o /home/isti/earthworm/lib/threads_ew.o /home/isti/earthworm/lib/time_ew.o /home/isti/earthworm/lib/transport.o /home/isti/earthworm/lib/mem_circ_queue.o /home/isti/earthworm/lib/sema_ew.o /home/isti/earthworm/lib/parse_trig.o /home/isti/earthworm/lib/read_arc.o -lposix4 -lthread -lm
make[2]: Leaving directory `/home/isti/earthworm/src/seismic_processing/eqfilter'
------
Making sol_modules in:
/home/isti/earthworm/src/seismic_processing/eqprelim
make[2]: Entering directory `/home/isti/earthworm/src/seismic_processing/eqprelim'
cc -D_SPARC -D_SOLARIS -I/home/isti/earthworm/include -I/home/isti/earthworm/src/oracle/schema/src/include -I/home/isti/earthworm/src/oracle/schema/src/include/internal -I/home/isti/earthworm/src/oracle/apps/src/include -I/opt/oracle/rdbms/demo   -c -o eqprelim.o eqprelim.c
cc -o /home/isti/earthworm/bin/eqprelim  eqprelim.o /home/isti/earthworm/lib/site.o /home/isti/earthworm/lib/tlay.o /home/isti/earthworm/lib/logit.o /home/isti/earthworm/lib/time_ew.o /home/isti/earthworm/lib/kom.o /home/isti/earthworm/lib/chron3.o /home/isti/earthworm/lib/mnbrak.o /home/isti/earthworm/lib/brent.o /home/isti/earthworm/lib/getutil.o /home/isti/earthworm/lib/pipe.o /home/isti/earthworm/lib/rdpickcoda.o /home/isti/earthworm/lib/sleep_ew.o /home/isti/earthworm/lib/transport.o  -lm -lposix4
make[2]: Leaving directory `/home/isti/earthworm/src/seismic_processing/eqprelim'
------
Making sol_modules in:
/home/isti/earthworm/src/seismic_processing/eqproc
make[2]: Entering directory `/home/isti/earthworm/src/seismic_processing/eqproc'
make -f makefile.sol eqproc
make[3]: Entering directory `/home/isti/earthworm/src/seismic_processing/eqproc'
cc -D_SPARC -D_SOLARIS -I/home/isti/earthworm/include -I/home/isti/earthworm/src/oracle/schema/src/include -I/home/isti/earthworm/src/oracle/schema/src/include/internal -I/home/isti/earthworm/src/oracle/apps/src/include -I/opt/oracle/rdbms/demo   -c -o eqproc.o eqproc.c
cc -o /home/isti/earthworm/bin/eqproc  eqproc.o /home/isti/earthworm/lib/site.o /home/isti/earthworm/lib/tlay.o /home/isti/earthworm/lib/logit.o /home/isti/earthworm/lib/time_ew.o /home/isti/earthworm/lib/kom.o /home/isti/earthworm/lib/chron3.o /home/isti/earthworm/lib/mnbrak.o /home/isti/earthworm/lib/brent.o /home/isti/earthworm/lib/getutil.o /home/isti/earthworm/lib/pipe.o /home/isti/earthworm/lib/rdpickcoda.o /home/isti/earthworm/lib/sleep_ew.o /home/isti/earthworm/lib/transport.o     -lm -lposix4
make[3]: Leaving directory `/home/isti/earthworm/src/seismic_processing/eqproc'
make -f makefile.sol log_everything
make[3]: Entering directory `/home/isti/earthworm/src/seismic_processing/eqproc'
cc -D_SPARC -D_SOLARIS -I/home/isti/earthworm/include -I/home/isti/earthworm/src/oracle/schema/src/include -I/home/isti/earthworm/src/oracle/schema/src/include/internal -I/home/isti/earthworm/src/oracle/apps/src/include -I/opt/oracle/rdbms/demo   -c -o log_everything.o log_everything.c
cc -o /home/isti/earthworm/bin/log_everything log_everything.o /home/isti/earthworm/lib/pipe.o /home/isti/earthworm/lib/getutil.o /home/isti/earthworm/lib/kom.o -lm 
make[3]: Leaving directory `/home/isti/earthworm/src/seismic_processing/eqproc'
make[2]: Leaving directory `/home/isti/earthworm/src/seismic_processing/eqproc'
------
Making sol_modules in:
/home/isti/earthworm/src/seismic_processing/eqverify
make[2]: Entering directory `/home/isti/earthworm/src/seismic_processing/eqverify'
make -f makefile.sol eqverify
make[3]: Entering directory `/home/isti/earthworm/src/seismic_processing/eqverify'
cc -D_SPARC -D_SOLARIS -I/home/isti/earthworm/include -I/home/isti/earthworm/src/oracle/schema/src/include -I/home/isti/earthworm/src/oracle/schema/src/include/internal -I/home/isti/earthworm/src/oracle/apps/src/include -I/opt/oracle/rdbms/demo   -c -o eqverify.o eqverify.c
cc -o /home/isti/earthworm/bin/eqverify eqverify.o /home/isti/earthworm/lib/chron3.o /home/isti/earthworm/lib/getutil.o \
/home/isti/earthworm/lib/kom.o /home/isti/earthworm/lib/logit.o /home/isti/earthworm/lib/time_ew.o /home/isti/earthworm/lib/pipe.o /home/isti/earthworm/lib/sleep_ew.o -lm -lposix4 
make[3]: Leaving directory `/home/isti/earthworm/src/seismic_processing/eqverify'
make -f makefile.sol arcfeeder
make[3]: Entering directory `/home/isti/earthworm/src/seismic_processing/eqverify'
cc -D_SPARC -D_SOLARIS -I/home/isti/earthworm/include -I/home/isti/earthworm/src/oracle/schema/src/include -I/home/isti/earthworm/src/oracle/schema/src/include/internal -I/home/isti/earthworm/src/oracle/apps/src/include -I/opt/oracle/rdbms/demo   -c -o arcfeeder.o arcfeeder.c
cc -o /home/isti/earthworm/bin/arcfeeder arcfeeder.o /home/isti/earthworm/lib/getutil.o /home/isti/earthworm/lib/kom.o /home/isti/earthworm/lib/pipe.o \
/home/isti/earthworm/lib/sleep_ew.o -lposix4	
make[3]: Leaving directory `/home/isti/earthworm/src/seismic_processing/eqverify'
make[2]: Leaving directory `/home/isti/earthworm/src/seismic_processing/eqverify'
------
Making sol_modules in:
/home/isti/earthworm/src/seismic_processing/evansassoc
make[2]: Entering directory `/home/isti/earthworm/src/seismic_processing/evansassoc'
cc -D_SPARC -D_SOLARIS -I/home/isti/earthworm/include -I/home/isti/earthworm/src/oracle/schema/src/include -I/home/isti/earthworm/src/oracle/schema/src/include/internal -I/home/isti/earthworm/src/oracle/apps/src/include -I/opt/oracle/rdbms/demo   -c -o evansassoc.o evansassoc.c
cc -D_SPARC -D_SOLARIS -I/home/isti/earthworm/include -I/home/isti/earthworm/src/oracle/schema/src/include -I/home/isti/earthworm/src/oracle/schema/src/include/internal -I/home/isti/earthworm/src/oracle/apps/src/include -I/opt/oracle/rdbms/demo   -c -o doit.o doit.c
cc -D_SPARC -D_SOLARIS -I/home/isti/earthworm/include -I/home/isti/earthworm/src/oracle/schema/src/include -I/home/isti/earthworm/src/oracle/schema/src/include/internal -I/home/isti/earthworm/src/oracle/apps/src/include -I/opt/oracle/rdbms/demo   -c -o list.o list.c
cc -D_SPARC -D_SOLARIS -I/home/isti/earthworm/include -I/home/isti/earthworm/src/oracle/schema/src/include -I/home/isti/earthworm/src/oracle/schema/src/include/internal -I/home/isti/earthworm/src/oracle/apps/src/include -I/opt/oracle/rdbms/demo   -c -o time_dtos.o time_dtos.c
cc -o /home/isti/earthworm/bin/evansassoc evansassoc.o doit.o list.o time_dtos.o /home/isti/earthworm/lib/kom.o /home/isti/earthworm/lib/transport.o /home/isti/earthworm/lib/getutil.o /home/isti/earthworm/lib/logit.o /home/isti/earthworm/lib/sleep_ew.o /home/isti/earthworm/lib/time_ew.o  -lm -lposix4
make[2]: Leaving directory `/home/isti/earthworm/src/seismic_processing/evansassoc'
------
Making sol_modules in:
/home/isti/earthworm/src/seismic_processing/evanstrig
make[2]: Entering directory `/home/isti/earthworm/src/seismic_processing/evanstrig'
cc -D_SPARC -D_SOLARIS -I/home/isti/earthworm/include -I/home/isti/earthworm/src/oracle/schema/src/include -I/home/isti/earthworm/src/oracle/schema/src/include/internal -I/home/isti/earthworm/src/oracle/apps/src/include -I/opt/oracle/rdbms/demo   -c -o evanstrig.o evanstrig.c
cc -D_SPARC -D_SOLARIS -I/home/isti/earthworm/include -I/home/isti/earthworm/src/oracle/schema/src/include -I/home/isti/earthworm/src/oracle/schema/src/include/internal -I/home/isti/earthworm/src/oracle/apps/src/include -I/opt/oracle/rdbms/demo   -c -o mteltrg.o mteltrg.c
cc -D_SPARC -D_SOLARIS -I/home/isti/earthworm/include -I/home/isti/earthworm/src/oracle/schema/src/include -I/home/isti/earthworm/src/oracle/schema/src/include/internal -I/home/isti/earthworm/src/oracle/apps/src/include -I/opt/oracle/rdbms/demo   -c -o mutils.o mutils.c
cc -D_SPARC -D_SOLARIS -I/home/isti/earthworm/include -I/home/isti/earthworm/src/oracle/schema/src/include -I/home/isti/earthworm/src/oracle/schema/src/include/internal -I/home/isti/earthworm/src/oracle/apps/src/include -I/opt/oracle/rdbms/demo   -c -o compare.o compare.c
cc -D_SPARC -D_SOLARIS -I/home/isti/earthworm/include -I/home/isti/earthworm/src/oracle/schema/src/include -I/home/isti/earthworm/src/oracle/schema/src/include/internal -I/home/isti/earthworm/src/oracle/apps/src/include -I/opt/oracle/rdbms/demo   -c -o interpolate.o interpolate.c
cc -o /home/isti/earthworm/bin/evanstrig evanstrig.o mteltrg.o mutils.o compare.o interpolate.o /home/isti/earthworm/lib/kom.o /home/isti/earthworm/lib/getutil.o /home/isti/earthworm/lib/time_ew.o /home/isti/earthworm/lib/chron3.o /home/isti/earthworm/lib/logit.o /home/isti/earthworm/lib/transport.o /home/isti/earthworm/lib/sleep_ew.o /home/isti/earthworm/lib/swap.o -lm -lposix4
make[2]: Leaving directory `/home/isti/earthworm/src/seismic_processing/evanstrig'
------
Making sol_modules in:
/home/isti/earthworm/src/seismic_processing/ew2rsam
make[2]: Entering directory `/home/isti/earthworm/src/seismic_processing/ew2rsam'
cc -D_SPARC -D_SOLARIS -I/home/isti/earthworm/include -I/home/isti/earthworm/src/oracle/schema/src/include -I/home/isti/earthworm/src/oracle/schema/src/include/internal -I/home/isti/earthworm/src/oracle/apps/src/include -I/opt/oracle/rdbms/demo   -c -o ew2rsam.o ew2rsam.c
cc -o /home/isti/earthworm/bin/ew2rsam ew2rsam.o /home/isti/earthworm/lib/logit.o /home/isti/earthworm/lib/kom.o /home/isti/earthworm/lib/getutil.o /home/isti/earthworm/lib/sleep_ew.o /home/isti/earthworm/lib/time_ew.o /home/isti/earthworm/lib/transport.o /home/isti/earthworm/lib/swap.o /home/isti/earthworm/lib/mem_circ_queue.o /home/isti/earthworm/lib/threads_ew.o /home/isti/earthworm/lib/sema_ew.o  -lm -lposix4 -lthread
make[2]: Leaving directory `/home/isti/earthworm/src/seismic_processing/ew2rsam'
------
Making sol_modules in:
/home/isti/earthworm/src/seismic_processing/ew2ssam
make[2]: Entering directory `/home/isti/earthworm/src/seismic_processing/ew2ssam'
cc -D_SPARC -D_SOLARIS -I/home/isti/earthworm/include -I/home/isti/earthworm/src/oracle/schema/src/include -I/home/isti/earthworm/src/oracle/schema/src/include/internal -I/home/isti/earthworm/src/oracle/apps/src/include -I/opt/oracle/rdbms/demo   -c -o ew2ssam.o ew2ssam.c
cc -o /home/isti/earthworm/bin/ew2ssam ew2ssam.o /home/isti/earthworm/lib/logit.o /home/isti/earthworm/lib/kom.o /home/isti/earthworm/lib/getutil.o /home/isti/earthworm/lib/sleep_ew.o /home/isti/earthworm/lib/time_ew.o /home/isti/earthworm/lib/transport.o /home/isti/earthworm/lib/swap.o /home/isti/earthworm/lib/mem_circ_queue.o /home/isti/earthworm/lib/threads_ew.o /home/isti/earthworm/lib/sema_ew.o  -lm -lposix4 -lthread
make[2]: Leaving directory `/home/isti/earthworm/src/seismic_processing/ew2ssam'
------
Making sol_modules in:
/home/isti/earthworm/src/seismic_processing/fir
make[2]: Entering directory `/home/isti/earthworm/src/seismic_processing/fir'
cc -c -O -D_SPARC -D_SOLARIS -I/home/isti/earthworm/include -I/home/isti/earthworm/src/oracle/schema/src/include -I/home/isti/earthworm/src/oracle/schema/src/include/internal -I/home/isti/earthworm/src/oracle/apps/src/include -I/opt/oracle/rdbms/demo fir.c
cc -c -O -D_SPARC -D_SOLARIS -I/home/isti/earthworm/include -I/home/isti/earthworm/src/oracle/schema/src/include -I/home/isti/earthworm/src/oracle/schema/src/include/internal -I/home/isti/earthworm/src/oracle/apps/src/include -I/opt/oracle/rdbms/demo bandcom.c
cc -c -O -D_SPARC -D_SOLARIS -I/home/isti/earthworm/include -I/home/isti/earthworm/src/oracle/schema/src/include -I/home/isti/earthworm/src/oracle/schema/src/include/internal -I/home/isti/earthworm/src/oracle/apps/src/include -I/opt/oracle/rdbms/demo configure.c
cc -c -O -D_SPARC -D_SOLARIS -I/home/isti/earthworm/include -I/home/isti/earthworm/src/oracle/schema/src/include -I/home/isti/earthworm/src/oracle/schema/src/include/internal -I/home/isti/earthworm/src/oracle/apps/src/include -I/opt/oracle/rdbms/demo filt1scn.c
cc -c -O -D_SPARC -D_SOLARIS -I/home/isti/earthworm/include -I/home/isti/earthworm/src/oracle/schema/src/include -I/home/isti/earthworm/src/oracle/schema/src/include/internal -I/home/isti/earthworm/src/oracle/apps/src/include -I/opt/oracle/rdbms/demo firfilt.c
cc -c -O -D_SPARC -D_SOLARIS -I/home/isti/earthworm/include -I/home/isti/earthworm/src/oracle/schema/src/include -I/home/isti/earthworm/src/oracle/schema/src/include/internal -I/home/isti/earthworm/src/oracle/apps/src/include -I/opt/oracle/rdbms/demo firthrd.c
cc -c -O -D_SPARC -D_SOLARIS -I/home/isti/earthworm/include -I/home/isti/earthworm/src/oracle/schema/src/include -I/home/isti/earthworm/src/oracle/schema/src/include/internal -I/home/isti/earthworm/src/oracle/apps/src/include -I/opt/oracle/rdbms/demo hqr.c
cc -c -O -D_SPARC -D_SOLARIS -I/home/isti/earthworm/include -I/home/isti/earthworm/src/oracle/schema/src/include -I/home/isti/earthworm/src/oracle/schema/src/include/internal -I/home/isti/earthworm/src/oracle/apps/src/include -I/opt/oracle/rdbms/demo initpars.c
cc -c -O -D_SPARC -D_SOLARIS -I/home/isti/earthworm/include -I/home/isti/earthworm/src/oracle/schema/src/include -I/home/isti/earthworm/src/oracle/schema/src/include/internal -I/home/isti/earthworm/src/oracle/apps/src/include -I/opt/oracle/rdbms/demo initsta.c
cc -c -O -D_SPARC -D_SOLARIS -I/home/isti/earthworm/include -I/home/isti/earthworm/src/oracle/schema/src/include -I/home/isti/earthworm/src/oracle/schema/src/include/internal -I/home/isti/earthworm/src/oracle/apps/src/include -I/opt/oracle/rdbms/demo matchscn.c
cc -c -O -D_SPARC -D_SOLARIS -I/home/isti/earthworm/include -I/home/isti/earthworm/src/oracle/schema/src/include -I/home/isti/earthworm/src/oracle/schema/src/include/internal -I/home/isti/earthworm/src/oracle/apps/src/include -I/opt/oracle/rdbms/demo readcnfg.c
cc -c -O -D_SPARC -D_SOLARIS -I/home/isti/earthworm/include -I/home/isti/earthworm/src/oracle/schema/src/include -I/home/isti/earthworm/src/oracle/schema/src/include/internal -I/home/isti/earthworm/src/oracle/apps/src/include -I/opt/oracle/rdbms/demo readewh.c
cc -c -O -D_SPARC -D_SOLARIS -I/home/isti/earthworm/include -I/home/isti/earthworm/src/oracle/schema/src/include -I/home/isti/earthworm/src/oracle/schema/src/include/internal -I/home/isti/earthworm/src/oracle/apps/src/include -I/opt/oracle/rdbms/demo remeznp.c
cc -c -O -D_SPARC -D_SOLARIS -I/home/isti/earthworm/include -I/home/isti/earthworm/src/oracle/schema/src/include -I/home/isti/earthworm/src/oracle/schema/src/include/internal -I/home/isti/earthworm/src/oracle/apps/src/include -I/opt/oracle/rdbms/demo resetsta.c
cc -c -O -D_SPARC -D_SOLARIS -I/home/isti/earthworm/include -I/home/isti/earthworm/src/oracle/schema/src/include -I/home/isti/earthworm/src/oracle/schema/src/include/internal -I/home/isti/earthworm/src/oracle/apps/src/include -I/opt/oracle/rdbms/demo setfilt.c
cc -c -O -D_SPARC -D_SOLARIS -I/home/isti/earthworm/include -I/home/isti/earthworm/src/oracle/schema/src/include -I/home/isti/earthworm/src/oracle/schema/src/include/internal -I/home/isti/earthworm/src/oracle/apps/src/include -I/opt/oracle/rdbms/demo statrpt.c
cc -c -O -D_SPARC -D_SOLARIS -I/home/isti/earthworm/include -I/home/isti/earthworm/src/oracle/schema/src/include -I/home/isti/earthworm/src/oracle/schema/src/include/internal -I/home/isti/earthworm/src/oracle/apps/src/include -I/opt/oracle/rdbms/demo zeroes.c
cc -O -D_SPARC -D_SOLARIS -I/home/isti/earthworm/include -I/home/isti/earthworm/src/oracle/schema/src/include -I/home/isti/earthworm/src/oracle/schema/src/include/internal -I/home/isti/earthworm/src/oracle/apps/src/include -I/opt/oracle/rdbms/demo -o /home/isti/earthworm/bin/fir fir.o bandcom.o configure.o filt1scn.o firfilt.o firthrd.o hqr.o initpars.o initsta.o matchscn.o readcnfg.o readewh.o remeznp.o resetsta.o setfilt.o statrpt.o zeroes.o /home/isti/earthworm/lib/logit_mt.o /home/isti/earthworm/lib/kom.o /home/isti/earthworm/lib/getutil.o /home/isti/earthworm/lib/sleep_ew.o /home/isti/earthworm/lib/time_ew.o /home/isti/earthworm/lib/transport.o /home/isti/earthworm/lib/swap.o /home/isti/earthworm/lib/mem_circ_queue.o /home/isti/earthworm/lib/threads_ew.o /home/isti/earthworm/lib/sema_ew.o  -lm -lposix4 -lthread
make[2]: Leaving directory `/home/isti/earthworm/src/seismic_processing/fir'
------
Making sol_modules in:
/home/isti/earthworm/src/seismic_processing/localmag
make[2]: Entering directory `/home/isti/earthworm/src/seismic_processing/localmag'
cc -c -D_SPARC -D_SOLARIS -I/home/isti/earthworm/include -I/home/isti/earthworm/src/oracle/schema/src/include -I/home/isti/earthworm/src/oracle/schema/src/include/internal -I/home/isti/earthworm/src/oracle/apps/src/include -I/opt/oracle/rdbms/demo  -g lm_main.c
cc -c -D_SPARC -D_SOLARIS -I/home/isti/earthworm/include -I/home/isti/earthworm/src/oracle/schema/src/include -I/home/isti/earthworm/src/oracle/schema/src/include/internal -I/home/isti/earthworm/src/oracle/apps/src/include -I/opt/oracle/rdbms/demo  -g lm_util.c
cc -c -D_SPARC -D_SOLARIS -I/home/isti/earthworm/include -I/home/isti/earthworm/src/oracle/schema/src/include -I/home/isti/earthworm/src/oracle/schema/src/include/internal -I/home/isti/earthworm/src/oracle/apps/src/include -I/opt/oracle/rdbms/demo  -g lm_config.c
cc -c -D_SPARC -D_SOLARIS -I/home/isti/earthworm/include -I/home/isti/earthworm/src/oracle/schema/src/include -I/home/isti/earthworm/src/oracle/schema/src/include/internal -I/home/isti/earthworm/src/oracle/apps/src/include -I/opt/oracle/rdbms/demo  -g lm_ws.c
cc -c -D_SPARC -D_SOLARIS -I/home/isti/earthworm/include -I/home/isti/earthworm/src/oracle/schema/src/include -I/home/isti/earthworm/src/oracle/schema/src/include/internal -I/home/isti/earthworm/src/oracle/apps/src/include -I/opt/oracle/rdbms/demo  -g lm_misc.c
cc -c -D_SPARC -D_SOLARIS -I/home/isti/earthworm/include -I/home/isti/earthworm/src/oracle/schema/src/include -I/home/isti/earthworm/src/oracle/schema/src/include/internal -I/home/isti/earthworm/src/oracle/apps/src/include -I/opt/oracle/rdbms/demo  -g lm_sac.c
cc -c -D_SPARC -D_SOLARIS -I/home/isti/earthworm/include -I/home/isti/earthworm/src/oracle/schema/src/include -I/home/isti/earthworm/src/oracle/schema/src/include/internal -I/home/isti/earthworm/src/oracle/apps/src/include -I/opt/oracle/rdbms/demo  -g lm_site.c
cc -c -D_SPARC -D_SOLARIS -I/home/isti/earthworm/include -I/home/isti/earthworm/src/oracle/schema/src/include -I/home/isti/earthworm/src/oracle/schema/src/include/internal -I/home/isti/earthworm/src/oracle/apps/src/include -I/opt/oracle/rdbms/demo  -g lm_xml_event.c
cc -g -o /home/isti/earthworm/bin/localmag lm_main.o lm_util.o lm_config.o lm_ws.o lm_misc.o lm_sac.o lm_site.o lm_xml_event.o  /home/isti/earthworm/lib/swap.o /home/isti/earthworm/lib/logit_mt.o /home/isti/earthworm/lib/read_arc.o /home/isti/earthworm/lib/time_ew.o /home/isti/earthworm/lib/chron3.o /home/isti/earthworm/lib/ws_clientII.o /home/isti/earthworm/lib/socket_ew_common.o /home/isti/earthworm/lib/socket_ew.o /home/isti/earthworm/lib/kom.o /home/isti/earthworm/lib/sleep_ew.o /home/isti/earthworm/lib/tlay.o /home/isti/earthworm/lib/mnbrak.o /home/isti/earthworm/lib/brent.o /home/isti/earthworm/lib/dirops_ew.o /home/isti/earthworm/lib/transport.o /home/isti/earthworm/lib/getutil.o /home/isti/earthworm/lib/mem_circ_queue.o /home/isti/earthworm/lib/sema_ew.o /home/isti/earthworm/lib/threads_ew.o /home/isti/earthworm/lib/fft99.o /home/isti/earthworm/lib/fft_prep.o /home/isti/earthworm/lib/transfer.o /home/isti/earthworm/lib/rw_mag.o   -lm -lnsl -lsocket -lposix4 -lthread
make[2]: Leaving directory `/home/isti/earthworm/src/seismic_processing/localmag'
------
Making sol_modules in:
/home/isti/earthworm/src/seismic_processing/geqproc
make[2]: Entering directory `/home/isti/earthworm/src/seismic_processing/geqproc'
cc -D_REENTRANT -D_SPARC -D_SOLARIS -I/home/isti/earthworm/include -I/home/isti/earthworm/src/oracle/schema/src/include -I/home/isti/earthworm/src/oracle/schema/src/include/internal -I/home/isti/earthworm/src/oracle/apps/src/include -I/opt/oracle/rdbms/demo    -c -o geqproc.o geqproc.c
cc -c -g -D_REENTRANT -D_SPARC -D_SOLARIS -I/home/isti/earthworm/include -I/home/isti/earthworm/src/oracle/schema/src/include -I/home/isti/earthworm/src/oracle/schema/src/include/internal -I/home/isti/earthworm/src/oracle/apps/src/include -I/opt/oracle/rdbms/demo  -o /home/isti/earthworm/src/oracle/apps/lib/arc_2_ewevent.o /home/isti/earthworm/src/oracle/apps/src/libsrc/arc_2_ewevent.c
cc -c -g -D_REENTRANT -D_SPARC -D_SOLARIS -I/home/isti/earthworm/include -I/home/isti/earthworm/src/oracle/schema/src/include -I/home/isti/earthworm/src/oracle/schema/src/include/internal -I/home/isti/earthworm/src/oracle/apps/src/include -I/opt/oracle/rdbms/demo  -o /home/isti/earthworm/src/oracle/apps/lib/init_ewevent.o /home/isti/earthworm/src/oracle/apps/src/libsrc/init_ewevent.c
\
cc -D_REENTRANT -D_SPARC -D_SOLARIS -I/home/isti/earthworm/include -I/home/isti/earthworm/src/oracle/schema/src/include -I/home/isti/earthworm/src/oracle/schema/src/include/internal -I/home/isti/earthworm/src/oracle/apps/src/include -I/opt/oracle/rdbms/demo  -o /home/isti/earthworm/bin/geqproc geqproc.o /home/isti/earthworm/lib/logit_mt.o /home/isti/earthworm/lib/chron3.o /home/isti/earthworm/lib/getutil.o /home/isti/earthworm/lib/kom.o /home/isti/earthworm/lib/sleep_ew.o /home/isti/earthworm/lib/threads_ew.o /home/isti/earthworm/lib/time_ew.o /home/isti/earthworm/lib/transport.o /home/isti/earthworm/lib/mem_circ_queue.o /home/isti/earthworm/lib/sema_ew.o /home/isti/earthworm/lib/pipe.o /home/isti/earthworm/lib/glevt_2_ewevent.o /home/isti/earthworm/src/oracle/apps/lib/arc_2_ewevent.o /home/isti/earthworm/src/oracle/apps/lib/init_ewevent.o /home/isti/earthworm/lib/global_msg.o /home/isti/earthworm/lib/global_loc_rw.o /home/isti/earthworm/lib/read_arc.o  -lposix4 -lthread -lm
make[2]: Leaving directory `/home/isti/earthworm/src/seismic_processing/geqproc'
------
Making sol_modules in:
/home/isti/earthworm/src/seismic_processing/globalproc
make[2]: Entering directory `/home/isti/earthworm/src/seismic_processing/globalproc'
cc -D_REENTRANT -llibc -D_SPARC -D_SOLARIS -I/home/isti/earthworm/include -I/home/isti/earthworm/src/oracle/schema/src/include -I/home/isti/earthworm/src/oracle/schema/src/include/internal -I/home/isti/earthworm/src/oracle/apps/src/include -I/opt/oracle/rdbms/demo    -c -o globalproc.o globalproc.c
\
        cc -o /home/isti/earthworm/bin/globalproc globalproc.o /home/isti/earthworm/lib/geo_to_km.o /home/isti/earthworm/lib/transport.o /home/isti/earthworm/lib/swap.o /home/isti/earthworm/lib/dirops_ew.o /home/isti/earthworm/lib/site.o /home/isti/earthworm/lib/tlay.o /home/isti/earthworm/lib/brent.o /home/isti/earthworm/lib/mnbrak.o /home/isti/earthworm/lib/global_amp_rw.o /home/isti/earthworm/lib/global_pick_rw.o /home/isti/earthworm/lib/global_loc_rw.o /home/isti/earthworm/lib/global_msg.o /home/isti/earthworm/lib/watchdog_client.o /home/isti/earthworm/src/oracle/apps/lib/init_ewevent.o /home/isti/earthworm/lib/kom.o /home/isti/earthworm/lib/logit_mt.o /home/isti/earthworm/lib/getutil.o /home/isti/earthworm/lib/chron3.o /home/isti/earthworm/lib/threads_ew.o /home/isti/earthworm/lib/sema_ew.o /home/isti/earthworm/lib/time_ew.o /home/isti/earthworm/lib/sleep_ew.o -lposix4 -lthread -lm
make[2]: Leaving directory `/home/isti/earthworm/src/seismic_processing/globalproc'
------
Making sol_modules in:
/home/isti/earthworm/src/seismic_processing/gmew
make[2]: Entering directory `/home/isti/earthworm/src/seismic_processing/gmew'
cc -c -D_SPARC -D_SOLARIS -I/home/isti/earthworm/include -I/home/isti/earthworm/src/oracle/schema/src/include -I/home/isti/earthworm/src/oracle/schema/src/include/internal -I/home/isti/earthworm/src/oracle/apps/src/include -I/opt/oracle/rdbms/demo gmew.c
cc -c -D_SPARC -D_SOLARIS -I/home/isti/earthworm/include -I/home/isti/earthworm/src/oracle/schema/src/include -I/home/isti/earthworm/src/oracle/schema/src/include/internal -I/home/isti/earthworm/src/oracle/apps/src/include -I/opt/oracle/rdbms/demo gm_util.c
cc -c -D_SPARC -D_SOLARIS -I/home/isti/earthworm/include -I/home/isti/earthworm/src/oracle/schema/src/include -I/home/isti/earthworm/src/oracle/schema/src/include/internal -I/home/isti/earthworm/src/oracle/apps/src/include -I/opt/oracle/rdbms/demo gm_ws.c
cc -c -D_SPARC -D_SOLARIS -I/home/isti/earthworm/include -I/home/isti/earthworm/src/oracle/schema/src/include -I/home/isti/earthworm/src/oracle/schema/src/include/internal -I/home/isti/earthworm/src/oracle/apps/src/include -I/opt/oracle/rdbms/demo gm_config.c
cc -c -D_SPARC -D_SOLARIS -I/home/isti/earthworm/include -I/home/isti/earthworm/src/oracle/schema/src/include -I/home/isti/earthworm/src/oracle/schema/src/include/internal -I/home/isti/earthworm/src/oracle/apps/src/include -I/opt/oracle/rdbms/demo gm_sac.c
cc -c -D_SPARC -D_SOLARIS -I/home/isti/earthworm/include -I/home/isti/earthworm/src/oracle/schema/src/include -I/home/isti/earthworm/src/oracle/schema/src/include/internal -I/home/isti/earthworm/src/oracle/apps/src/include -I/opt/oracle/rdbms/demo gm_xml.c
cc -c -D_SPARC -D_SOLARIS -I/home/isti/earthworm/include -I/home/isti/earthworm/src/oracle/schema/src/include -I/home/isti/earthworm/src/oracle/schema/src/include/internal -I/home/isti/earthworm/src/oracle/apps/src/include -I/opt/oracle/rdbms/demo ../localmag/lm_misc.c
cc -c -D_SPARC -D_SOLARIS -I/home/isti/earthworm/include -I/home/isti/earthworm/src/oracle/schema/src/include -I/home/isti/earthworm/src/oracle/schema/src/include/internal -I/home/isti/earthworm/src/oracle/apps/src/include -I/opt/oracle/rdbms/demo ../localmag/lm_site.c
cc -D_SPARC -D_SOLARIS -I/home/isti/earthworm/include -I/home/isti/earthworm/src/oracle/schema/src/include -I/home/isti/earthworm/src/oracle/schema/src/include/internal -I/home/isti/earthworm/src/oracle/apps/src/include -I/opt/oracle/rdbms/demo -o /home/isti/earthworm/bin/gmew gmew.o gm_util.o gm_ws.o gm_config.o gm_sac.o gm_xml.o lm_misc.o lm_site.o /home/isti/earthworm/lib/swap.o /home/isti/earthworm/lib/logit_mt.o /home/isti/earthworm/lib/read_arc.o /home/isti/earthworm/lib/time_ew.o /home/isti/earthworm/lib/chron3.o /home/isti/earthworm/lib/ws_clientII.o /home/isti/earthworm/lib/socket_ew_common.o /home/isti/earthworm/lib/socket_ew.o /home/isti/earthworm/lib/kom.o /home/isti/earthworm/lib/sleep_ew.o /home/isti/earthworm/lib/tlay.o /home/isti/earthworm/lib/mnbrak.o /home/isti/earthworm/lib/brent.o /home/isti/earthworm/lib/dirops_ew.o /home/isti/earthworm/lib/transport.o /home/isti/earthworm/lib/getutil.o /home/isti/earthworm/lib/mem_circ_queue.o /home/isti/earthworm/lib/sema_ew.o /home/isti/earthworm/lib/threads_ew.o /home/isti/earthworm/lib/fft99.o /home/isti/earthworm/lib/fft_prep.o /home/isti/earthworm/lib/transfer.o /home/isti/earthworm/lib/gma.o /home/isti/earthworm/lib/rw_strongmotionII.o  -lm -lnsl -lsocket -lposix4 -lthread
make[2]: Leaving directory `/home/isti/earthworm/src/seismic_processing/gmew'
------
Making sol_modules in:
/home/isti/earthworm/src/seismic_processing/hyp2000
make[2]: Entering directory `/home/isti/earthworm/src/seismic_processing/hyp2000'
f77 -c hyp.for
hyp.for:
 MAIN:
f77 -c hybda.for
hybda.for:
 BLOCK DATA:
f77 -c hycmd.for
hycmd.for:
	hycmd:
f77 -c hysta.for
hysta.for:
	hysta:
	iwt:
f77 -c hydel.for
hydel.for:
	hydel:
f77 -c hyate.for
hyate.for:
	hyate:
f77 -c hyfmc.for
hyfmc.for:
	hyfmc:
f77 -c hycal.for
hycal.for:
	hycal:
f77 -c hyxmc.for
hyxmc.for:
	hyxmc:
f77 -c hycrh.for
hycrh.for:
	hycrh:
f77 -c hycrt.for
hycrt.for:
	hycrt:
f77 -c hystl.for
hystl.for:
	hystl:
f77 -c hyopen.for
hyopen.for:
	hyopen:
f77 -c hyinit.for
hyinit.for:
	hyinit:
f77 -c hyphs.for
hyphs.for:
	hyphs:
f77 -c hysou.for
hysou.for:
	hysou:
f77 -c hycin.f
hycin.f:
	hycin:
f77 -c hycout.f
hycout.f:
	hycout:
f77 -c hytrl.for
hytrl.for:
	hytrl:
f77 -c hyloc.for
hyloc.for:
	hyloc:
f77 -c hysol.for
hysol.for:
	hysol:
f77 -c hysvd.f
hysvd.f:
	hysvd:
	div:
f77 -c hytra.for
hytra.for:
	hytra:
f77 -c hytrh.for
hytrh.for:
	hytrh:
	hydid:
	hytid:
f77 -c hytrt.for
hytrt.for:
	hytrt:
f77 -c hymag.for
hymag.for:
	hymag:
	loga0:
	floga0:
f77 -c hyrep.for
hyrep.for:
	hyrep:
f77 -c hylst.for
hylst.for:
	hylst:
f77 -c hysum.for
hysum.for:
	hysum:
	quality:
f77 -c hyinp.for
hyinp.for:
	hyinp:
f77 -c hypro.for
hypro.for:
	hypro:
f77 -c medwt.for
medwt.for:
	medwt:
	sort2:
f77 -c utmcal.for
utmcal.for:
	utmcal:
f77 -c init_event.f
init_event.f:
	init_event:
f77 -c hydelt.f
hydelt.f:
	hydelt:
f77 -c hyedit.f
hyedit.f:
	hyedit:
f77 -c hytime.f
hytime.f:
	hytime:
f77 -c hybeg.f
hybeg.f:
	hybeg:
f77 -c hypref.for
hypref.for:
	hypref:
f77 -c hymagp.for
hymagp.for:
	hymagp:
f77 -c hyfile.for
hyfile.for:
	hyfile:
f77 -c subs/readq.for
subs/readq.for:
	readq:
f77 -c subs/jdate.for
subs/jdate.for:
	jdate:
f77 -c subs/spawn.f
subs/spawn.f:
	spawn:
f77 -c subs/openr.f
subs/openr.f:
	openr:
f77 -c subs/askr.for
subs/askr.for:
	askr:
f77 -c subs/openw.f
subs/openw.f:
	openw:
f77 -c subs/errset.f
subs/errset.f:
	errset:
f77 -c subs/leng.for
subs/leng.for:
	leng:
f77 -c subs/dayjl.for
subs/dayjl.for:
	dayjl:
f77 -c subs/lask.for
subs/lask.for:
	lask:
f77 -c subs/jask.for
subs/jask.for:
	jask:
f77 -c subs/klas.for
subs/klas.for:
	klas:
f77 -c subs/upstr.for
subs/upstr.for:
	upstr:
f77 -c subs/askc.for
subs/askc.for:
	askc:
f77 -c subs/box2.for
subs/box2.for:
	box2:
f77 -c subs/box3.for
subs/box3.for:
	box3:
f77 -c subs/klass.for
subs/klass.for:
	klass:
f77 -c subs/ksic.for
subs/ksic.for:
	ksic:
f77 hyp.o hybda.o hycmd.o hysta.o hydel.o hyate.o hyfmc.o hypref.o \
hyxmc.o hycrh.o hycrt.o hystl.o hyopen.o hyinit.o hyphs.o hycal.o \
hycin.o hytrl.o hyloc.o hysol.o hysvd.o hytra.o hytrh.o hytrt.o \
hymag.o hyrep.o hylst.o hysum.o hyinp.o hypro.o medwt.o utmcal.o \
init_event.o hydelt.o hyedit.o hytime.o hybeg.o hycout.o hymagp.o hyfile.o \
hysou.o readq.o jdate.o spawn.o openr.o askr.o openw.o errset.o \
leng.o dayjl.o lask.o jask.o klas.o upstr.o askc.o box2.o box3.o \
klass.o ksic.o \
-Bstatic -o /home/isti/earthworm/bin/hyp2000
make[2]: Leaving directory `/home/isti/earthworm/src/seismic_processing/hyp2000'
------
Making sol_modules in:
/home/isti/earthworm/src/seismic_processing/hyp2000_mgr
make[2]: Entering directory `/home/isti/earthworm/src/seismic_processing/hyp2000_mgr'
f77 -c -silent hyp2000_ew.for
f77 -c -silent ../hyp2000/hyate.for
f77 -c -silent ../hyp2000/hybda.for
f77 -c -silent ../hyp2000/hybeg.f
f77 -c -silent ../hyp2000/hycal.for
f77 -c -silent ../hyp2000/hycin.f
f77 -c -silent ../hyp2000/hycmd.for
f77 -c -silent ../hyp2000/hycout.f
f77 -c -silent ../hyp2000/hycrh.for
f77 -c -silent ../hyp2000/hycrt.for
f77 -c -silent ../hyp2000/hydel.for
f77 -c -silent ../hyp2000/hydelt.f
f77 -c -silent ../hyp2000/hyedit.f
f77 -c -silent ../hyp2000/hyfile.for
f77 -c -silent ../hyp2000/hyfmc.for
f77 -c -silent ../hyp2000/hyinit.for
f77 -c -silent ../hyp2000/hyinp.for
f77 -c -silent ../hyp2000/hyloc.for
f77 -c -silent ../hyp2000/hylst.for
f77 -c -silent ../hyp2000/hymag.for
f77 -c -silent ../hyp2000/hymagp.for
f77 -c -silent ../hyp2000/hyopen.for
f77 -c -silent ../hyp2000/hyphs.for
f77 -c -silent ../hyp2000/hypoinv.for
f77 -c -silent ../hyp2000/hypref.for
f77 -c -silent ../hyp2000/hypro.for
f77 -c -silent ../hyp2000/hyrep.for
f77 -c -silent ../hyp2000/hysol.for
f77 -c -silent ../hyp2000/hysou.for
f77 -c -silent ../hyp2000/hysta.for
f77 -c -silent ../hyp2000/hystl.for
f77 -c -silent ../hyp2000/hysum.for
f77 -c -silent ../hyp2000/hysvd.f
f77 -c -silent ../hyp2000/hytime.f
f77 -c -silent ../hyp2000/hytra.for
f77 -c -silent ../hyp2000/hytrh.for
f77 -c -silent ../hyp2000/hytrl.for
f77 -c -silent ../hyp2000/hytrt.for
f77 -c -silent ../hyp2000/hyxmc.for
f77 -c -silent ../hyp2000/init_event.f
f77 -c -silent ../hyp2000/medwt.for
f77 -c -silent ../hyp2000/utmcal.for
f77 -c -silent ../hyp2000/subs/spawn.f
f77 -c -silent ../hyp2000/subs/openr.f
f77 -c -silent ../hyp2000/subs/askr.for
f77 -c -silent ../hyp2000/subs/openw.f
f77 -c -silent ../hyp2000/subs/errset.f
f77 -c -silent ../hyp2000/subs/leng.for
f77 -c -silent ../hyp2000/subs/dayjl.for
f77 -c -silent ../hyp2000/subs/lask.for
f77 -c -silent ../hyp2000/subs/readq.for
f77 -c -silent ../hyp2000/subs/jask.for
f77 -c -silent ../hyp2000/subs/jdate.for
f77 -c -silent ../hyp2000/subs/klas.for
f77 -c -silent ../hyp2000/subs/upstr.for
f77 -c -silent ../hyp2000/subs/askc.for
f77 -c -silent ../hyp2000/subs/box2.for
f77 -c -silent ../hyp2000/subs/box3.for
f77 -c -silent ../hyp2000/subs/klass.for
f77 -c -silent ../hyp2000/subs/ksic.for
cc -c -D_SPARC -D_SOLARIS -I/home/isti/earthworm/include -I/home/isti/earthworm/src/oracle/schema/src/include -I/home/isti/earthworm/src/oracle/schema/src/include/internal -I/home/isti/earthworm/src/oracle/apps/src/include -I/opt/oracle/rdbms/demo hyp2000_mgr.c
f77 -e hyp2000_ew.o hyate.o hybda.o hybeg.o hycal.o hycin.o hycmd.o hycout.o hycrh.o hycrt.o hydel.o hydelt.o hyedit.o hyfile.o hyfmc.o hyinit.o hyinp.o hyloc.o hylst.o hymag.o hymagp.o hyopen.o hyphs.o hypoinv.o hypref.o hypro.o hyrep.o hysol.o hysou.o hysta.o hystl.o hysum.o hysvd.o hytime.o hytra.o hytrh.o hytrl.o hytrt.o hyxmc.o init_event.o medwt.o utmcal.o spawn.o openr.o askr.o openw.o errset.o leng.o dayjl.o lask.o readq.o jask.o jdate.o klas.o upstr.o askc.o box2.o box3.o klass.o ksic.o hyp2000_mgr.o /home/isti/earthworm/lib/kom.o /home/isti/earthworm/lib/logit.o /home/isti/earthworm/lib/time_ew.o /home/isti/earthworm/lib/getutil.o /home/isti/earthworm/lib/transport.o /home/isti/earthworm/lib/sleep_ew.o /home/isti/earthworm/lib/pipe.o -o /home/isti/earthworm/bin/hyp2000_mgr -lposix4 -lthread -lc -Bstatic
make[2]: Leaving directory `/home/isti/earthworm/src/seismic_processing/hyp2000_mgr'
------
Making sol_modules in:
/home/isti/earthworm/src/seismic_processing/pick_ew
make[2]: Entering directory `/home/isti/earthworm/src/seismic_processing/pick_ew'
cc -D_SPARC -D_SOLARIS -I/home/isti/earthworm/include -I/home/isti/earthworm/src/oracle/schema/src/include -I/home/isti/earthworm/src/oracle/schema/src/include/internal -I/home/isti/earthworm/src/oracle/apps/src/include -I/opt/oracle/rdbms/demo   -c -o pick_ew.o pick_ew.c
cc -D_SPARC -D_SOLARIS -I/home/isti/earthworm/include -I/home/isti/earthworm/src/oracle/schema/src/include -I/home/isti/earthworm/src/oracle/schema/src/include/internal -I/home/isti/earthworm/src/oracle/apps/src/include -I/opt/oracle/rdbms/demo   -c -o pick_ra.o pick_ra.c
cc -D_SPARC -D_SOLARIS -I/home/isti/earthworm/include -I/home/isti/earthworm/src/oracle/schema/src/include -I/home/isti/earthworm/src/oracle/schema/src/include/internal -I/home/isti/earthworm/src/oracle/apps/src/include -I/opt/oracle/rdbms/demo   -c -o restart.o restart.c
cc -D_SPARC -D_SOLARIS -I/home/isti/earthworm/include -I/home/isti/earthworm/src/oracle/schema/src/include -I/home/isti/earthworm/src/oracle/schema/src/include/internal -I/home/isti/earthworm/src/oracle/apps/src/include -I/opt/oracle/rdbms/demo   -c -o config.o config.c
cc -D_SPARC -D_SOLARIS -I/home/isti/earthworm/include -I/home/isti/earthworm/src/oracle/schema/src/include -I/home/isti/earthworm/src/oracle/schema/src/include/internal -I/home/isti/earthworm/src/oracle/apps/src/include -I/opt/oracle/rdbms/demo   -c -o stalist.o stalist.c
cc -D_SPARC -D_SOLARIS -I/home/isti/earthworm/include -I/home/isti/earthworm/src/oracle/schema/src/include -I/home/isti/earthworm/src/oracle/schema/src/include/internal -I/home/isti/earthworm/src/oracle/apps/src/include -I/opt/oracle/rdbms/demo   -c -o compare.o compare.c
cc -D_SPARC -D_SOLARIS -I/home/isti/earthworm/include -I/home/isti/earthworm/src/oracle/schema/src/include -I/home/isti/earthworm/src/oracle/schema/src/include/internal -I/home/isti/earthworm/src/oracle/apps/src/include -I/opt/oracle/rdbms/demo   -c -o index.o index.c
cc -D_SPARC -D_SOLARIS -I/home/isti/earthworm/include -I/home/isti/earthworm/src/oracle/schema/src/include -I/home/isti/earthworm/src/oracle/schema/src/include/internal -I/home/isti/earthworm/src/oracle/apps/src/include -I/opt/oracle/rdbms/demo   -c -o sample.o sample.c
cc -D_SPARC -D_SOLARIS -I/home/isti/earthworm/include -I/home/isti/earthworm/src/oracle/schema/src/include -I/home/isti/earthworm/src/oracle/schema/src/include/internal -I/home/isti/earthworm/src/oracle/apps/src/include -I/opt/oracle/rdbms/demo   -c -o report.o report.c
cc -D_SPARC -D_SOLARIS -I/home/isti/earthworm/include -I/home/isti/earthworm/src/oracle/schema/src/include -I/home/isti/earthworm/src/oracle/schema/src/include/internal -I/home/isti/earthworm/src/oracle/apps/src/include -I/opt/oracle/rdbms/demo   -c -o initvar.o initvar.c
cc -D_SPARC -D_SOLARIS -I/home/isti/earthworm/include -I/home/isti/earthworm/src/oracle/schema/src/include -I/home/isti/earthworm/src/oracle/schema/src/include/internal -I/home/isti/earthworm/src/oracle/apps/src/include -I/opt/oracle/rdbms/demo   -c -o scan.o scan.c
cc -D_SPARC -D_SOLARIS -I/home/isti/earthworm/include -I/home/isti/earthworm/src/oracle/schema/src/include -I/home/isti/earthworm/src/oracle/schema/src/include/internal -I/home/isti/earthworm/src/oracle/apps/src/include -I/opt/oracle/rdbms/demo   -c -o sign.o sign.c
cc -o /home/isti/earthworm/bin/pick_ew pick_ew.o pick_ra.o restart.o config.o stalist.o compare.o index.o sample.o report.o initvar.o scan.o sign.o /home/isti/earthworm/lib/kom.o /home/isti/earthworm/lib/getutil.o /home/isti/earthworm/lib/time_ew.o /home/isti/earthworm/lib/chron3.o /home/isti/earthworm/lib/logit.o /home/isti/earthworm/lib/transport.o /home/isti/earthworm/lib/sleep_ew.o /home/isti/earthworm/lib/swap.o /home/isti/earthworm/lib/trheadconv.o -lm -lposix4
make[2]: Leaving directory `/home/isti/earthworm/src/seismic_processing/pick_ew'
------
Making sol_modules in:
/home/isti/earthworm/src/seismic_processing/pkfilter
make[2]: Entering directory `/home/isti/earthworm/src/seismic_processing/pkfilter'
cc -c -D_REENTRANT -D_SPARC -D_SOLARIS -I/home/isti/earthworm/include -I/home/isti/earthworm/src/oracle/schema/src/include -I/home/isti/earthworm/src/oracle/schema/src/include/internal -I/home/isti/earthworm/src/oracle/apps/src/include -I/opt/oracle/rdbms/demo pkfilter.c
cc -o /home/isti/earthworm/bin/pkfilter  pkfilter.o /home/isti/earthworm/lib/rdpickcoda.o /home/isti/earthworm/lib/logit.o /home/isti/earthworm/lib/getutil.o /home/isti/earthworm/lib/time_ew.o /home/isti/earthworm/lib/chron3.o /home/isti/earthworm/lib/transport.o /home/isti/earthworm/lib/kom.o /home/isti/earthworm/lib/sleep_ew.o  -lm -lposix4
make[2]: Leaving directory `/home/isti/earthworm/src/seismic_processing/pkfilter'
------
Making sol_modules in:
/home/isti/earthworm/src/seismic_processing/rayloc_ew
make[2]: Entering directory `/home/isti/earthworm/src/seismic_processing/rayloc_ew'
cc -D_SPARC -D_SOLARIS -I/home/isti/earthworm/include -I/home/isti/earthworm/src/oracle/schema/src/include -I/home/isti/earthworm/src/oracle/schema/src/include/internal -I/home/isti/earthworm/src/oracle/apps/src/include -I/opt/oracle/rdbms/demo -g -I /home/isti/earthworm/include/ -DUSE_LOGIT   -c -o rayloc_ew_main.o rayloc_ew_main.c
cc -D_SPARC -D_SOLARIS -I/home/isti/earthworm/include -I/home/isti/earthworm/src/oracle/schema/src/include -I/home/isti/earthworm/src/oracle/schema/src/include/internal -I/home/isti/earthworm/src/oracle/apps/src/include -I/opt/oracle/rdbms/demo -g -I /home/isti/earthworm/include/ -DUSE_LOGIT   -c -o rayloc_ew_config.o rayloc_ew_config.c
f77 -g  -c -o distaz.o distaz.f
distaz.f:
	distaz:
	delaz:
	geocen:
f77 -g  -c -o input.o input.f
input.f:
	input:
f77 -g  -c -o libsun.o libsun.f
libsun.f:
	warn:
	tnoua:
	dasign:
	vexit:
f77 -g  -c -o ellip.o ellip.f
ellip.f:
	ellip:
	ellref:
	lnblk:
	phase_alias:
f77 -g  -c -o io_util.o io_util.f
io_util.f:
	ntrbl:
	strpph:
	freeunit:
f77 -g  -c -o libtau.o libtau.f
libtau.f:
	asnag1:
	assign:
	bkin:
	brnset:
	depcor:
	depset:
	findtt:
	fitspl:
	iupcor:
	oneray:
	pdecu:
	query:
	r4sort:
	retrns:
	spfit:
	tabin:
	tauint:
	tauspl:
	trtm:
	uctolc:
	umod:
       entry 	zmod:
f77 -g  -c -o robust_util.o robust_util.f
robust_util.f:
	adder:
	cholin:
	cholsl:
	drdwr:
	dsprsn:
	errelp:
	estlin:
	jacobi:
	lsrt:
       entry 	lpush:
       entry 	lpop:
	lintry:
	magsrt:
	nclose:
	normeq:
	nstep:
	scopt:
	setup:
	stats:
	stirf:
	xmed:
f77 -g  -c -o hypo.o hypo.f
hypo.f:
	hypo:
f77 -g  -c -o output.o output.f
output.f:
	output:
	azmgap:
	stacnt:
	smqual:
	sumerr:
	strsrt:
cc -D_SPARC -D_SOLARIS -I/home/isti/earthworm/include -I/home/isti/earthworm/src/oracle/schema/src/include -I/home/isti/earthworm/src/oracle/schema/src/include/internal -I/home/isti/earthworm/src/oracle/apps/src/include -I/opt/oracle/rdbms/demo -g -I /home/isti/earthworm/include/ -DUSE_LOGIT   -c -o rayloc_stations.o rayloc_stations.c
cc -D_SPARC -D_SOLARIS -I/home/isti/earthworm/include -I/home/isti/earthworm/src/oracle/schema/src/include -I/home/isti/earthworm/src/oracle/schema/src/include/internal -I/home/isti/earthworm/src/oracle/apps/src/include -I/opt/oracle/rdbms/demo -g -I /home/isti/earthworm/include/ -DUSE_LOGIT   -c -o rayloc1.o rayloc1.c
cc -D_SPARC -D_SOLARIS -I/home/isti/earthworm/include -I/home/isti/earthworm/src/oracle/schema/src/include -I/home/isti/earthworm/src/oracle/schema/src/include/internal -I/home/isti/earthworm/src/oracle/apps/src/include -I/opt/oracle/rdbms/demo -g -I /home/isti/earthworm/include/ -DUSE_LOGIT   -c -o rayloc_unused_phases.o rayloc_unused_phases.c
f77 -g  -c -o librayloc1.o librayloc1.f
librayloc1.f:
	libray:
f77  -o rayloc_ew rayloc_ew_main.o rayloc_ew_config.o /home/isti/earthworm/lib/kom.o /home/isti/earthworm/lib/getutil.o /home/isti/earthworm/lib/time_ew.o /home/isti/earthworm/lib/chron3.o /home/isti/earthworm/lib/logit.o /home/isti/earthworm/lib/transport.o /home/isti/earthworm/lib/sleep_ew.o /home/isti/earthworm/lib/swap.o /home/isti/earthworm/lib/global_msg.o /home/isti/earthworm/lib/global_loc_rw.o /home/isti/earthworm/lib/rayloc_message_rw.o distaz.o input.o libsun.o ellip.o io_util.o libtau.o robust_util.o hypo.o output.o rayloc_stations.o rayloc1.o rayloc_unused_phases.o  librayloc1.o -lm -lposix4
cp rayloc_ew /home/isti/earthworm/bin/
make[2]: Leaving directory `/home/isti/earthworm/src/seismic_processing/rayloc_ew'
------
Making sol_modules in:
/home/isti/earthworm/src/seismic_processing/raypicker
make[2]: Entering directory `/home/isti/earthworm/src/seismic_processing/raypicker'
cc -D_SPARC -D_SOLARIS -I/home/isti/earthworm/include -I/home/isti/earthworm/src/oracle/schema/src/include -I/home/isti/earthworm/src/oracle/schema/src/include/internal -I/home/isti/earthworm/src/oracle/apps/src/include -I/opt/oracle/rdbms/demo  -c raypicker.c
"./symmetry.h", line 76: warning: newline not last character in file
"./compare.h", line 28: warning: newline not last character in file
"./config.h", line 36: warning: newline not last character in file
"./symmetry.h", line 76: warning: newline not last character in file
"./pick_channel_info.h", line 120: warning: newline not last character in file
"./tracebuf2double.h", line 58: warning: newline not last character in file
cc -D_SPARC -D_SOLARIS -I/home/isti/earthworm/include -I/home/isti/earthworm/src/oracle/schema/src/include -I/home/isti/earthworm/src/oracle/schema/src/include/internal -I/home/isti/earthworm/src/oracle/apps/src/include -I/opt/oracle/rdbms/demo  -c compare.c
"./compare.h", line 28: warning: newline not last character in file
"./symmetry.h", line 76: warning: newline not last character in file
cc -D_SPARC -D_SOLARIS -I/home/isti/earthworm/include -I/home/isti/earthworm/src/oracle/schema/src/include -I/home/isti/earthworm/src/oracle/schema/src/include/internal -I/home/isti/earthworm/src/oracle/apps/src/include -I/opt/oracle/rdbms/demo  -c config.c
"./symmetry.h", line 76: warning: newline not last character in file
"./config.h", line 36: warning: newline not last character in file
cc -D_SPARC -D_SOLARIS -I/home/isti/earthworm/include -I/home/isti/earthworm/src/oracle/schema/src/include -I/home/isti/earthworm/src/oracle/schema/src/include/internal -I/home/isti/earthworm/src/oracle/apps/src/include -I/opt/oracle/rdbms/demo  -c debug.c
cc -D_SPARC -D_SOLARIS -I/home/isti/earthworm/include -I/home/isti/earthworm/src/oracle/schema/src/include -I/home/isti/earthworm/src/oracle/schema/src/include/internal -I/home/isti/earthworm/src/oracle/apps/src/include -I/opt/oracle/rdbms/demo  -c pick_channel_info.c
"./symmetry.h", line 76: warning: newline not last character in file
"./symmetry.h", line 76: warning: newline not last character in file
"./pick_channel_info.h", line 120: warning: newline not last character in file
cc -D_SPARC -D_SOLARIS -I/home/isti/earthworm/include -I/home/isti/earthworm/src/oracle/schema/src/include -I/home/isti/earthworm/src/oracle/schema/src/include/internal -I/home/isti/earthworm/src/oracle/apps/src/include -I/opt/oracle/rdbms/demo  -c pick_series.c
"./symmetry.h", line 76: warning: newline not last character in file
"./config.h", line 36: warning: newline not last character in file
cc -D_SPARC -D_SOLARIS -I/home/isti/earthworm/include -I/home/isti/earthworm/src/oracle/schema/src/include -I/home/isti/earthworm/src/oracle/schema/src/include/internal -I/home/isti/earthworm/src/oracle/apps/src/include -I/opt/oracle/rdbms/demo  -c rate_constants.c
"./symmetry.h", line 76: warning: newline not last character in file
cc -D_SPARC -D_SOLARIS -I/home/isti/earthworm/include -I/home/isti/earthworm/src/oracle/schema/src/include -I/home/isti/earthworm/src/oracle/schema/src/include/internal -I/home/isti/earthworm/src/oracle/apps/src/include -I/opt/oracle/rdbms/demo  -c ray_trigger.c
cc -D_SPARC -D_SOLARIS -I/home/isti/earthworm/include -I/home/isti/earthworm/src/oracle/schema/src/include -I/home/isti/earthworm/src/oracle/schema/src/include/internal -I/home/isti/earthworm/src/oracle/apps/src/include -I/opt/oracle/rdbms/demo  -c rp_messaging.c
"./symmetry.h", line 76: warning: newline not last character in file
"rp_messaging.c", line 200: warning: non-constant initializer: op "U*"
cc -D_SPARC -D_SOLARIS -I/home/isti/earthworm/include -I/home/isti/earthworm/src/oracle/schema/src/include -I/home/isti/earthworm/src/oracle/schema/src/include/internal -I/home/isti/earthworm/src/oracle/apps/src/include -I/opt/oracle/rdbms/demo  -c symmetry.c
"./symmetry.h", line 76: warning: newline not last character in file
"./symmetry.h", line 76: warning: newline not last character in file
cc -D_SPARC -D_SOLARIS -I/home/isti/earthworm/include -I/home/isti/earthworm/src/oracle/schema/src/include -I/home/isti/earthworm/src/oracle/schema/src/include/internal -I/home/isti/earthworm/src/oracle/apps/src/include -I/opt/oracle/rdbms/demo  -c tracebuf2double.c
"./tracebuf2double.h", line 58: warning: newline not last character in file
echo "making the main app"
making the main app
echo "have raypicker.o compare.o config.o debug.o pick_channel_info.o pick_series.o rate_constants.o ray_trigger.o rp_messaging.o symmetry.o tracebuf2double.o"
have raypicker.o compare.o config.o debug.o pick_channel_info.o pick_series.o rate_constants.o ray_trigger.o rp_messaging.o symmetry.o tracebuf2double.o
cc raypicker.o compare.o config.o debug.o pick_channel_info.o pick_series.o rate_constants.o ray_trigger.o rp_messaging.o symmetry.o tracebuf2double.o /home/isti/earthworm/lib/getutil.o /home/isti/earthworm/lib/kom.o /home/isti/earthworm/lib/logit_mt.o /home/isti/earthworm/lib/mem_circ_queue.o /home/isti/earthworm/lib/sleep_ew.o /home/isti/earthworm/lib/sema_ew.o /home/isti/earthworm/lib/swap.o /home/isti/earthworm/lib/time_ew.o /home/isti/earthworm/lib/threads_ew.o /home/isti/earthworm/lib/transport.o /home/isti/earthworm/lib/butterworth.o /home/isti/earthworm/lib/complex_math.o /home/isti/earthworm/lib/convertInstResponse.o /home/isti/earthworm/lib/global_amp_rw.o /home/isti/earthworm/lib/global_msg.o /home/isti/earthworm/lib/global_pick_rw.o /home/isti/earthworm/lib/ioc_filter.o /home/isti/earthworm/lib/transferFunction.o /home/isti/earthworm/lib/watchdog_client.o /home/isti/earthworm/lib/residue.o -lm -lrt -o raypicker
cp raypicker /home/isti/earthworm/bin
make[2]: Leaving directory `/home/isti/earthworm/src/seismic_processing/raypicker'
------
Making sol_modules in:
/home/isti/earthworm/src/seismic_processing/statrigfilter
make[2]: Entering directory `/home/isti/earthworm/src/seismic_processing/statrigfilter'
cc -c -D_REENTRANT -D_SPARC -D_SOLARIS -I/home/isti/earthworm/include -I/home/isti/earthworm/src/oracle/schema/src/include -I/home/isti/earthworm/src/oracle/schema/src/include/internal -I/home/isti/earthworm/src/oracle/apps/src/include -I/opt/oracle/rdbms/demo statrigfilter.c
cc -o /home/isti/earthworm/bin/statrigfilter  statrigfilter.o /home/isti/earthworm/lib/logit.o /home/isti/earthworm/lib/getutil.o /home/isti/earthworm/lib/time_ew.o /home/isti/earthworm/lib/chron3.o /home/isti/earthworm/lib/transport.o /home/isti/earthworm/lib/kom.o /home/isti/earthworm/lib/sleep_ew.o  -lm -lposix4
make[2]: Leaving directory `/home/isti/earthworm/src/seismic_processing/statrigfilter'
------
Making sol_modules in:
/home/isti/earthworm/src/seismic_processing/wftimefilter
make[2]: Entering directory `/home/isti/earthworm/src/seismic_processing/wftimefilter'
cc -c -D_REENTRANT -D_SPARC -D_SOLARIS -I/home/isti/earthworm/include -I/home/isti/earthworm/src/oracle/schema/src/include -I/home/isti/earthworm/src/oracle/schema/src/include/internal -I/home/isti/earthworm/src/oracle/apps/src/include -I/opt/oracle/rdbms/demo wftimefilter.c
cc -o /home/isti/earthworm/bin/wftimefilter  wftimefilter.o /home/isti/earthworm/lib/trheadconv.o /home/isti/earthworm/lib/logit.o /home/isti/earthworm/lib/getutil.o /home/isti/earthworm/lib/time_ew.o /home/isti/earthworm/lib/chron3.o /home/isti/earthworm/lib/transport.o /home/isti/earthworm/lib/kom.o /home/isti/earthworm/lib/sleep_ew.o /home/isti/earthworm/lib/swap.o -lm -lposix4
make[2]: Leaving directory `/home/isti/earthworm/src/seismic_processing/wftimefilter'
make[1]: Leaving directory `/home/isti/earthworm/src/seismic_processing'
------
Making sol_modules in:
/home/isti/earthworm/src/system_control
make[1]: Entering directory `/home/isti/earthworm/src/system_control'
------
Making sol_modules in:
/home/isti/earthworm/src/system_control/pau
make[2]: Entering directory `/home/isti/earthworm/src/system_control/pau'
make -f makefile.sol pau
make[3]: Entering directory `/home/isti/earthworm/src/system_control/pau'
cc -D_SPARC -D_SOLARIS -I/home/isti/earthworm/include -I/home/isti/earthworm/src/oracle/schema/src/include -I/home/isti/earthworm/src/oracle/schema/src/include/internal -I/home/isti/earthworm/src/oracle/apps/src/include -I/opt/oracle/rdbms/demo   -c -o pau.o pau.c
cc -D_SPARC -D_SOLARIS -I/home/isti/earthworm/include -I/home/isti/earthworm/src/oracle/schema/src/include -I/home/isti/earthworm/src/oracle/schema/src/include/internal -I/home/isti/earthworm/src/oracle/apps/src/include -I/opt/oracle/rdbms/demo   -c -o setflags.o setflags.c
cc -o /home/isti/earthworm/bin/pau pau.o setflags.o /home/isti/earthworm/lib/dirops_ew.o /home/isti/earthworm/lib/kom.o /home/isti/earthworm/lib/getutil.o /home/isti/earthworm/lib/sleep_ew.o /home/isti/earthworm/lib/transport.o /home/isti/earthworm/lib/logit.o /home/isti/earthworm/lib/time_ew.o      -lposix4
make[3]: Leaving directory `/home/isti/earthworm/src/system_control/pau'
make -f makefile.sol pidpau
make[3]: Entering directory `/home/isti/earthworm/src/system_control/pau'
cc -D_SPARC -D_SOLARIS -I/home/isti/earthworm/include -I/home/isti/earthworm/src/oracle/schema/src/include -I/home/isti/earthworm/src/oracle/schema/src/include/internal -I/home/isti/earthworm/src/oracle/apps/src/include -I/opt/oracle/rdbms/demo   -c -o pidpau.o pidpau.c
cc -o /home/isti/earthworm/bin/pidpau pidpau.o setflags.o /home/isti/earthworm/lib/dirops_ew.o /home/isti/earthworm/lib/kom.o /home/isti/earthworm/lib/getutil.o /home/isti/earthworm/lib/sleep_ew.o /home/isti/earthworm/lib/transport.o /home/isti/earthworm/lib/logit.o /home/isti/earthworm/lib/time_ew.o      -lposix4
make[3]: Leaving directory `/home/isti/earthworm/src/system_control/pau'
make[2]: Leaving directory `/home/isti/earthworm/src/system_control/pau'
------
Making sol_modules in:
/home/isti/earthworm/src/system_control/reconfigure
make[2]: Entering directory `/home/isti/earthworm/src/system_control/reconfigure'
cc -c -D_SPARC -D_SOLARIS -I/home/isti/earthworm/include -I/home/isti/earthworm/src/oracle/schema/src/include -I/home/isti/earthworm/src/oracle/schema/src/include/internal -I/home/isti/earthworm/src/oracle/apps/src/include -I/opt/oracle/rdbms/demo reconfigure.c
cc -g -o /home/isti/earthworm/bin/reconfigure reconfigure.o /home/isti/earthworm/lib/dirops_ew.o  /home/isti/earthworm/lib/transport.o /home/isti/earthworm/lib/sleep_ew.o /home/isti/earthworm/lib/getutil.o /home/isti/earthworm/lib/kom.o /home/isti/earthworm/lib/logit.o /home/isti/earthworm/lib/time_ew.o -lc -lm -lposix4
make[2]: Leaving directory `/home/isti/earthworm/src/system_control/reconfigure'
------
Making sol_modules in:
/home/isti/earthworm/src/system_control/restart
make[2]: Entering directory `/home/isti/earthworm/src/system_control/restart'
cc -c -D_SPARC -D_SOLARIS -I/home/isti/earthworm/include -I/home/isti/earthworm/src/oracle/schema/src/include -I/home/isti/earthworm/src/oracle/schema/src/include/internal -I/home/isti/earthworm/src/oracle/apps/src/include -I/opt/oracle/rdbms/demo restart.c
cc -g -o /home/isti/earthworm/bin/restart restart.o /home/isti/earthworm/lib/dirops_ew.o /home/isti/earthworm/lib/time_ew.o /home/isti/earthworm/lib/transport.o /home/isti/earthworm/lib/sleep_ew.o /home/isti/earthworm/lib/getutil.o /home/isti/earthworm/lib/kom.o /home/isti/earthworm/lib/logit.o /home/isti/earthworm/lib/time_ew.o -lc -lm -lposix4
make[2]: Leaving directory `/home/isti/earthworm/src/system_control/restart'
------
Making sol_modules in:
/home/isti/earthworm/src/system_control/stopmodule
make[2]: Entering directory `/home/isti/earthworm/src/system_control/stopmodule'
cc -c -D_SPARC -D_SOLARIS -I/home/isti/earthworm/include -I/home/isti/earthworm/src/oracle/schema/src/include -I/home/isti/earthworm/src/oracle/schema/src/include/internal -I/home/isti/earthworm/src/oracle/apps/src/include -I/opt/oracle/rdbms/demo stopmodule.c
cc -g -o /home/isti/earthworm/bin/stopmodule stopmodule.o /home/isti/earthworm/lib/dirops_ew.o /home/isti/earthworm/lib/time_ew.o /home/isti/earthworm/lib/transport.o /home/isti/earthworm/lib/sleep_ew.o /home/isti/earthworm/lib/getutil.o /home/isti/earthworm/lib/kom.o /home/isti/earthworm/lib/logit.o  -lc -lm -lposix4
make[2]: Leaving directory `/home/isti/earthworm/src/system_control/stopmodule'
------
Making sol_modules in:
/home/isti/earthworm/src/system_control/startstop_solaris
make[2]: Entering directory `/home/isti/earthworm/src/system_control/startstop_solaris'
cc -c -D_REENTRANT -D_SPARC -D_SOLARIS -I/home/isti/earthworm/include -I/home/isti/earthworm/src/oracle/schema/src/include -I/home/isti/earthworm/src/oracle/schema/src/include/internal -I/home/isti/earthworm/src/oracle/apps/src/include -I/opt/oracle/rdbms/demo startstop.c
cc -o /home/isti/earthworm/bin/startstop startstop.o /home/isti/earthworm/lib/kom.o /home/isti/earthworm/lib/logit_mt.o /home/isti/earthworm/lib/getutil.o /home/isti/earthworm/lib/time_ew.o /home/isti/earthworm/lib/transport.o /home/isti/earthworm/lib/sleep_ew.o /home/isti/earthworm/lib/sema_ew.o /home/isti/earthworm/lib/startstop_unix_generic.o /home/isti/earthworm/lib/lockfile.o /home/isti/earthworm/lib/lockfile_ew.o /home/isti/earthworm/lib/startstop_lib.o  -lm -mt -lposix4 -lthread
make[2]: Leaving directory `/home/isti/earthworm/src/system_control/startstop_solaris'
------
Making sol_modules in:
/home/isti/earthworm/src/system_control/status
make[2]: Entering directory `/home/isti/earthworm/src/system_control/status'
cc -c -D_SPARC -D_SOLARIS -I/home/isti/earthworm/include -I/home/isti/earthworm/src/oracle/schema/src/include -I/home/isti/earthworm/src/oracle/schema/src/include/internal -I/home/isti/earthworm/src/oracle/apps/src/include -I/opt/oracle/rdbms/demo status.c
cc -g -o /home/isti/earthworm/bin/status status.o  /home/isti/earthworm/lib/time_ew.o /home/isti/earthworm/lib/transport.o /home/isti/earthworm/lib/sleep_ew.o /home/isti/earthworm/lib/getutil.o /home/isti/earthworm/lib/dirops_ew.o /home/isti/earthworm/lib/kom.o /home/isti/earthworm/lib/logit.o -lc -lm -lposix4
make[2]: Leaving directory `/home/isti/earthworm/src/system_control/status'
make[1]: Leaving directory `/home/isti/earthworm/src/system_control'
------
Making sol_modules in:
/home/isti/earthworm/src/data_sources
make[1]: Entering directory `/home/isti/earthworm/src/data_sources'
------
Making sol_modules in:
/home/isti/earthworm/src/data_sources/k2ew
make[2]: Entering directory `/home/isti/earthworm/src/data_sources/k2ew'
cc -c -g -D_SPARC -D_SOLARIS -I/home/isti/earthworm/include -I/home/isti/earthworm/src/oracle/schema/src/include -I/home/isti/earthworm/src/oracle/schema/src/include/internal -I/home/isti/earthworm/src/oracle/apps/src/include -I/opt/oracle/rdbms/demo k2ewmain.c
cc -c -g -D_SPARC -D_SOLARIS -I/home/isti/earthworm/include -I/home/isti/earthworm/src/oracle/schema/src/include -I/home/isti/earthworm/src/oracle/schema/src/include/internal -I/home/isti/earthworm/src/oracle/apps/src/include -I/opt/oracle/rdbms/demo outptthrd.c
cc -c -g -D_SPARC -D_SOLARIS -I/home/isti/earthworm/include -I/home/isti/earthworm/src/oracle/schema/src/include -I/home/isti/earthworm/src/oracle/schema/src/include/internal -I/home/isti/earthworm/src/oracle/apps/src/include -I/opt/oracle/rdbms/demo terminat.c
cc -c -g -D_SPARC -D_SOLARIS -I/home/isti/earthworm/include -I/home/isti/earthworm/src/oracle/schema/src/include -I/home/isti/earthworm/src/oracle/schema/src/include/internal -I/home/isti/earthworm/src/oracle/apps/src/include -I/opt/oracle/rdbms/demo getconfig.c
cc -c -g -D_SPARC -D_SOLARIS -I/home/isti/earthworm/include -I/home/isti/earthworm/src/oracle/schema/src/include -I/home/isti/earthworm/src/oracle/schema/src/include/internal -I/home/isti/earthworm/src/oracle/apps/src/include -I/opt/oracle/rdbms/demo k2ewerrs.c
cc -c -g -D_SPARC -D_SOLARIS -I/home/isti/earthworm/include -I/home/isti/earthworm/src/oracle/schema/src/include -I/home/isti/earthworm/src/oracle/schema/src/include/internal -I/home/isti/earthworm/src/oracle/apps/src/include -I/opt/oracle/rdbms/demo k2crctbl.c
cc -c -g -D_SPARC -D_SOLARIS -I/home/isti/earthworm/include -I/home/isti/earthworm/src/oracle/schema/src/include -I/home/isti/earthworm/src/oracle/schema/src/include/internal -I/home/isti/earthworm/src/oracle/apps/src/include -I/opt/oracle/rdbms/demo k2cirbuf.c
cc -c -g -D_SPARC -D_SOLARIS -I/home/isti/earthworm/include -I/home/isti/earthworm/src/oracle/schema/src/include -I/home/isti/earthworm/src/oracle/schema/src/include/internal -I/home/isti/earthworm/src/oracle/apps/src/include -I/opt/oracle/rdbms/demo k2pktman.c
cc -c -g -D_SPARC -D_SOLARIS -I/home/isti/earthworm/include -I/home/isti/earthworm/src/oracle/schema/src/include -I/home/isti/earthworm/src/oracle/schema/src/include/internal -I/home/isti/earthworm/src/oracle/apps/src/include -I/opt/oracle/rdbms/demo k2misc.c
cc -c -g -D_SPARC -D_SOLARIS -I/home/isti/earthworm/include -I/home/isti/earthworm/src/oracle/schema/src/include -I/home/isti/earthworm/src/oracle/schema/src/include/internal -I/home/isti/earthworm/src/oracle/apps/src/include -I/opt/oracle/rdbms/demo k2pktio.c
cc -c -g -D_SPARC -D_SOLARIS -I/home/isti/earthworm/include -I/home/isti/earthworm/src/oracle/schema/src/include -I/home/isti/earthworm/src/oracle/schema/src/include/internal -I/home/isti/earthworm/src/oracle/apps/src/include -I/opt/oracle/rdbms/demo k2ewrstrt.c
cc -c -g -D_SPARC -D_SOLARIS -I/home/isti/earthworm/include -I/home/isti/earthworm/src/oracle/schema/src/include -I/home/isti/earthworm/src/oracle/schema/src/include/internal -I/home/isti/earthworm/src/oracle/apps/src/include -I/opt/oracle/rdbms/demo heartbt.c
cc -c -g -D_SPARC -D_SOLARIS -I/home/isti/earthworm/include -I/home/isti/earthworm/src/oracle/schema/src/include -I/home/isti/earthworm/src/oracle/schema/src/include/internal -I/home/isti/earthworm/src/oracle/apps/src/include -I/opt/oracle/rdbms/demo k2info.c
cc -c -g -D_SPARC -D_SOLARIS -I/home/isti/earthworm/include -I/home/isti/earthworm/src/oracle/schema/src/include -I/home/isti/earthworm/src/oracle/schema/src/include/internal -I/home/isti/earthworm/src/oracle/apps/src/include -I/opt/oracle/rdbms/demo error_ew_un.c
cc -c -g -D_SPARC -D_SOLARIS -I/home/isti/earthworm/include -I/home/isti/earthworm/src/oracle/schema/src/include -I/home/isti/earthworm/src/oracle/schema/src/include/internal -I/home/isti/earthworm/src/oracle/apps/src/include -I/opt/oracle/rdbms/demo k2c_tcp.c
cc -mt -g -D_SPARC -D_SOLARIS -I/home/isti/earthworm/include -I/home/isti/earthworm/src/oracle/schema/src/include -I/home/isti/earthworm/src/oracle/schema/src/include/internal -I/home/isti/earthworm/src/oracle/apps/src/include -I/opt/oracle/rdbms/demo -o /home/isti/earthworm/bin/k2ew_tcp k2ewmain.o outptthrd.o terminat.o getconfig.o k2ewerrs.o k2crctbl.o k2cirbuf.o k2pktman.o k2misc.o k2pktio.o k2ewrstrt.o heartbt.o k2info.o error_ew_un.o k2c_tcp.o /home/isti/earthworm/lib/logit_mt.o /home/isti/earthworm/lib/kom.o /home/isti/earthworm/lib/getutil.o /home/isti/earthworm/lib/sleep_ew.o /home/isti/earthworm/lib/time_ew.o /home/isti/earthworm/lib/transport.o /home/isti/earthworm/lib/sema_ew.o /home/isti/earthworm/lib/threads_ew.o \
     /home/isti/earthworm/lib/socket_ew_common.o /home/isti/earthworm/lib/socket_ew.o  -lm -lthread -lposix4 -lsocket -lnsl
cc -c -g -D_SPARC -D_SOLARIS -I/home/isti/earthworm/include -I/home/isti/earthworm/src/oracle/schema/src/include -I/home/isti/earthworm/src/oracle/schema/src/include/internal -I/home/isti/earthworm/src/oracle/apps/src/include -I/opt/oracle/rdbms/demo k2c_ser_un.c
cc -mt -g -D_SPARC -D_SOLARIS -I/home/isti/earthworm/include -I/home/isti/earthworm/src/oracle/schema/src/include -I/home/isti/earthworm/src/oracle/schema/src/include/internal -I/home/isti/earthworm/src/oracle/apps/src/include -I/opt/oracle/rdbms/demo -o /home/isti/earthworm/bin/k2ew_tty k2ewmain.o outptthrd.o terminat.o getconfig.o k2ewerrs.o k2crctbl.o k2cirbuf.o k2pktman.o k2misc.o k2pktio.o k2ewrstrt.o heartbt.o k2info.o error_ew_un.o k2c_ser_un.o /home/isti/earthworm/lib/logit_mt.o /home/isti/earthworm/lib/kom.o /home/isti/earthworm/lib/getutil.o /home/isti/earthworm/lib/sleep_ew.o /home/isti/earthworm/lib/time_ew.o /home/isti/earthworm/lib/transport.o /home/isti/earthworm/lib/sema_ew.o /home/isti/earthworm/lib/threads_ew.o -lm -lthread -lposix4 -lsocket
make[2]: Leaving directory `/home/isti/earthworm/src/data_sources/k2ew'
------
Making sol_modules in:
/home/isti/earthworm/src/data_sources/naqs2ew
make[2]: Entering directory `/home/isti/earthworm/src/data_sources/naqs2ew'
make -f makefile.sol naqs2ew
make[3]: Entering directory `/home/isti/earthworm/src/data_sources/naqs2ew'
cc -D_REENTRANT -D_SPARC -D_SOLARIS -I/home/isti/earthworm/include -I/home/isti/earthworm/src/oracle/schema/src/include -I/home/isti/earthworm/src/oracle/schema/src/include/internal -I/home/isti/earthworm/src/oracle/apps/src/include -I/opt/oracle/rdbms/demo   -c -o naqs2ew.o naqs2ew.c
cc -D_REENTRANT -D_SPARC -D_SOLARIS -I/home/isti/earthworm/include -I/home/isti/earthworm/src/oracle/schema/src/include -I/home/isti/earthworm/src/oracle/schema/src/include/internal -I/home/isti/earthworm/src/oracle/apps/src/include -I/opt/oracle/rdbms/demo   -c -o channels.o channels.c
cc -D_REENTRANT -D_SPARC -D_SOLARIS -I/home/isti/earthworm/include -I/home/isti/earthworm/src/oracle/schema/src/include -I/home/isti/earthworm/src/oracle/schema/src/include/internal -I/home/isti/earthworm/src/oracle/apps/src/include -I/opt/oracle/rdbms/demo   -c -o naqschassis.o naqschassis.c
cc -D_REENTRANT -D_SPARC -D_SOLARIS -I/home/isti/earthworm/include -I/home/isti/earthworm/src/oracle/schema/src/include -I/home/isti/earthworm/src/oracle/schema/src/include/internal -I/home/isti/earthworm/src/oracle/apps/src/include -I/opt/oracle/rdbms/demo   -c -o nmxsrv_socket.o nmxsrv_socket.c
cc -D_REENTRANT -D_SPARC -D_SOLARIS -I/home/isti/earthworm/include -I/home/isti/earthworm/src/oracle/schema/src/include -I/home/isti/earthworm/src/oracle/schema/src/include/internal -I/home/isti/earthworm/src/oracle/apps/src/include -I/opt/oracle/rdbms/demo   -c -o nmx_api.o nmx_api.c
"nmx_api.c", line 1433: warning: statement not reached
cc -D_REENTRANT -D_SPARC -D_SOLARIS -I/home/isti/earthworm/include -I/home/isti/earthworm/src/oracle/schema/src/include -I/home/isti/earthworm/src/oracle/schema/src/include/internal -I/home/isti/earthworm/src/oracle/apps/src/include -I/opt/oracle/rdbms/demo   -c -o nmxp_packet.o nmxp_packet.c
cc -D_REENTRANT -D_SPARC -D_SOLARIS -I/home/isti/earthworm/include -I/home/isti/earthworm/src/oracle/schema/src/include -I/home/isti/earthworm/src/oracle/schema/src/include/internal -I/home/isti/earthworm/src/oracle/apps/src/include -I/opt/oracle/rdbms/demo   -c -o crc32.o crc32.c
cc -o /home/isti/earthworm/bin/naqs2ew naqs2ew.o channels.o naqschassis.o nmxsrv_socket.o nmx_api.o nmxp_packet.o crc32.o /home/isti/earthworm/lib/kom.o /home/isti/earthworm/lib/getutil.o /home/isti/earthworm/lib/logit.o /home/isti/earthworm/lib/transport.o /home/isti/earthworm/lib/sleep_ew.o /home/isti/earthworm/lib/socket_ew.o /home/isti/earthworm/lib/swap.o /home/isti/earthworm/lib/time_ew.o /home/isti/earthworm/lib/threads_ew.o /home/isti/earthworm/lib/socket_ew_common.o -lm -lnsl -lsocket -lposix4 
make[3]: Leaving directory `/home/isti/earthworm/src/data_sources/naqs2ew'
make -f makefile.sol naqssoh
make[3]: Entering directory `/home/isti/earthworm/src/data_sources/naqs2ew'
cc -D_REENTRANT -D_SPARC -D_SOLARIS -I/home/isti/earthworm/include -I/home/isti/earthworm/src/oracle/schema/src/include -I/home/isti/earthworm/src/oracle/schema/src/include/internal -I/home/isti/earthworm/src/oracle/apps/src/include -I/opt/oracle/rdbms/demo   -c -o naqssoh.o naqssoh.c
cc -D_REENTRANT -D_SPARC -D_SOLARIS -I/home/isti/earthworm/include -I/home/isti/earthworm/src/oracle/schema/src/include -I/home/isti/earthworm/src/oracle/schema/src/include/internal -I/home/isti/earthworm/src/oracle/apps/src/include -I/opt/oracle/rdbms/demo   -c -o sohchannels.o sohchannels.c
cc -o /home/isti/earthworm/bin/naqssoh naqssoh.o sohchannels.o naqschassis.o nmxsrv_socket.o nmx_api.o nmxp_packet.o crc32.o /home/isti/earthworm/lib/kom.o /home/isti/earthworm/lib/getutil.o /home/isti/earthworm/lib/logit.o /home/isti/earthworm/lib/transport.o /home/isti/earthworm/lib/sleep_ew.o /home/isti/earthworm/lib/socket_ew.o /home/isti/earthworm/lib/swap.o /home/isti/earthworm/lib/time_ew.o /home/isti/earthworm/lib/threads_ew.o /home/isti/earthworm/lib/socket_ew_common.o -lm -lnsl -lsocket -lposix4 
make[3]: Leaving directory `/home/isti/earthworm/src/data_sources/naqs2ew'
make -f makefile.sol naqsserTG
make[3]: Entering directory `/home/isti/earthworm/src/data_sources/naqs2ew'
cc -D_REENTRANT -D_SPARC -D_SOLARIS -I/home/isti/earthworm/include -I/home/isti/earthworm/src/oracle/schema/src/include -I/home/isti/earthworm/src/oracle/schema/src/include/internal -I/home/isti/earthworm/src/oracle/apps/src/include -I/opt/oracle/rdbms/demo   -c -o naqsserTG.o naqsserTG.c
cc -D_REENTRANT -D_SPARC -D_SOLARIS -I/home/isti/earthworm/include -I/home/isti/earthworm/src/oracle/schema/src/include -I/home/isti/earthworm/src/oracle/schema/src/include/internal -I/home/isti/earthworm/src/oracle/apps/src/include -I/opt/oracle/rdbms/demo   -c -o serchannels.o serchannels.c
cc -o /home/isti/earthworm/bin/naqsserTG naqsserTG.o serchannels.o naqschassis.o nmxsrv_socket.o nmx_api.o nmxp_packet.o crc32.o /home/isti/earthworm/lib/kom.o /home/isti/earthworm/lib/getutil.o /home/isti/earthworm/lib/logit.o /home/isti/earthworm/lib/transport.o /home/isti/earthworm/lib/sleep_ew.o /home/isti/earthworm/lib/socket_ew.o /home/isti/earthworm/lib/swap.o /home/isti/earthworm/lib/time_ew.o /home/isti/earthworm/lib/threads_ew.o /home/isti/earthworm/lib/socket_ew_common.o -lm -lnsl -lsocket -lposix4
make[3]: Leaving directory `/home/isti/earthworm/src/data_sources/naqs2ew'
make -f makefile.sol getmenu-nmx
make[3]: Entering directory `/home/isti/earthworm/src/data_sources/naqs2ew'
cc -D_REENTRANT -D_SPARC -D_SOLARIS -I/home/isti/earthworm/include -I/home/isti/earthworm/src/oracle/schema/src/include -I/home/isti/earthworm/src/oracle/schema/src/include/internal -I/home/isti/earthworm/src/oracle/apps/src/include -I/opt/oracle/rdbms/demo   -c -o getmenu-nmx.o getmenu-nmx.c
cc -o /home/isti/earthworm/bin/getmenu-nmx getmenu-nmx.o nmxsrv_socket.o nmx_api.o nmxp_packet.o crc32.o /home/isti/earthworm/lib/kom.o /home/isti/earthworm/lib/getutil.o /home/isti/earthworm/lib/logit.o /home/isti/earthworm/lib/transport.o /home/isti/earthworm/lib/sleep_ew.o /home/isti/earthworm/lib/socket_ew.o /home/isti/earthworm/lib/swap.o /home/isti/earthworm/lib/time_ew.o /home/isti/earthworm/lib/threads_ew.o /home/isti/earthworm/lib/socket_ew_common.o -lm -lnsl -lsocket -lposix4
make[3]: Leaving directory `/home/isti/earthworm/src/data_sources/naqs2ew'
make[2]: Leaving directory `/home/isti/earthworm/src/data_sources/naqs2ew'
------
Making sol_modules in:
/home/isti/earthworm/src/data_sources/q2ew
make[2]: Entering directory `/home/isti/earthworm/src/data_sources/q2ew'
Making qlib2
cd ../../libsrc/qlib2/; make
make[3]: Entering directory `/home/isti/earthworm/src/libsrc/qlib2'
make[3]: Nothing to be done for `all'.
make[3]: Leaving directory `/home/isti/earthworm/src/libsrc/qlib2'
Making comserv
cd comserv; make -f makefile.sol
make[3]: Entering directory `/home/isti/earthworm/src/data_sources/q2ew/comserv'
for dir in util  ; do \
	echo build for $dir ... ; \
	(cd $dir; make -f Makefile.solaris_cc all); \
done
build for util ...
make[4]: Entering directory `/home/isti/earthworm/src/data_sources/q2ew/comserv/util'
cc -c -I../include -DSOLARIS2  service.c
ar rv libutil.a service.o
ar: creating libutil.a
ar: writing libutil.a
a - service.o
cc -c -I../include -DSOLARIS2  cfgutil.c
ar rv libutil.a cfgutil.o
ar: writing libutil.a
a - cfgutil.o
cc -c -I../include -DSOLARIS2  stuff.c
ar rv libutil.a stuff.o
ar: writing libutil.a
a - stuff.o
cc -c -I../include -DSOLARIS2  seedutil.c
ar rv libutil.a seedutil.o
ar: writing libutil.a
a - seedutil.o
cc -c -I../include -DSOLARIS2  timeutil.c
ar rv libutil.a timeutil.o
ar: writing libutil.a
a - timeutil.o
/bin/true libutil.a
make[4]: Leaving directory `/home/isti/earthworm/src/data_sources/q2ew/comserv/util'
make[3]: Leaving directory `/home/isti/earthworm/src/data_sources/q2ew/comserv'
cc -D_REENTRANT -D_SPARC -D_SOLARIS -I/home/isti/earthworm/include -I/home/isti/earthworm/src/oracle/schema/src/include -I/home/isti/earthworm/src/oracle/schema/src/include/internal -I/home/isti/earthworm/src/oracle/apps/src/include -I/opt/oracle/rdbms/demo -g -I../../libsrc/qlib2/ -I./comserv/include   -c -o convert.o convert.c
cc -D_REENTRANT -D_SPARC -D_SOLARIS -I/home/isti/earthworm/include -I/home/isti/earthworm/src/oracle/schema/src/include -I/home/isti/earthworm/src/oracle/schema/src/include/internal -I/home/isti/earthworm/src/oracle/apps/src/include -I/opt/oracle/rdbms/demo -g -I../../libsrc/qlib2/ -I./comserv/include   -c -o getconfig.o getconfig.c
cc -D_REENTRANT -D_SPARC -D_SOLARIS -I/home/isti/earthworm/include -I/home/isti/earthworm/src/oracle/schema/src/include -I/home/isti/earthworm/src/oracle/schema/src/include/internal -I/home/isti/earthworm/src/oracle/apps/src/include -I/opt/oracle/rdbms/demo -g -I../../libsrc/qlib2/ -I./comserv/include   -c -o main.o main.c
cc -D_REENTRANT -D_SPARC -D_SOLARIS -I/home/isti/earthworm/include -I/home/isti/earthworm/src/oracle/schema/src/include -I/home/isti/earthworm/src/oracle/schema/src/include/internal -I/home/isti/earthworm/src/oracle/apps/src/include -I/opt/oracle/rdbms/demo -g -I../../libsrc/qlib2/ -I./comserv/include   -c -o scn_map.o scn_map.c
cc -D_REENTRANT -D_SPARC -D_SOLARIS -I/home/isti/earthworm/include -I/home/isti/earthworm/src/oracle/schema/src/include -I/home/isti/earthworm/src/oracle/schema/src/include/internal -I/home/isti/earthworm/src/oracle/apps/src/include -I/opt/oracle/rdbms/demo -g -I../../libsrc/qlib2/ -I./comserv/include   -c -o cs_status.o cs_status.c
cc -D_REENTRANT -D_SPARC -D_SOLARIS -I/home/isti/earthworm/include -I/home/isti/earthworm/src/oracle/schema/src/include -I/home/isti/earthworm/src/oracle/schema/src/include/internal -I/home/isti/earthworm/src/oracle/apps/src/include -I/opt/oracle/rdbms/demo -g -I../../libsrc/qlib2/ -I./comserv/include   -c -o heart.o heart.c
cc -D_REENTRANT -D_SPARC -D_SOLARIS -I/home/isti/earthworm/include -I/home/isti/earthworm/src/oracle/schema/src/include -I/home/isti/earthworm/src/oracle/schema/src/include/internal -I/home/isti/earthworm/src/oracle/apps/src/include -I/opt/oracle/rdbms/demo -g -I../../libsrc/qlib2/ -I./comserv/include   -c -o misc_seed_utils.o misc_seed_utils.c
cc -D_REENTRANT -D_SPARC -D_SOLARIS -I/home/isti/earthworm/include -I/home/isti/earthworm/src/oracle/schema/src/include -I/home/isti/earthworm/src/oracle/schema/src/include/internal -I/home/isti/earthworm/src/oracle/apps/src/include -I/opt/oracle/rdbms/demo -g -I../../libsrc/qlib2/ -I./comserv/include   -c -o die.o die.c
cc -D_REENTRANT -D_SPARC -D_SOLARIS -I/home/isti/earthworm/include -I/home/isti/earthworm/src/oracle/schema/src/include -I/home/isti/earthworm/src/oracle/schema/src/include/internal -I/home/isti/earthworm/src/oracle/apps/src/include -I/opt/oracle/rdbms/demo -g -I../../libsrc/qlib2/ -I./comserv/include   -c -o logo.o logo.c
cc -D_REENTRANT -D_SPARC -D_SOLARIS -I/home/isti/earthworm/include -I/home/isti/earthworm/src/oracle/schema/src/include -I/home/isti/earthworm/src/oracle/schema/src/include/internal -I/home/isti/earthworm/src/oracle/apps/src/include -I/opt/oracle/rdbms/demo -g -I../../libsrc/qlib2/ -I./comserv/include   -c -o options.o options.c
\
        cc -o /home/isti/earthworm/bin/q2ew convert.o getconfig.o main.o scn_map.o cs_status.o heart.o misc_seed_utils.o die.o logo.o options.o /home/isti/earthworm/lib/getutil.o /home/isti/earthworm/lib/kom.o /home/isti/earthworm/lib/logit_mt.o /home/isti/earthworm/lib/sema_ew.o /home/isti/earthworm/lib/threads_ew.o /home/isti/earthworm/lib/time_ew.o /home/isti/earthworm/lib/sleep_ew.o /home/isti/earthworm/lib/transport.o -L../../libsrc/qlib2/ -L./comserv/util -lqlib2nl -lutil -lsocket -lnsl -lposix4 -lthread -lm
make[2]: Leaving directory `/home/isti/earthworm/src/data_sources/q2ew'
------
Making sol_modules in:
/home/isti/earthworm/src/data_sources/q3302ew
make[2]: Entering directory `/home/isti/earthworm/src/data_sources/q3302ew'
cc -D_SPARC -D_SOLARIS -I/home/isti/earthworm/include -I/home/isti/earthworm/src/oracle/schema/src/include -I/home/isti/earthworm/src/oracle/schema/src/include/internal -I/home/isti/earthworm/src/oracle/apps/src/include -I/opt/oracle/rdbms/demo -I/home/isti/earthworm/src/libsrc/lib330 -I. -g -c q3302ew.c -o q3302ew.o
"/home/isti/earthworm/src/libsrc/lib330/libtypes.h", line 26: warning: invalid white space character in directive
"/home/isti/earthworm/src/libsrc/lib330/libtypes.h", line 27: warning: invalid white space character in directive
"/home/isti/earthworm/src/libsrc/lib330/libtypes.h", line 28: warning: invalid white space character in directive
"/home/isti/earthworm/src/libsrc/lib330/libtypes.h", line 30: warning: invalid white space character in directive
"/home/isti/earthworm/src/libsrc/lib330/pascal.h", line 25: warning: invalid white space character in directive
"/home/isti/earthworm/src/libsrc/lib330/pascal.h", line 26: warning: invalid white space character in directive
"/home/isti/earthworm/src/libsrc/lib330/pascal.h", line 27: warning: invalid white space character in directive
"/home/isti/earthworm/src/libsrc/lib330/pascal.h", line 29: warning: invalid white space character in directive
"/home/isti/earthworm/src/libsrc/lib330/pascal.h", line 30: warning: invalid white space character in directive
"/home/isti/earthworm/src/libsrc/lib330/pascal.h", line 32: warning: invalid white space character in directive
"/home/isti/earthworm/src/libsrc/lib330/pascal.h", line 33: warning: invalid white space character in directive
"/home/isti/earthworm/src/libsrc/lib330/pascal.h", line 34: warning: invalid white space character in directive
"/home/isti/earthworm/src/libsrc/lib330/pascal.h", line 35: warning: invalid white space character in directive
"/home/isti/earthworm/src/libsrc/lib330/pascal.h", line 36: warning: invalid white space character in directive
"/home/isti/earthworm/src/libsrc/lib330/pascal.h", line 37: warning: invalid white space character in directive
"/home/isti/earthworm/src/libsrc/lib330/pascal.h", line 38: warning: invalid white space character in directive
"/home/isti/earthworm/src/libsrc/lib330/pascal.h", line 40: warning: invalid white space character in directive
"/home/isti/earthworm/src/libsrc/lib330/pascal.h", line 41: warning: invalid white space character in directive
"/home/isti/earthworm/src/libsrc/lib330/pascal.h", line 42: warning: invalid white space character in directive
"/home/isti/earthworm/src/libsrc/lib330/pascal.h", line 43: warning: invalid white space character in directive
"/home/isti/earthworm/src/libsrc/lib330/pascal.h", line 45: warning: invalid white space character in directive
"/home/isti/earthworm/src/libsrc/lib330/pascal.h", line 46: warning: invalid white space character in directive
"/home/isti/earthworm/src/libsrc/lib330/pascal.h", line 47: warning: invalid white space character in directive
"/home/isti/earthworm/src/libsrc/lib330/pascal.h", line 48: warning: invalid white space character in directive
"/home/isti/earthworm/src/libsrc/lib330/pascal.h", line 49: warning: invalid white space character in directive
"/home/isti/earthworm/src/libsrc/lib330/pascal.h", line 50: warning: invalid white space character in directive
"/home/isti/earthworm/src/libsrc/lib330/pascal.h", line 51: warning: invalid white space character in directive
"/home/isti/earthworm/src/libsrc/lib330/pascal.h", line 52: warning: invalid white space character in directive
"/home/isti/earthworm/src/libsrc/lib330/pascal.h", line 53: warning: invalid white space character in directive
"/home/isti/earthworm/src/libsrc/lib330/pascal.h", line 54: warning: invalid white space character in directive
"/home/isti/earthworm/src/libsrc/lib330/pascal.h", line 55: warning: invalid white space character in directive
"/home/isti/earthworm/src/libsrc/lib330/pascal.h", line 57: warning: invalid white space character in directive
"/home/isti/earthworm/src/libsrc/lib330/libtypes.h", line 34: warning: invalid white space character in directive
"/home/isti/earthworm/src/libsrc/lib330/libtypes.h", line 35: warning: invalid white space character in directive
"/home/isti/earthworm/src/libsrc/lib330/libtypes.h", line 36: warning: invalid white space character in directive
"/home/isti/earthworm/src/libsrc/lib330/libtypes.h", line 37: warning: invalid white space character in directive
"/home/isti/earthworm/src/libsrc/lib330/libtypes.h", line 38: warning: invalid white space character in directive
"/home/isti/earthworm/src/libsrc/lib330/libtypes.h", line 39: warning: invalid white space character in directive
"/home/isti/earthworm/src/libsrc/lib330/libtypes.h", line 40: warning: invalid white space character in directive
"/home/isti/earthworm/src/libsrc/lib330/libtypes.h", line 41: warning: invalid white space character in directive
"/home/isti/earthworm/src/libsrc/lib330/libtypes.h", line 42: warning: invalid white space character in directive
"/home/isti/earthworm/src/libsrc/lib330/libtypes.h", line 43: warning: invalid white space character in directive
"/home/isti/earthworm/src/libsrc/lib330/libtypes.h", line 44: warning: invalid white space character in directive
"/home/isti/earthworm/src/libsrc/lib330/libtypes.h", line 45: warning: invalid white space character in directive
"/home/isti/earthworm/src/libsrc/lib330/libtypes.h", line 46: warning: invalid white space character in directive
"/home/isti/earthworm/src/libsrc/lib330/libtypes.h", line 47: warning: invalid white space character in directive
"/home/isti/earthworm/src/libsrc/lib330/libtypes.h", line 48: warning: invalid white space character in directive
"/home/isti/earthworm/src/libsrc/lib330/libtypes.h", line 49: warning: invalid white space character in directive
"/home/isti/earthworm/src/libsrc/lib330/libtypes.h", line 51: warning: invalid white space character in directive
"/home/isti/earthworm/src/libsrc/lib330/libtypes.h", line 52: warning: invalid white space character in directive
"/home/isti/earthworm/src/libsrc/lib330/libtypes.h", line 53: warning: invalid white space character in directive
"/home/isti/earthworm/src/libsrc/lib330/libtypes.h", line 55: warning: invalid white space character in directive
"/home/isti/earthworm/src/libsrc/lib330/libtypes.h", line 56: warning: invalid white space character in directive
"/home/isti/earthworm/src/libsrc/lib330/libtypes.h", line 57: warning: invalid white space character in directive
"/home/isti/earthworm/src/libsrc/lib330/libtypes.h", line 58: warning: invalid white space character in directive
"/home/isti/earthworm/src/libsrc/lib330/libtypes.h", line 61: warning: invalid white space character in directive
"/home/isti/earthworm/src/libsrc/lib330/libtypes.h", line 62: warning: invalid white space character in directive
"/home/isti/earthworm/src/libsrc/lib330/libtypes.h", line 63: warning: invalid white space character in directive
"/home/isti/earthworm/src/libsrc/lib330/libtypes.h", line 64: warning: invalid white space character in directive
"/home/isti/earthworm/src/libsrc/lib330/libtypes.h", line 66: warning: invalid white space character in directive
"/home/isti/earthworm/src/libsrc/lib330/libtypes.h", line 67: warning: invalid white space character in directive
"/home/isti/earthworm/src/libsrc/lib330/libtypes.h", line 69: warning: invalid white space character in directive
"/home/isti/earthworm/src/libsrc/lib330/libtypes.h", line 71: warning: invalid white space character in directive
"/home/isti/earthworm/src/libsrc/lib330/libtypes.h", line 72: warning: invalid white space character in directive
"/home/isti/earthworm/src/libsrc/lib330/libtypes.h", line 74: warning: invalid white space character in directive
"/home/isti/earthworm/src/libsrc/lib330/libtypes.h", line 76: warning: invalid white space character in directive
"/home/isti/earthworm/src/libsrc/lib330/libtypes.h", line 77: warning: invalid white space character in directive
"/home/isti/earthworm/src/libsrc/lib330/libtypes.h", line 78: warning: invalid white space character in directive
"/home/isti/earthworm/src/libsrc/lib330/libtypes.h", line 79: warning: invalid white space character in directive
"/home/isti/earthworm/src/libsrc/lib330/libtypes.h", line 80: warning: invalid white space character in directive
"/home/isti/earthworm/src/libsrc/lib330/libtypes.h", line 81: warning: invalid white space character in directive
"/home/isti/earthworm/src/libsrc/lib330/libtypes.h", line 82: warning: invalid white space character in directive
"/home/isti/earthworm/src/libsrc/lib330/libtypes.h", line 84: warning: invalid white space character in directive
"/home/isti/earthworm/src/libsrc/lib330/libtypes.h", line 85: warning: invalid white space character in directive
"/home/isti/earthworm/src/libsrc/lib330/libtypes.h", line 86: warning: invalid white space character in directive
"/home/isti/earthworm/src/libsrc/lib330/libtypes.h", line 87: warning: invalid white space character in directive
"/home/isti/earthworm/src/libsrc/lib330/libtypes.h", line 88: warning: invalid white space character in directive
"/home/isti/earthworm/src/libsrc/lib330/libtypes.h", line 89: warning: invalid white space character in directive
"/home/isti/earthworm/src/libsrc/lib330/libtypes.h", line 91: warning: invalid white space character in directive
"/home/isti/earthworm/src/libsrc/lib330/libtypes.h", line 92: warning: invalid white space character in directive
"/home/isti/earthworm/src/libsrc/lib330/libtypes.h", line 94: warning: invalid white space character in directive
"/home/isti/earthworm/src/libsrc/lib330/libtypes.h", line 95: warning: invalid white space character in directive
"/home/isti/earthworm/src/libsrc/lib330/libtypes.h", line 96: warning: invalid white space character in directive
"/home/isti/earthworm/src/libsrc/lib330/libtypes.h", line 97: warning: invalid white space character in directive
"/home/isti/earthworm/src/libsrc/lib330/libtypes.h", line 98: warning: invalid white space character in directive
"/home/isti/earthworm/src/libsrc/lib330/libtypes.h", line 99: warning: invalid white space character in directive
"/home/isti/earthworm/src/libsrc/lib330/libtypes.h", line 100: warning: invalid white space character in directive
"/home/isti/earthworm/src/libsrc/lib330/libtypes.h", line 101: warning: invalid white space character in directive
"/home/isti/earthworm/src/libsrc/lib330/libtypes.h", line 102: warning: invalid white space character in directive
"/home/isti/earthworm/src/libsrc/lib330/libtypes.h", line 103: warning: invalid white space character in directive
"/home/isti/earthworm/src/libsrc/lib330/libtypes.h", line 104: warning: invalid white space character in directive
"/home/isti/earthworm/src/libsrc/lib330/libtypes.h", line 106: warning: invalid white space character in directive
"/home/isti/earthworm/src/libsrc/lib330/libtypes.h", line 107: warning: invalid white space character in directive
"/home/isti/earthworm/src/libsrc/lib330/libtypes.h", line 108: warning: invalid white space character in directive
"/home/isti/earthworm/src/libsrc/lib330/libtypes.h", line 109: warning: invalid white space character in directive
"/home/isti/earthworm/src/libsrc/lib330/libtypes.h", line 111: warning: invalid white space character in directive
"/home/isti/earthworm/src/libsrc/lib330/libtypes.h", line 112: warning: invalid white space character in directive
"/home/isti/earthworm/src/libsrc/lib330/libtypes.h", line 113: warning: invalid white space character in directive
"/home/isti/earthworm/src/libsrc/lib330/libtypes.h", line 115: warning: invalid white space character in directive
"/home/isti/earthworm/src/libsrc/lib330/libtypes.h", line 116: warning: invalid white space character in directive
"/home/isti/earthworm/src/libsrc/lib330/libtypes.h", line 117: warning: invalid white space character in directive
"/home/isti/earthworm/src/libsrc/lib330/libtypes.h", line 118: warning: invalid white space character in directive
"/home/isti/earthworm/src/libsrc/lib330/libtypes.h", line 119: warning: invalid white space character in directive
"/home/isti/earthworm/src/libsrc/lib330/libtypes.h", line 121: warning: invalid white space character in directive
"/home/isti/earthworm/src/libsrc/lib330/libtypes.h", line 122: warning: invalid white space character in directive
"/home/isti/earthworm/src/libsrc/lib330/libtypes.h", line 123: warning: invalid white space character in directive
"/home/isti/earthworm/src/libsrc/lib330/libtypes.h", line 124: warning: invalid white space character in directive
"/home/isti/earthworm/src/libsrc/lib330/libtypes.h", line 125: warning: invalid white space character in directive
"/home/isti/earthworm/src/libsrc/lib330/libtypes.h", line 126: warning: invalid white space character in directive
"/home/isti/earthworm/src/libsrc/lib330/libtypes.h", line 127: warning: invalid white space character in directive
"/home/isti/earthworm/src/libsrc/lib330/libtypes.h", line 128: warning: invalid white space character in directive
"/home/isti/earthworm/src/libsrc/lib330/libtypes.h", line 129: warning: invalid white space character in directive
"/home/isti/earthworm/src/libsrc/lib330/libtypes.h", line 130: warning: invalid white space character in directive
"/home/isti/earthworm/src/libsrc/lib330/libtypes.h", line 131: warning: invalid white space character in directive
"/home/isti/earthworm/src/libsrc/lib330/libtypes.h", line 132: warning: invalid white space character in directive
"/home/isti/earthworm/src/libsrc/lib330/libtypes.h", line 133: warning: invalid white space character in directive
"/home/isti/earthworm/src/libsrc/lib330/libtypes.h", line 134: warning: invalid white space character in directive
"/home/isti/earthworm/src/libsrc/lib330/libtypes.h", line 135: warning: invalid white space character in directive
"/home/isti/earthworm/src/libsrc/lib330/libtypes.h", line 136: warning: invalid white space character in directive
"/home/isti/earthworm/src/libsrc/lib330/libtypes.h", line 137: warning: invalid white space character in directive
"/home/isti/earthworm/src/libsrc/lib330/libtypes.h", line 138: warning: invalid white space character in directive
"/home/isti/earthworm/src/libsrc/lib330/libtypes.h", line 139: warning: invalid white space character in directive
"/home/isti/earthworm/src/libsrc/lib330/libtypes.h", line 140: warning: invalid white space character in directive
"/home/isti/earthworm/src/libsrc/lib330/libtypes.h", line 142: warning: invalid white space character in directive
"/home/isti/earthworm/src/libsrc/lib330/libtypes.h", line 143: warning: invalid white space character in directive
"/home/isti/earthworm/src/libsrc/lib330/libtypes.h", line 144: warning: invalid white space character in directive
"/home/isti/earthworm/src/libsrc/lib330/libtypes.h", line 145: warning: invalid white space character in directive
"/home/isti/earthworm/src/libsrc/lib330/libtypes.h", line 146: warning: invalid white space character in directive
"/home/isti/earthworm/src/libsrc/lib330/libtypes.h", line 147: warning: invalid white space character in directive
"/home/isti/earthworm/src/libsrc/lib330/libtypes.h", line 148: warning: invalid white space character in directive
"/home/isti/earthworm/src/libsrc/lib330/libtypes.h", line 150: warning: invalid white space character in directive
"/home/isti/earthworm/src/libsrc/lib330/libtypes.h", line 151: warning: invalid white space character in directive
"/home/isti/earthworm/src/libsrc/lib330/libtypes.h", line 152: warning: invalid white space character in directive
"/home/isti/earthworm/src/libsrc/lib330/libtypes.h", line 153: warning: invalid white space character in directive
"/home/isti/earthworm/src/libsrc/lib330/libtypes.h", line 154: warning: invalid white space character in directive
"/home/isti/earthworm/src/libsrc/lib330/libtypes.h", line 155: warning: invalid white space character in directive
"/home/isti/earthworm/src/libsrc/lib330/libtypes.h", line 157: warning: invalid white space character in directive
"/home/isti/earthworm/src/libsrc/lib330/libtypes.h", line 158: warning: invalid white space character in directive
"/home/isti/earthworm/src/libsrc/lib330/libtypes.h", line 159: warning: invalid white space character in directive
"/home/isti/earthworm/src/libsrc/lib330/libtypes.h", line 160: warning: invalid white space character in directive
"/home/isti/earthworm/src/libsrc/lib330/libtypes.h", line 161: warning: invalid white space character in directive
"/home/isti/earthworm/src/libsrc/lib330/libtypes.h", line 162: warning: invalid white space character in directive
"/home/isti/earthworm/src/libsrc/lib330/libtypes.h", line 163: warning: invalid white space character in directive
"/home/isti/earthworm/src/libsrc/lib330/libtypes.h", line 165: warning: invalid white space character in directive
"/home/isti/earthworm/src/libsrc/lib330/libtypes.h", line 166: warning: invalid white space character in directive
"/home/isti/earthworm/src/libsrc/lib330/libtypes.h", line 167: warning: invalid white space character in directive
"/home/isti/earthworm/src/libsrc/lib330/libtypes.h", line 168: warning: invalid white space character in directive
"/home/isti/earthworm/src/libsrc/lib330/libtypes.h", line 169: warning: invalid white space character in directive
"/home/isti/earthworm/src/libsrc/lib330/libtypes.h", line 170: warning: invalid white space character in directive
"/home/isti/earthworm/src/libsrc/lib330/libtypes.h", line 172: warning: invalid white space character in directive
"/home/isti/earthworm/src/libsrc/lib330/libtypes.h", line 173: warning: invalid white space character in directive
"/home/isti/earthworm/src/libsrc/lib330/libtypes.h", line 174: warning: invalid white space character in directive
"/home/isti/earthworm/src/libsrc/lib330/libtypes.h", line 175: warning: invalid white space character in directive
"/home/isti/earthworm/src/libsrc/lib330/libtypes.h", line 177: warning: invalid white space character in directive
"/home/isti/earthworm/src/libsrc/lib330/libtypes.h", line 178: warning: invalid white space character in directive
"/home/isti/earthworm/src/libsrc/lib330/libtypes.h", line 179: warning: invalid white space character in directive
"/home/isti/earthworm/src/libsrc/lib330/libtypes.h", line 180: warning: invalid white space character in directive
"/home/isti/earthworm/src/libsrc/lib330/libtypes.h", line 181: warning: invalid white space character in directive
"/home/isti/earthworm/src/libsrc/lib330/libtypes.h", line 651: warning: invalid white space character in directive
"/home/isti/earthworm/src/libsrc/lib330/libtypes.h", line 26: warning: invalid white space character in directive
"/home/isti/earthworm/src/libsrc/lib330/libtypes.h", line 51: warning: invalid white space character in directive
"/home/isti/earthworm/src/libsrc/lib330/libtypes.h", line 53: warning: invalid white space character in directive
"/home/isti/earthworm/src/libsrc/lib330/libtypes.h", line 55: warning: invalid white space character in directive
"/home/isti/earthworm/src/libsrc/lib330/libtypes.h", line 58: warning: invalid white space character in directive
"/home/isti/earthworm/src/libsrc/lib330/libtypes.h", line 651: warning: invalid white space character in directive
"/home/isti/earthworm/src/libsrc/lib330/libmsgs.h", line 27: warning: invalid white space character in directive
"/home/isti/earthworm/src/libsrc/lib330/libmsgs.h", line 29: warning: invalid white space character in directive
"/home/isti/earthworm/src/libsrc/lib330/libmsgs.h", line 30: warning: invalid white space character in directive
"/home/isti/earthworm/src/libsrc/lib330/libmsgs.h", line 33: warning: invalid white space character in directive
"/home/isti/earthworm/src/libsrc/lib330/libmsgs.h", line 35: warning: invalid white space character in directive
"/home/isti/earthworm/src/libsrc/lib330/libmsgs.h", line 37: warning: invalid white space character in directive
"/home/isti/earthworm/src/libsrc/lib330/libmsgs.h", line 38: warning: invalid white space character in directive
"/home/isti/earthworm/src/libsrc/lib330/libmsgs.h", line 39: warning: invalid white space character in directive
"/home/isti/earthworm/src/libsrc/lib330/libmsgs.h", line 41: warning: invalid white space character in directive
"/home/isti/earthworm/src/libsrc/lib330/libmsgs.h", line 42: warning: invalid white space character in directive
"/home/isti/earthworm/src/libsrc/lib330/libstrucs.h", line 28: warning: invalid white space character in directive
"/home/isti/earthworm/src/libsrc/lib330/libstrucs.h", line 30: warning: invalid white space character in directive
"/home/isti/earthworm/src/libsrc/lib330/libstrucs.h", line 31: warning: invalid white space character in directive
"/home/isti/earthworm/src/libsrc/lib330/libstrucs.h", line 34: warning: invalid white space character in directive
"/home/isti/earthworm/src/libsrc/lib330/libstrucs.h", line 36: warning: invalid white space character in directive
"/home/isti/earthworm/src/libsrc/lib330/libstrucs.h", line 38: warning: invalid white space character in directive
"/home/isti/earthworm/src/libsrc/lib330/libstrucs.h", line 40: warning: invalid white space character in directive
"/home/isti/earthworm/src/libsrc/lib330/libstrucs.h", line 42: warning: invalid white space character in directive
"/home/isti/earthworm/src/libsrc/lib330/libstrucs.h", line 44: warning: invalid white space character in directive
"/home/isti/earthworm/src/libsrc/lib330/libstrucs.h", line 46: warning: invalid white space character in directive
"/home/isti/earthworm/src/libsrc/lib330/libstrucs.h", line 47: warning: invalid white space character in directive
"/home/isti/earthworm/src/libsrc/lib330/libseed.h", line 26: warning: invalid white space character in directive
"/home/isti/earthworm/src/libsrc/lib330/libseed.h", line 28: warning: invalid white space character in directive
"/home/isti/earthworm/src/libsrc/lib330/libseed.h", line 29: warning: invalid white space character in directive
"/home/isti/earthworm/src/libsrc/lib330/libseed.h", line 32: warning: invalid white space character in directive
"/home/isti/earthworm/src/libsrc/lib330/libseed.h", line 34: warning: invalid white space character in directive
"/home/isti/earthworm/src/libsrc/lib330/libseed.h", line 36: warning: invalid white space character in directive
"/home/isti/earthworm/src/libsrc/lib330/libseed.h", line 38: warning: invalid white space character in directive
"/home/isti/earthworm/src/libsrc/lib330/libseed.h", line 41: warning: invalid white space character in directive
"/home/isti/earthworm/src/libsrc/lib330/libseed.h", line 43: warning: invalid white space character in directive
"/home/isti/earthworm/src/libsrc/lib330/libseed.h", line 44: warning: invalid white space character in directive
"/home/isti/earthworm/src/libsrc/lib330/libseed.h", line 45: warning: invalid white space character in directive
"/home/isti/earthworm/src/libsrc/lib330/libseed.h", line 46: warning: invalid white space character in directive
"/home/isti/earthworm/src/libsrc/lib330/libseed.h", line 47: warning: invalid white space character in directive
"/home/isti/earthworm/src/libsrc/lib330/libseed.h", line 48: warning: invalid white space character in directive
"/home/isti/earthworm/src/libsrc/lib330/libseed.h", line 49: warning: invalid white space character in directive
"/home/isti/earthworm/src/libsrc/lib330/libseed.h", line 50: warning: invalid white space character in directive
"/home/isti/earthworm/src/libsrc/lib330/libseed.h", line 51: warning: invalid white space character in directive
"/home/isti/earthworm/src/libsrc/lib330/libseed.h", line 52: warning: invalid white space character in directive
"/home/isti/earthworm/src/libsrc/lib330/libseed.h", line 53: warning: invalid white space character in directive
"/home/isti/earthworm/src/libsrc/lib330/libseed.h", line 54: warning: invalid white space character in directive
"/home/isti/earthworm/src/libsrc/lib330/libseed.h", line 55: warning: invalid white space character in directive
"/home/isti/earthworm/src/libsrc/lib330/libseed.h", line 56: warning: invalid white space character in directive
"/home/isti/earthworm/src/libsrc/lib330/libseed.h", line 57: warning: invalid white space character in directive
"/home/isti/earthworm/src/libsrc/lib330/libseed.h", line 58: warning: invalid white space character in directive
"/home/isti/earthworm/src/libsrc/lib330/libseed.h", line 59: warning: invalid white space character in directive
"/home/isti/earthworm/src/libsrc/lib330/libseed.h", line 61: warning: invalid white space character in directive
"/home/isti/earthworm/src/libsrc/lib330/libseed.h", line 62: warning: invalid white space character in directive
"/home/isti/earthworm/src/libsrc/lib330/libseed.h", line 63: warning: invalid white space character in directive
"/home/isti/earthworm/src/libsrc/lib330/libseed.h", line 64: warning: invalid white space character in directive
"/home/isti/earthworm/src/libsrc/lib330/libseed.h", line 65: warning: invalid white space character in directive
"/home/isti/earthworm/src/libsrc/lib330/libseed.h", line 67: warning: invalid white space character in directive
"/home/isti/earthworm/src/libsrc/lib330/libseed.h", line 68: warning: invalid white space character in directive
"/home/isti/earthworm/src/libsrc/lib330/libseed.h", line 69: warning: invalid white space character in directive
"/home/isti/earthworm/src/libsrc/lib330/libseed.h", line 71: warning: invalid white space character in directive
"/home/isti/earthworm/src/libsrc/lib330/libseed.h", line 72: warning: invalid white space character in directive
"/home/isti/earthworm/src/libsrc/lib330/libseed.h", line 73: warning: invalid white space character in directive
"/home/isti/earthworm/src/libsrc/lib330/libseed.h", line 74: warning: invalid white space character in directive
"/home/isti/earthworm/src/libsrc/lib330/libseed.h", line 77: warning: invalid white space character in directive
"/home/isti/earthworm/src/libsrc/lib330/libseed.h", line 78: warning: invalid white space character in directive
"/home/isti/earthworm/src/libsrc/lib330/libseed.h", line 79: warning: invalid white space character in directive
"/home/isti/earthworm/src/libsrc/lib330/libseed.h", line 88: warning: invalid white space character in directive
"/home/isti/earthworm/src/libsrc/lib330/libseed.h", line 129: warning: invalid white space character in directive
"/home/isti/earthworm/src/libsrc/lib330/libseed.h", line 130: warning: invalid white space character in directive
"/home/isti/earthworm/src/libsrc/lib330/libseed.h", line 131: warning: invalid white space character in directive
"/home/isti/earthworm/src/libsrc/lib330/libseed.h", line 132: warning: invalid white space character in directive
"/home/isti/earthworm/src/libsrc/lib330/libseed.h", line 133: warning: invalid white space character in directive
"/home/isti/earthworm/src/libsrc/lib330/libseed.h", line 134: warning: invalid white space character in directive
"/home/isti/earthworm/src/libsrc/lib330/libseed.h", line 135: warning: invalid white space character in directive
"/home/isti/earthworm/src/libsrc/lib330/libseed.h", line 136: warning: invalid white space character in directive
"/home/isti/earthworm/src/libsrc/lib330/libseed.h", line 144: warning: invalid white space character in directive
"/home/isti/earthworm/src/libsrc/lib330/libseed.h", line 145: warning: invalid white space character in directive
"/home/isti/earthworm/src/libsrc/lib330/libseed.h", line 270: warning: invalid white space character in directive
"/home/isti/earthworm/src/libsrc/lib330/libseed.h", line 275: warning: invalid white space character in directive
"/home/isti/earthworm/src/libsrc/lib330/libseed.h", line 303: warning: invalid white space character in directive
"/home/isti/earthworm/src/libsrc/lib330/libseed.h", line 305: warning: invalid white space character in directive
"/home/isti/earthworm/src/libsrc/lib330/libstrucs.h", line 48: warning: invalid white space character in directive
"/home/isti/earthworm/src/libsrc/lib330/libstrucs.h", line 50: warning: invalid white space character in directive
"/home/isti/earthworm/src/libsrc/lib330/libstrucs.h", line 51: warning: invalid white space character in directive
"/home/isti/earthworm/src/libsrc/lib330/libstrucs.h", line 52: warning: invalid white space character in directive
"/home/isti/earthworm/src/libsrc/lib330/libstrucs.h", line 53: warning: invalid white space character in directive
"/home/isti/earthworm/src/libsrc/lib330/libstrucs.h", line 54: warning: invalid white space character in directive
"/home/isti/earthworm/src/libsrc/lib330/libstrucs.h", line 55: warning: invalid white space character in directive
"/home/isti/earthworm/src/libsrc/lib330/libstrucs.h", line 56: warning: invalid white space character in directive
"/home/isti/earthworm/src/libsrc/lib330/libstrucs.h", line 57: warning: invalid white space character in directive
"/home/isti/earthworm/src/libsrc/lib330/libstrucs.h", line 58: warning: invalid white space character in directive
"/home/isti/earthworm/src/libsrc/lib330/libstrucs.h", line 59: warning: invalid white space character in directive
"/home/isti/earthworm/src/libsrc/lib330/libstrucs.h", line 60: warning: invalid white space character in directive
"/home/isti/earthworm/src/libsrc/lib330/libstrucs.h", line 177: warning: invalid white space character in directive
"/home/isti/earthworm/src/libsrc/lib330/libstrucs.h", line 181: warning: invalid white space character in directive
"/home/isti/earthworm/src/libsrc/lib330/libstrucs.h", line 184: warning: invalid white space character in directive
"/home/isti/earthworm/src/libsrc/lib330/libstrucs.h", line 214: warning: invalid white space character in directive
"/home/isti/earthworm/src/libsrc/lib330/libstrucs.h", line 220: warning: invalid white space character in directive
"/home/isti/earthworm/src/libsrc/lib330/libstrucs.h", line 226: warning: invalid white space character in directive
"/home/isti/earthworm/src/libsrc/lib330/libstrucs.h", line 233: warning: invalid white space character in directive
"/home/isti/earthworm/src/libsrc/lib330/libstrucs.h", line 235: warning: invalid white space character in directive
"/home/isti/earthworm/src/libsrc/lib330/libstrucs.h", line 280: warning: invalid white space character in directive
"/home/isti/earthworm/src/libsrc/lib330/libstrucs.h", line 284: warning: invalid white space character in directive
"/home/isti/earthworm/src/libsrc/lib330/libstrucs.h", line 323: warning: invalid white space character in directive
"/home/isti/earthworm/src/libsrc/lib330/libmsgs.h", line 43: warning: invalid white space character in directive
"/home/isti/earthworm/src/libsrc/lib330/libmsgs.h", line 46: warning: invalid white space character in directive
"/home/isti/earthworm/src/libsrc/lib330/libmsgs.h", line 47: warning: invalid white space character in directive
"/home/isti/earthworm/src/libsrc/lib330/libmsgs.h", line 48: warning: invalid white space character in directive
"/home/isti/earthworm/src/libsrc/lib330/libmsgs.h", line 49: warning: invalid white space character in directive
"/home/isti/earthworm/src/libsrc/lib330/libmsgs.h", line 50: warning: invalid white space character in directive
"/home/isti/earthworm/src/libsrc/lib330/libmsgs.h", line 51: warning: invalid white space character in directive
"/home/isti/earthworm/src/libsrc/lib330/libmsgs.h", line 53: warning: invalid white space character in directive
"/home/isti/earthworm/src/libsrc/lib330/libmsgs.h", line 54: warning: invalid white space character in directive
"/home/isti/earthworm/src/libsrc/lib330/libmsgs.h", line 55: warning: invalid white space character in directive
"/home/isti/earthworm/src/libsrc/lib330/libmsgs.h", line 57: warning: invalid white space character in directive
"/home/isti/earthworm/src/libsrc/lib330/libmsgs.h", line 58: warning: invalid white space character in directive
"/home/isti/earthworm/src/libsrc/lib330/libmsgs.h", line 59: warning: invalid white space character in directive
"/home/isti/earthworm/src/libsrc/lib330/libmsgs.h", line 60: warning: invalid white space character in directive
"/home/isti/earthworm/src/libsrc/lib330/libmsgs.h", line 61: warning: invalid white space character in directive
"/home/isti/earthworm/src/libsrc/lib330/libmsgs.h", line 62: warning: invalid white space character in directive
"/home/isti/earthworm/src/libsrc/lib330/libmsgs.h", line 63: warning: invalid white space character in directive
"/home/isti/earthworm/src/libsrc/lib330/libmsgs.h", line 64: warning: invalid white space character in directive
"/home/isti/earthworm/src/libsrc/lib330/libmsgs.h", line 65: warning: invalid white space character in directive
"/home/isti/earthworm/src/libsrc/lib330/libmsgs.h", line 66: warning: invalid white space character in directive
"/home/isti/earthworm/src/libsrc/lib330/libmsgs.h", line 67: warning: invalid white space character in directive
"/home/isti/earthworm/src/libsrc/lib330/libmsgs.h", line 68: warning: invalid white space character in directive
"/home/isti/earthworm/src/libsrc/lib330/libmsgs.h", line 69: warning: invalid white space character in directive
"/home/isti/earthworm/src/libsrc/lib330/libmsgs.h", line 70: warning: invalid white space character in directive
"/home/isti/earthworm/src/libsrc/lib330/libmsgs.h", line 71: warning: invalid white space character in directive
"/home/isti/earthworm/src/libsrc/lib330/libmsgs.h", line 72: warning: invalid white space character in directive
"/home/isti/earthworm/src/libsrc/lib330/libmsgs.h", line 73: warning: invalid white space character in directive
"/home/isti/earthworm/src/libsrc/lib330/libmsgs.h", line 74: warning: invalid white space character in directive
"/home/isti/earthworm/src/libsrc/lib330/libmsgs.h", line 75: warning: invalid white space character in directive
"/home/isti/earthworm/src/libsrc/lib330/libmsgs.h", line 76: warning: invalid white space character in directive
"/home/isti/earthworm/src/libsrc/lib330/libmsgs.h", line 77: warning: invalid white space character in directive
"/home/isti/earthworm/src/libsrc/lib330/libmsgs.h", line 78: warning: invalid white space character in directive
"/home/isti/earthworm/src/libsrc/lib330/libmsgs.h", line 79: warning: invalid white space character in directive
"/home/isti/earthworm/src/libsrc/lib330/libmsgs.h", line 80: warning: invalid white space character in directive
"/home/isti/earthworm/src/libsrc/lib330/libmsgs.h", line 81: warning: invalid white space character in directive
"/home/isti/earthworm/src/libsrc/lib330/libmsgs.h", line 82: warning: invalid white space character in directive
"/home/isti/earthworm/src/libsrc/lib330/libmsgs.h", line 84: warning: invalid white space character in directive
"/home/isti/earthworm/src/libsrc/lib330/libmsgs.h", line 85: warning: invalid white space character in directive
"/home/isti/earthworm/src/libsrc/lib330/libmsgs.h", line 86: warning: invalid white space character in directive
"/home/isti/earthworm/src/libsrc/lib330/libmsgs.h", line 87: warning: invalid white space character in directive
"/home/isti/earthworm/src/libsrc/lib330/libmsgs.h", line 88: warning: invalid white space character in directive
"/home/isti/earthworm/src/libsrc/lib330/libmsgs.h", line 89: warning: invalid white space character in directive
"/home/isti/earthworm/src/libsrc/lib330/libmsgs.h", line 90: warning: invalid white space character in directive
"/home/isti/earthworm/src/libsrc/lib330/libmsgs.h", line 91: warning: invalid white space character in directive
"/home/isti/earthworm/src/libsrc/lib330/libmsgs.h", line 92: warning: invalid white space character in directive
"/home/isti/earthworm/src/libsrc/lib330/libmsgs.h", line 93: warning: invalid white space character in directive
"/home/isti/earthworm/src/libsrc/lib330/libmsgs.h", line 94: warning: invalid white space character in directive
"/home/isti/earthworm/src/libsrc/lib330/libmsgs.h", line 95: warning: invalid white space character in directive
"/home/isti/earthworm/src/libsrc/lib330/libmsgs.h", line 96: warning: invalid white space character in directive
"/home/isti/earthworm/src/libsrc/lib330/libmsgs.h", line 97: warning: invalid white space character in directive
"/home/isti/earthworm/src/libsrc/lib330/libmsgs.h", line 99: warning: invalid white space character in directive
"/home/isti/earthworm/src/libsrc/lib330/libmsgs.h", line 100: warning: invalid white space character in directive
"/home/isti/earthworm/src/libsrc/lib330/libmsgs.h", line 101: warning: invalid white space character in directive
"/home/isti/earthworm/src/libsrc/lib330/libmsgs.h", line 102: warning: invalid white space character in directive
"/home/isti/earthworm/src/libsrc/lib330/libmsgs.h", line 103: warning: invalid white space character in directive
"/home/isti/earthworm/src/libsrc/lib330/libmsgs.h", line 104: warning: invalid white space character in directive
"/home/isti/earthworm/src/libsrc/lib330/libmsgs.h", line 105: warning: invalid white space character in directive
"/home/isti/earthworm/src/libsrc/lib330/libmsgs.h", line 106: warning: invalid white space character in directive
"/home/isti/earthworm/src/libsrc/lib330/libmsgs.h", line 107: warning: invalid white space character in directive
"/home/isti/earthworm/src/libsrc/lib330/libmsgs.h", line 108: warning: invalid white space character in directive
"/home/isti/earthworm/src/libsrc/lib330/libmsgs.h", line 109: warning: invalid white space character in directive
"/home/isti/earthworm/src/libsrc/lib330/libmsgs.h", line 110: warning: invalid white space character in directive
"/home/isti/earthworm/src/libsrc/lib330/libmsgs.h", line 111: warning: invalid white space character in directive
"/home/isti/earthworm/src/libsrc/lib330/libmsgs.h", line 112: warning: invalid white space character in directive
"/home/isti/earthworm/src/libsrc/lib330/libmsgs.h", line 114: warning: invalid white space character in directive
"/home/isti/earthworm/src/libsrc/lib330/libmsgs.h", line 115: warning: invalid white space character in directive
"/home/isti/earthworm/src/libsrc/lib330/libmsgs.h", line 116: warning: invalid white space character in directive
"/home/isti/earthworm/src/libsrc/lib330/libmsgs.h", line 117: warning: invalid white space character in directive
"/home/isti/earthworm/src/libsrc/lib330/libmsgs.h", line 118: warning: invalid white space character in directive
"/home/isti/earthworm/src/libsrc/lib330/libmsgs.h", line 119: warning: invalid white space character in directive
"/home/isti/earthworm/src/libsrc/lib330/libmsgs.h", line 120: warning: invalid white space character in directive
"/home/isti/earthworm/src/libsrc/lib330/libmsgs.h", line 121: warning: invalid white space character in directive
"/home/isti/earthworm/src/libsrc/lib330/libmsgs.h", line 122: warning: invalid white space character in directive
"/home/isti/earthworm/src/libsrc/lib330/libmsgs.h", line 123: warning: invalid white space character in directive
"/home/isti/earthworm/src/libsrc/lib330/libmsgs.h", line 124: warning: invalid white space character in directive
"/home/isti/earthworm/src/libsrc/lib330/libmsgs.h", line 125: warning: invalid white space character in directive
"/home/isti/earthworm/src/libsrc/lib330/libmsgs.h", line 126: warning: invalid white space character in directive
"/home/isti/earthworm/src/libsrc/lib330/libmsgs.h", line 127: warning: invalid white space character in directive
"/home/isti/earthworm/src/libsrc/lib330/libmsgs.h", line 129: warning: invalid white space character in directive
"/home/isti/earthworm/src/libsrc/lib330/libmsgs.h", line 130: warning: invalid white space character in directive
"/home/isti/earthworm/src/libsrc/lib330/libmsgs.h", line 131: warning: invalid white space character in directive
"/home/isti/earthworm/src/libsrc/lib330/libmsgs.h", line 132: warning: invalid white space character in directive
"/home/isti/earthworm/src/libsrc/lib330/libmsgs.h", line 133: warning: invalid white space character in directive
"/home/isti/earthworm/src/libsrc/lib330/libmsgs.h", line 134: warning: invalid white space character in directive
"/home/isti/earthworm/src/libsrc/lib330/libmsgs.h", line 135: warning: invalid white space character in directive
"/home/isti/earthworm/src/libsrc/lib330/libmsgs.h", line 136: warning: invalid white space character in directive
"/home/isti/earthworm/src/libsrc/lib330/libmsgs.h", line 137: warning: invalid white space character in directive
"/home/isti/earthworm/src/libsrc/lib330/libmsgs.h", line 138: warning: invalid white space character in directive
"/home/isti/earthworm/src/libsrc/lib330/libmsgs.h", line 139: warning: invalid white space character in directive
"/home/isti/earthworm/src/libsrc/lib330/libmsgs.h", line 140: warning: invalid white space character in directive
"/home/isti/earthworm/src/libsrc/lib330/libmsgs.h", line 141: warning: invalid white space character in directive
"/home/isti/earthworm/src/libsrc/lib330/libmsgs.h", line 142: warning: invalid white space character in directive
"/home/isti/earthworm/src/libsrc/lib330/libmsgs.h", line 143: warning: invalid white space character in directive
"/home/isti/earthworm/src/libsrc/lib330/libmsgs.h", line 144: warning: invalid white space character in directive
"/home/isti/earthworm/src/libsrc/lib330/libmsgs.h", line 145: warning: invalid white space character in directive
"/home/isti/earthworm/src/libsrc/lib330/libmsgs.h", line 146: warning: invalid white space character in directive
"/home/isti/earthworm/src/libsrc/lib330/libmsgs.h", line 147: warning: invalid white space character in directive
"/home/isti/earthworm/src/libsrc/lib330/libmsgs.h", line 148: warning: invalid white space character in directive
"/home/isti/earthworm/src/libsrc/lib330/libmsgs.h", line 149: warning: invalid white space character in directive
"/home/isti/earthworm/src/libsrc/lib330/libmsgs.h", line 150: warning: invalid white space character in directive
"/home/isti/earthworm/src/libsrc/lib330/libmsgs.h", line 151: warning: invalid white space character in directive
"/home/isti/earthworm/src/libsrc/lib330/libmsgs.h", line 153: warning: invalid white space character in directive
"/home/isti/earthworm/src/libsrc/lib330/libmsgs.h", line 154: warning: invalid white space character in directive
"/home/isti/earthworm/src/libsrc/lib330/libmsgs.h", line 155: warning: invalid white space character in directive
"/home/isti/earthworm/src/libsrc/lib330/libmsgs.h", line 156: warning: invalid white space character in directive
"/home/isti/earthworm/src/libsrc/lib330/libmsgs.h", line 157: warning: invalid white space character in directive
"/home/isti/earthworm/src/libsrc/lib330/libmsgs.h", line 158: warning: invalid white space character in directive
"/home/isti/earthworm/src/libsrc/lib330/libmsgs.h", line 159: warning: invalid white space character in directive
"/home/isti/earthworm/src/libsrc/lib330/libmsgs.h", line 160: warning: invalid white space character in directive
"/home/isti/earthworm/src/libsrc/lib330/libmsgs.h", line 161: warning: invalid white space character in directive
"/home/isti/earthworm/src/libsrc/lib330/libmsgs.h", line 162: warning: invalid white space character in directive
"/home/isti/earthworm/src/libsrc/lib330/libmsgs.h", line 163: warning: invalid white space character in directive
"/home/isti/earthworm/src/libsrc/lib330/libmsgs.h", line 165: warning: invalid white space character in directive
"/home/isti/earthworm/src/libsrc/lib330/libmsgs.h", line 166: warning: invalid white space character in directive
"/home/isti/earthworm/src/libsrc/lib330/libmsgs.h", line 167: warning: invalid white space character in directive
"/home/isti/earthworm/src/libsrc/lib330/libmsgs.h", line 168: warning: invalid white space character in directive
"/home/isti/earthworm/src/libsrc/lib330/libmsgs.h", line 169: warning: invalid white space character in directive
"/home/isti/earthworm/src/libsrc/lib330/libmsgs.h", line 170: warning: invalid white space character in directive
"/home/isti/earthworm/src/libsrc/lib330/libmsgs.h", line 171: warning: invalid white space character in directive
"/home/isti/earthworm/src/libsrc/lib330/libmsgs.h", line 172: warning: invalid white space character in directive
"/home/isti/earthworm/src/libsrc/lib330/libmsgs.h", line 173: warning: invalid white space character in directive
"/home/isti/earthworm/src/libsrc/lib330/libmsgs.h", line 174: warning: invalid white space character in directive
"/home/isti/earthworm/src/libsrc/lib330/libmsgs.h", line 175: warning: invalid white space character in directive
"/home/isti/earthworm/src/libsrc/lib330/libmsgs.h", line 176: warning: invalid white space character in directive
"/home/isti/earthworm/src/libsrc/lib330/libmsgs.h", line 177: warning: invalid white space character in directive
"/home/isti/earthworm/src/libsrc/lib330/libmsgs.h", line 179: warning: invalid white space character in directive
"/home/isti/earthworm/src/libsrc/lib330/libmsgs.h", line 194: warning: invalid white space character in directive
"q3302ew.c", line 49: warning: argument #2 is incompatible with prototype:
	prototype: pointer to function(int) returning void : "/usr/include/iso/signal_iso.h", line 48
	argument : pointer to function() returning void
"q3302ew.c", line 50: warning: argument #2 is incompatible with prototype:
	prototype: pointer to function(int) returning void : "/usr/include/iso/signal_iso.h", line 48
	argument : pointer to function() returning void
"q3302ew.c", line 51: warning: argument #2 is incompatible with prototype:
	prototype: pointer to function(int) returning void : "/usr/include/iso/signal_iso.h", line 48
	argument : pointer to function() returning void
"q3302ew.c", line 52: warning: argument #2 is incompatible with prototype:
	prototype: pointer to function(int) returning void : "/usr/include/iso/signal_iso.h", line 48
	argument : pointer to function() returning void
cc -D_SPARC -D_SOLARIS -I/home/isti/earthworm/include -I/home/isti/earthworm/src/oracle/schema/src/include -I/home/isti/earthworm/src/oracle/schema/src/include/internal -I/home/isti/earthworm/src/oracle/apps/src/include -I/opt/oracle/rdbms/demo -I/home/isti/earthworm/src/libsrc/lib330 -I. -g -c logging.c -o logging.o
cc -D_SPARC -D_SOLARIS -I/home/isti/earthworm/include -I/home/isti/earthworm/src/oracle/schema/src/include -I/home/isti/earthworm/src/oracle/schema/src/include/internal -I/home/isti/earthworm/src/oracle/apps/src/include -I/opt/oracle/rdbms/demo -I/home/isti/earthworm/src/libsrc/lib330 -I. -g -c config.c -o config.o
"/home/isti/earthworm/src/libsrc/lib330/libtypes.h", line 26: warning: invalid white space character in directive
"/home/isti/earthworm/src/libsrc/lib330/libtypes.h", line 27: warning: invalid white space character in directive
"/home/isti/earthworm/src/libsrc/lib330/libtypes.h", line 28: warning: invalid white space character in directive
"/home/isti/earthworm/src/libsrc/lib330/libtypes.h", line 30: warning: invalid white space character in directive
"/home/isti/earthworm/src/libsrc/lib330/pascal.h", line 25: warning: invalid white space character in directive
"/home/isti/earthworm/src/libsrc/lib330/pascal.h", line 26: warning: invalid white space character in directive
"/home/isti/earthworm/src/libsrc/lib330/pascal.h", line 27: warning: invalid white space character in directive
"/home/isti/earthworm/src/libsrc/lib330/pascal.h", line 29: warning: invalid white space character in directive
"/home/isti/earthworm/src/libsrc/lib330/pascal.h", line 30: warning: invalid white space character in directive
"/home/isti/earthworm/src/libsrc/lib330/pascal.h", line 32: warning: invalid white space character in directive
"/home/isti/earthworm/src/libsrc/lib330/pascal.h", line 33: warning: invalid white space character in directive
"/home/isti/earthworm/src/libsrc/lib330/pascal.h", line 34: warning: invalid white space character in directive
"/home/isti/earthworm/src/libsrc/lib330/pascal.h", line 35: warning: invalid white space character in directive
"/home/isti/earthworm/src/libsrc/lib330/pascal.h", line 36: warning: invalid white space character in directive
"/home/isti/earthworm/src/libsrc/lib330/pascal.h", line 37: warning: invalid white space character in directive
"/home/isti/earthworm/src/libsrc/lib330/pascal.h", line 38: warning: invalid white space character in directive
"/home/isti/earthworm/src/libsrc/lib330/pascal.h", line 40: warning: invalid white space character in directive
"/home/isti/earthworm/src/libsrc/lib330/pascal.h", line 41: warning: invalid white space character in directive
"/home/isti/earthworm/src/libsrc/lib330/pascal.h", line 42: warning: invalid white space character in directive
"/home/isti/earthworm/src/libsrc/lib330/pascal.h", line 43: warning: invalid white space character in directive
"/home/isti/earthworm/src/libsrc/lib330/pascal.h", line 45: warning: invalid white space character in directive
"/home/isti/earthworm/src/libsrc/lib330/pascal.h", line 46: warning: invalid white space character in directive
"/home/isti/earthworm/src/libsrc/lib330/pascal.h", line 47: warning: invalid white space character in directive
"/home/isti/earthworm/src/libsrc/lib330/pascal.h", line 48: warning: invalid white space character in directive
"/home/isti/earthworm/src/libsrc/lib330/pascal.h", line 49: warning: invalid white space character in directive
"/home/isti/earthworm/src/libsrc/lib330/pascal.h", line 50: warning: invalid white space character in directive
"/home/isti/earthworm/src/libsrc/lib330/pascal.h", line 51: warning: invalid white space character in directive
"/home/isti/earthworm/src/libsrc/lib330/pascal.h", line 52: warning: invalid white space character in directive
"/home/isti/earthworm/src/libsrc/lib330/pascal.h", line 53: warning: invalid white space character in directive
"/home/isti/earthworm/src/libsrc/lib330/pascal.h", line 54: warning: invalid white space character in directive
"/home/isti/earthworm/src/libsrc/lib330/pascal.h", line 55: warning: invalid white space character in directive
"/home/isti/earthworm/src/libsrc/lib330/pascal.h", line 57: warning: invalid white space character in directive
"/home/isti/earthworm/src/libsrc/lib330/libtypes.h", line 34: warning: invalid white space character in directive
"/home/isti/earthworm/src/libsrc/lib330/libtypes.h", line 35: warning: invalid white space character in directive
"/home/isti/earthworm/src/libsrc/lib330/libtypes.h", line 36: warning: invalid white space character in directive
"/home/isti/earthworm/src/libsrc/lib330/libtypes.h", line 37: warning: invalid white space character in directive
"/home/isti/earthworm/src/libsrc/lib330/libtypes.h", line 38: warning: invalid white space character in directive
"/home/isti/earthworm/src/libsrc/lib330/libtypes.h", line 39: warning: invalid white space character in directive
"/home/isti/earthworm/src/libsrc/lib330/libtypes.h", line 40: warning: invalid white space character in directive
"/home/isti/earthworm/src/libsrc/lib330/libtypes.h", line 41: warning: invalid white space character in directive
"/home/isti/earthworm/src/libsrc/lib330/libtypes.h", line 42: warning: invalid white space character in directive
"/home/isti/earthworm/src/libsrc/lib330/libtypes.h", line 43: warning: invalid white space character in directive
"/home/isti/earthworm/src/libsrc/lib330/libtypes.h", line 44: warning: invalid white space character in directive
"/home/isti/earthworm/src/libsrc/lib330/libtypes.h", line 45: warning: invalid white space character in directive
"/home/isti/earthworm/src/libsrc/lib330/libtypes.h", line 46: warning: invalid white space character in directive
"/home/isti/earthworm/src/libsrc/lib330/libtypes.h", line 47: warning: invalid white space character in directive
"/home/isti/earthworm/src/libsrc/lib330/libtypes.h", line 48: warning: invalid white space character in directive
"/home/isti/earthworm/src/libsrc/lib330/libtypes.h", line 49: warning: invalid white space character in directive
"/home/isti/earthworm/src/libsrc/lib330/libtypes.h", line 51: warning: invalid white space character in directive
"/home/isti/earthworm/src/libsrc/lib330/libtypes.h", line 52: warning: invalid white space character in directive
"/home/isti/earthworm/src/libsrc/lib330/libtypes.h", line 53: warning: invalid white space character in directive
"/home/isti/earthworm/src/libsrc/lib330/libtypes.h", line 55: warning: invalid white space character in directive
"/home/isti/earthworm/src/libsrc/lib330/libtypes.h", line 56: warning: invalid white space character in directive
"/home/isti/earthworm/src/libsrc/lib330/libtypes.h", line 57: warning: invalid white space character in directive
"/home/isti/earthworm/src/libsrc/lib330/libtypes.h", line 58: warning: invalid white space character in directive
"/home/isti/earthworm/src/libsrc/lib330/libtypes.h", line 61: warning: invalid white space character in directive
"/home/isti/earthworm/src/libsrc/lib330/libtypes.h", line 62: warning: invalid white space character in directive
"/home/isti/earthworm/src/libsrc/lib330/libtypes.h", line 63: warning: invalid white space character in directive
"/home/isti/earthworm/src/libsrc/lib330/libtypes.h", line 64: warning: invalid white space character in directive
"/home/isti/earthworm/src/libsrc/lib330/libtypes.h", line 66: warning: invalid white space character in directive
"/home/isti/earthworm/src/libsrc/lib330/libtypes.h", line 67: warning: invalid white space character in directive
"/home/isti/earthworm/src/libsrc/lib330/libtypes.h", line 69: warning: invalid white space character in directive
"/home/isti/earthworm/src/libsrc/lib330/libtypes.h", line 71: warning: invalid white space character in directive
"/home/isti/earthworm/src/libsrc/lib330/libtypes.h", line 72: warning: invalid white space character in directive
"/home/isti/earthworm/src/libsrc/lib330/libtypes.h", line 74: warning: invalid white space character in directive
"/home/isti/earthworm/src/libsrc/lib330/libtypes.h", line 76: warning: invalid white space character in directive
"/home/isti/earthworm/src/libsrc/lib330/libtypes.h", line 77: warning: invalid white space character in directive
"/home/isti/earthworm/src/libsrc/lib330/libtypes.h", line 78: warning: invalid white space character in directive
"/home/isti/earthworm/src/libsrc/lib330/libtypes.h", line 79: warning: invalid white space character in directive
"/home/isti/earthworm/src/libsrc/lib330/libtypes.h", line 80: warning: invalid white space character in directive
"/home/isti/earthworm/src/libsrc/lib330/libtypes.h", line 81: warning: invalid white space character in directive
"/home/isti/earthworm/src/libsrc/lib330/libtypes.h", line 82: warning: invalid white space character in directive
"/home/isti/earthworm/src/libsrc/lib330/libtypes.h", line 84: warning: invalid white space character in directive
"/home/isti/earthworm/src/libsrc/lib330/libtypes.h", line 85: warning: invalid white space character in directive
"/home/isti/earthworm/src/libsrc/lib330/libtypes.h", line 86: warning: invalid white space character in directive
"/home/isti/earthworm/src/libsrc/lib330/libtypes.h", line 87: warning: invalid white space character in directive
"/home/isti/earthworm/src/libsrc/lib330/libtypes.h", line 88: warning: invalid white space character in directive
"/home/isti/earthworm/src/libsrc/lib330/libtypes.h", line 89: warning: invalid white space character in directive
"/home/isti/earthworm/src/libsrc/lib330/libtypes.h", line 91: warning: invalid white space character in directive
"/home/isti/earthworm/src/libsrc/lib330/libtypes.h", line 92: warning: invalid white space character in directive
"/home/isti/earthworm/src/libsrc/lib330/libtypes.h", line 94: warning: invalid white space character in directive
"/home/isti/earthworm/src/libsrc/lib330/libtypes.h", line 95: warning: invalid white space character in directive
"/home/isti/earthworm/src/libsrc/lib330/libtypes.h", line 96: warning: invalid white space character in directive
"/home/isti/earthworm/src/libsrc/lib330/libtypes.h", line 97: warning: invalid white space character in directive
"/home/isti/earthworm/src/libsrc/lib330/libtypes.h", line 98: warning: invalid white space character in directive
"/home/isti/earthworm/src/libsrc/lib330/libtypes.h", line 99: warning: invalid white space character in directive
"/home/isti/earthworm/src/libsrc/lib330/libtypes.h", line 100: warning: invalid white space character in directive
"/home/isti/earthworm/src/libsrc/lib330/libtypes.h", line 101: warning: invalid white space character in directive
"/home/isti/earthworm/src/libsrc/lib330/libtypes.h", line 102: warning: invalid white space character in directive
"/home/isti/earthworm/src/libsrc/lib330/libtypes.h", line 103: warning: invalid white space character in directive
"/home/isti/earthworm/src/libsrc/lib330/libtypes.h", line 104: warning: invalid white space character in directive
"/home/isti/earthworm/src/libsrc/lib330/libtypes.h", line 106: warning: invalid white space character in directive
"/home/isti/earthworm/src/libsrc/lib330/libtypes.h", line 107: warning: invalid white space character in directive
"/home/isti/earthworm/src/libsrc/lib330/libtypes.h", line 108: warning: invalid white space character in directive
"/home/isti/earthworm/src/libsrc/lib330/libtypes.h", line 109: warning: invalid white space character in directive
"/home/isti/earthworm/src/libsrc/lib330/libtypes.h", line 111: warning: invalid white space character in directive
"/home/isti/earthworm/src/libsrc/lib330/libtypes.h", line 112: warning: invalid white space character in directive
"/home/isti/earthworm/src/libsrc/lib330/libtypes.h", line 113: warning: invalid white space character in directive
"/home/isti/earthworm/src/libsrc/lib330/libtypes.h", line 115: warning: invalid white space character in directive
"/home/isti/earthworm/src/libsrc/lib330/libtypes.h", line 116: warning: invalid white space character in directive
"/home/isti/earthworm/src/libsrc/lib330/libtypes.h", line 117: warning: invalid white space character in directive
"/home/isti/earthworm/src/libsrc/lib330/libtypes.h", line 118: warning: invalid white space character in directive
"/home/isti/earthworm/src/libsrc/lib330/libtypes.h", line 119: warning: invalid white space character in directive
"/home/isti/earthworm/src/libsrc/lib330/libtypes.h", line 121: warning: invalid white space character in directive
"/home/isti/earthworm/src/libsrc/lib330/libtypes.h", line 122: warning: invalid white space character in directive
"/home/isti/earthworm/src/libsrc/lib330/libtypes.h", line 123: warning: invalid white space character in directive
"/home/isti/earthworm/src/libsrc/lib330/libtypes.h", line 124: warning: invalid white space character in directive
"/home/isti/earthworm/src/libsrc/lib330/libtypes.h", line 125: warning: invalid white space character in directive
"/home/isti/earthworm/src/libsrc/lib330/libtypes.h", line 126: warning: invalid white space character in directive
"/home/isti/earthworm/src/libsrc/lib330/libtypes.h", line 127: warning: invalid white space character in directive
"/home/isti/earthworm/src/libsrc/lib330/libtypes.h", line 128: warning: invalid white space character in directive
"/home/isti/earthworm/src/libsrc/lib330/libtypes.h", line 129: warning: invalid white space character in directive
"/home/isti/earthworm/src/libsrc/lib330/libtypes.h", line 130: warning: invalid white space character in directive
"/home/isti/earthworm/src/libsrc/lib330/libtypes.h", line 131: warning: invalid white space character in directive
"/home/isti/earthworm/src/libsrc/lib330/libtypes.h", line 132: warning: invalid white space character in directive
"/home/isti/earthworm/src/libsrc/lib330/libtypes.h", line 133: warning: invalid white space character in directive
"/home/isti/earthworm/src/libsrc/lib330/libtypes.h", line 134: warning: invalid white space character in directive
"/home/isti/earthworm/src/libsrc/lib330/libtypes.h", line 135: warning: invalid white space character in directive
"/home/isti/earthworm/src/libsrc/lib330/libtypes.h", line 136: warning: invalid white space character in directive
"/home/isti/earthworm/src/libsrc/lib330/libtypes.h", line 137: warning: invalid white space character in directive
"/home/isti/earthworm/src/libsrc/lib330/libtypes.h", line 138: warning: invalid white space character in directive
"/home/isti/earthworm/src/libsrc/lib330/libtypes.h", line 139: warning: invalid white space character in directive
"/home/isti/earthworm/src/libsrc/lib330/libtypes.h", line 140: warning: invalid white space character in directive
"/home/isti/earthworm/src/libsrc/lib330/libtypes.h", line 142: warning: invalid white space character in directive
"/home/isti/earthworm/src/libsrc/lib330/libtypes.h", line 143: warning: invalid white space character in directive
"/home/isti/earthworm/src/libsrc/lib330/libtypes.h", line 144: warning: invalid white space character in directive
"/home/isti/earthworm/src/libsrc/lib330/libtypes.h", line 145: warning: invalid white space character in directive
"/home/isti/earthworm/src/libsrc/lib330/libtypes.h", line 146: warning: invalid white space character in directive
"/home/isti/earthworm/src/libsrc/lib330/libtypes.h", line 147: warning: invalid white space character in directive
"/home/isti/earthworm/src/libsrc/lib330/libtypes.h", line 148: warning: invalid white space character in directive
"/home/isti/earthworm/src/libsrc/lib330/libtypes.h", line 150: warning: invalid white space character in directive
"/home/isti/earthworm/src/libsrc/lib330/libtypes.h", line 151: warning: invalid white space character in directive
"/home/isti/earthworm/src/libsrc/lib330/libtypes.h", line 152: warning: invalid white space character in directive
"/home/isti/earthworm/src/libsrc/lib330/libtypes.h", line 153: warning: invalid white space character in directive
"/home/isti/earthworm/src/libsrc/lib330/libtypes.h", line 154: warning: invalid white space character in directive
"/home/isti/earthworm/src/libsrc/lib330/libtypes.h", line 155: warning: invalid white space character in directive
"/home/isti/earthworm/src/libsrc/lib330/libtypes.h", line 157: warning: invalid white space character in directive
"/home/isti/earthworm/src/libsrc/lib330/libtypes.h", line 158: warning: invalid white space character in directive
"/home/isti/earthworm/src/libsrc/lib330/libtypes.h", line 159: warning: invalid white space character in directive
"/home/isti/earthworm/src/libsrc/lib330/libtypes.h", line 160: warning: invalid white space character in directive
"/home/isti/earthworm/src/libsrc/lib330/libtypes.h", line 161: warning: invalid white space character in directive
"/home/isti/earthworm/src/libsrc/lib330/libtypes.h", line 162: warning: invalid white space character in directive
"/home/isti/earthworm/src/libsrc/lib330/libtypes.h", line 163: warning: invalid white space character in directive
"/home/isti/earthworm/src/libsrc/lib330/libtypes.h", line 165: warning: invalid white space character in directive
"/home/isti/earthworm/src/libsrc/lib330/libtypes.h", line 166: warning: invalid white space character in directive
"/home/isti/earthworm/src/libsrc/lib330/libtypes.h", line 167: warning: invalid white space character in directive
"/home/isti/earthworm/src/libsrc/lib330/libtypes.h", line 168: warning: invalid white space character in directive
"/home/isti/earthworm/src/libsrc/lib330/libtypes.h", line 169: warning: invalid white space character in directive
"/home/isti/earthworm/src/libsrc/lib330/libtypes.h", line 170: warning: invalid white space character in directive
"/home/isti/earthworm/src/libsrc/lib330/libtypes.h", line 172: warning: invalid white space character in directive
"/home/isti/earthworm/src/libsrc/lib330/libtypes.h", line 173: warning: invalid white space character in directive
"/home/isti/earthworm/src/libsrc/lib330/libtypes.h", line 174: warning: invalid white space character in directive
"/home/isti/earthworm/src/libsrc/lib330/libtypes.h", line 175: warning: invalid white space character in directive
"/home/isti/earthworm/src/libsrc/lib330/libtypes.h", line 177: warning: invalid white space character in directive
"/home/isti/earthworm/src/libsrc/lib330/libtypes.h", line 178: warning: invalid white space character in directive
"/home/isti/earthworm/src/libsrc/lib330/libtypes.h", line 179: warning: invalid white space character in directive
"/home/isti/earthworm/src/libsrc/lib330/libtypes.h", line 180: warning: invalid white space character in directive
"/home/isti/earthworm/src/libsrc/lib330/libtypes.h", line 181: warning: invalid white space character in directive
"/home/isti/earthworm/src/libsrc/lib330/libtypes.h", line 651: warning: invalid white space character in directive
"/home/isti/earthworm/src/libsrc/lib330/libtypes.h", line 26: warning: invalid white space character in directive
"/home/isti/earthworm/src/libsrc/lib330/libtypes.h", line 51: warning: invalid white space character in directive
"/home/isti/earthworm/src/libsrc/lib330/libtypes.h", line 53: warning: invalid white space character in directive
"/home/isti/earthworm/src/libsrc/lib330/libtypes.h", line 55: warning: invalid white space character in directive
"/home/isti/earthworm/src/libsrc/lib330/libtypes.h", line 58: warning: invalid white space character in directive
"/home/isti/earthworm/src/libsrc/lib330/libtypes.h", line 651: warning: invalid white space character in directive
"/home/isti/earthworm/src/libsrc/lib330/libmsgs.h", line 27: warning: invalid white space character in directive
"/home/isti/earthworm/src/libsrc/lib330/libmsgs.h", line 29: warning: invalid white space character in directive
"/home/isti/earthworm/src/libsrc/lib330/libmsgs.h", line 30: warning: invalid white space character in directive
"/home/isti/earthworm/src/libsrc/lib330/libmsgs.h", line 33: warning: invalid white space character in directive
"/home/isti/earthworm/src/libsrc/lib330/libmsgs.h", line 35: warning: invalid white space character in directive
"/home/isti/earthworm/src/libsrc/lib330/libmsgs.h", line 37: warning: invalid white space character in directive
"/home/isti/earthworm/src/libsrc/lib330/libmsgs.h", line 38: warning: invalid white space character in directive
"/home/isti/earthworm/src/libsrc/lib330/libmsgs.h", line 39: warning: invalid white space character in directive
"/home/isti/earthworm/src/libsrc/lib330/libmsgs.h", line 41: warning: invalid white space character in directive
"/home/isti/earthworm/src/libsrc/lib330/libmsgs.h", line 42: warning: invalid white space character in directive
"/home/isti/earthworm/src/libsrc/lib330/libstrucs.h", line 28: warning: invalid white space character in directive
"/home/isti/earthworm/src/libsrc/lib330/libstrucs.h", line 30: warning: invalid white space character in directive
"/home/isti/earthworm/src/libsrc/lib330/libstrucs.h", line 31: warning: invalid white space character in directive
"/home/isti/earthworm/src/libsrc/lib330/libstrucs.h", line 34: warning: invalid white space character in directive
"/home/isti/earthworm/src/libsrc/lib330/libstrucs.h", line 36: warning: invalid white space character in directive
"/home/isti/earthworm/src/libsrc/lib330/libstrucs.h", line 38: warning: invalid white space character in directive
"/home/isti/earthworm/src/libsrc/lib330/libstrucs.h", line 40: warning: invalid white space character in directive
"/home/isti/earthworm/src/libsrc/lib330/libstrucs.h", line 42: warning: invalid white space character in directive
"/home/isti/earthworm/src/libsrc/lib330/libstrucs.h", line 44: warning: invalid white space character in directive
"/home/isti/earthworm/src/libsrc/lib330/libstrucs.h", line 46: warning: invalid white space character in directive
"/home/isti/earthworm/src/libsrc/lib330/libstrucs.h", line 47: warning: invalid white space character in directive
"/home/isti/earthworm/src/libsrc/lib330/libseed.h", line 26: warning: invalid white space character in directive
"/home/isti/earthworm/src/libsrc/lib330/libseed.h", line 28: warning: invalid white space character in directive
"/home/isti/earthworm/src/libsrc/lib330/libseed.h", line 29: warning: invalid white space character in directive
"/home/isti/earthworm/src/libsrc/lib330/libseed.h", line 32: warning: invalid white space character in directive
"/home/isti/earthworm/src/libsrc/lib330/libseed.h", line 34: warning: invalid white space character in directive
"/home/isti/earthworm/src/libsrc/lib330/libseed.h", line 36: warning: invalid white space character in directive
"/home/isti/earthworm/src/libsrc/lib330/libseed.h", line 38: warning: invalid white space character in directive
"/home/isti/earthworm/src/libsrc/lib330/libseed.h", line 41: warning: invalid white space character in directive
"/home/isti/earthworm/src/libsrc/lib330/libseed.h", line 43: warning: invalid white space character in directive
"/home/isti/earthworm/src/libsrc/lib330/libseed.h", line 44: warning: invalid white space character in directive
"/home/isti/earthworm/src/libsrc/lib330/libseed.h", line 45: warning: invalid white space character in directive
"/home/isti/earthworm/src/libsrc/lib330/libseed.h", line 46: warning: invalid white space character in directive
"/home/isti/earthworm/src/libsrc/lib330/libseed.h", line 47: warning: invalid white space character in directive
"/home/isti/earthworm/src/libsrc/lib330/libseed.h", line 48: warning: invalid white space character in directive
"/home/isti/earthworm/src/libsrc/lib330/libseed.h", line 49: warning: invalid white space character in directive
"/home/isti/earthworm/src/libsrc/lib330/libseed.h", line 50: warning: invalid white space character in directive
"/home/isti/earthworm/src/libsrc/lib330/libseed.h", line 51: warning: invalid white space character in directive
"/home/isti/earthworm/src/libsrc/lib330/libseed.h", line 52: warning: invalid white space character in directive
"/home/isti/earthworm/src/libsrc/lib330/libseed.h", line 53: warning: invalid white space character in directive
"/home/isti/earthworm/src/libsrc/lib330/libseed.h", line 54: warning: invalid white space character in directive
"/home/isti/earthworm/src/libsrc/lib330/libseed.h", line 55: warning: invalid white space character in directive
"/home/isti/earthworm/src/libsrc/lib330/libseed.h", line 56: warning: invalid white space character in directive
"/home/isti/earthworm/src/libsrc/lib330/libseed.h", line 57: warning: invalid white space character in directive
"/home/isti/earthworm/src/libsrc/lib330/libseed.h", line 58: warning: invalid white space character in directive
"/home/isti/earthworm/src/libsrc/lib330/libseed.h", line 59: warning: invalid white space character in directive
"/home/isti/earthworm/src/libsrc/lib330/libseed.h", line 61: warning: invalid white space character in directive
"/home/isti/earthworm/src/libsrc/lib330/libseed.h", line 62: warning: invalid white space character in directive
"/home/isti/earthworm/src/libsrc/lib330/libseed.h", line 63: warning: invalid white space character in directive
"/home/isti/earthworm/src/libsrc/lib330/libseed.h", line 64: warning: invalid white space character in directive
"/home/isti/earthworm/src/libsrc/lib330/libseed.h", line 65: warning: invalid white space character in directive
"/home/isti/earthworm/src/libsrc/lib330/libseed.h", line 67: warning: invalid white space character in directive
"/home/isti/earthworm/src/libsrc/lib330/libseed.h", line 68: warning: invalid white space character in directive
"/home/isti/earthworm/src/libsrc/lib330/libseed.h", line 69: warning: invalid white space character in directive
"/home/isti/earthworm/src/libsrc/lib330/libseed.h", line 71: warning: invalid white space character in directive
"/home/isti/earthworm/src/libsrc/lib330/libseed.h", line 72: warning: invalid white space character in directive
"/home/isti/earthworm/src/libsrc/lib330/libseed.h", line 73: warning: invalid white space character in directive
"/home/isti/earthworm/src/libsrc/lib330/libseed.h", line 74: warning: invalid white space character in directive
"/home/isti/earthworm/src/libsrc/lib330/libseed.h", line 77: warning: invalid white space character in directive
"/home/isti/earthworm/src/libsrc/lib330/libseed.h", line 78: warning: invalid white space character in directive
"/home/isti/earthworm/src/libsrc/lib330/libseed.h", line 79: warning: invalid white space character in directive
"/home/isti/earthworm/src/libsrc/lib330/libseed.h", line 88: warning: invalid white space character in directive
"/home/isti/earthworm/src/libsrc/lib330/libseed.h", line 129: warning: invalid white space character in directive
"/home/isti/earthworm/src/libsrc/lib330/libseed.h", line 130: warning: invalid white space character in directive
"/home/isti/earthworm/src/libsrc/lib330/libseed.h", line 131: warning: invalid white space character in directive
"/home/isti/earthworm/src/libsrc/lib330/libseed.h", line 132: warning: invalid white space character in directive
"/home/isti/earthworm/src/libsrc/lib330/libseed.h", line 133: warning: invalid white space character in directive
"/home/isti/earthworm/src/libsrc/lib330/libseed.h", line 134: warning: invalid white space character in directive
"/home/isti/earthworm/src/libsrc/lib330/libseed.h", line 135: warning: invalid white space character in directive
"/home/isti/earthworm/src/libsrc/lib330/libseed.h", line 136: warning: invalid white space character in directive
"/home/isti/earthworm/src/libsrc/lib330/libseed.h", line 144: warning: invalid white space character in directive
"/home/isti/earthworm/src/libsrc/lib330/libseed.h", line 145: warning: invalid white space character in directive
"/home/isti/earthworm/src/libsrc/lib330/libseed.h", line 270: warning: invalid white space character in directive
"/home/isti/earthworm/src/libsrc/lib330/libseed.h", line 275: warning: invalid white space character in directive
"/home/isti/earthworm/src/libsrc/lib330/libseed.h", line 303: warning: invalid white space character in directive
"/home/isti/earthworm/src/libsrc/lib330/libseed.h", line 305: warning: invalid white space character in directive
"/home/isti/earthworm/src/libsrc/lib330/libstrucs.h", line 48: warning: invalid white space character in directive
"/home/isti/earthworm/src/libsrc/lib330/libstrucs.h", line 50: warning: invalid white space character in directive
"/home/isti/earthworm/src/libsrc/lib330/libstrucs.h", line 51: warning: invalid white space character in directive
"/home/isti/earthworm/src/libsrc/lib330/libstrucs.h", line 52: warning: invalid white space character in directive
"/home/isti/earthworm/src/libsrc/lib330/libstrucs.h", line 53: warning: invalid white space character in directive
"/home/isti/earthworm/src/libsrc/lib330/libstrucs.h", line 54: warning: invalid white space character in directive
"/home/isti/earthworm/src/libsrc/lib330/libstrucs.h", line 55: warning: invalid white space character in directive
"/home/isti/earthworm/src/libsrc/lib330/libstrucs.h", line 56: warning: invalid white space character in directive
"/home/isti/earthworm/src/libsrc/lib330/libstrucs.h", line 57: warning: invalid white space character in directive
"/home/isti/earthworm/src/libsrc/lib330/libstrucs.h", line 58: warning: invalid white space character in directive
"/home/isti/earthworm/src/libsrc/lib330/libstrucs.h", line 59: warning: invalid white space character in directive
"/home/isti/earthworm/src/libsrc/lib330/libstrucs.h", line 60: warning: invalid white space character in directive
"/home/isti/earthworm/src/libsrc/lib330/libstrucs.h", line 177: warning: invalid white space character in directive
"/home/isti/earthworm/src/libsrc/lib330/libstrucs.h", line 181: warning: invalid white space character in directive
"/home/isti/earthworm/src/libsrc/lib330/libstrucs.h", line 184: warning: invalid white space character in directive
"/home/isti/earthworm/src/libsrc/lib330/libstrucs.h", line 214: warning: invalid white space character in directive
"/home/isti/earthworm/src/libsrc/lib330/libstrucs.h", line 220: warning: invalid white space character in directive
"/home/isti/earthworm/src/libsrc/lib330/libstrucs.h", line 226: warning: invalid white space character in directive
"/home/isti/earthworm/src/libsrc/lib330/libstrucs.h", line 233: warning: invalid white space character in directive
"/home/isti/earthworm/src/libsrc/lib330/libstrucs.h", line 235: warning: invalid white space character in directive
"/home/isti/earthworm/src/libsrc/lib330/libstrucs.h", line 280: warning: invalid white space character in directive
"/home/isti/earthworm/src/libsrc/lib330/libstrucs.h", line 284: warning: invalid white space character in directive
"/home/isti/earthworm/src/libsrc/lib330/libstrucs.h", line 323: warning: invalid white space character in directive
"/home/isti/earthworm/src/libsrc/lib330/libmsgs.h", line 43: warning: invalid white space character in directive
"/home/isti/earthworm/src/libsrc/lib330/libmsgs.h", line 46: warning: invalid white space character in directive
"/home/isti/earthworm/src/libsrc/lib330/libmsgs.h", line 47: warning: invalid white space character in directive
"/home/isti/earthworm/src/libsrc/lib330/libmsgs.h", line 48: warning: invalid white space character in directive
"/home/isti/earthworm/src/libsrc/lib330/libmsgs.h", line 49: warning: invalid white space character in directive
"/home/isti/earthworm/src/libsrc/lib330/libmsgs.h", line 50: warning: invalid white space character in directive
"/home/isti/earthworm/src/libsrc/lib330/libmsgs.h", line 51: warning: invalid white space character in directive
"/home/isti/earthworm/src/libsrc/lib330/libmsgs.h", line 53: warning: invalid white space character in directive
"/home/isti/earthworm/src/libsrc/lib330/libmsgs.h", line 54: warning: invalid white space character in directive
"/home/isti/earthworm/src/libsrc/lib330/libmsgs.h", line 55: warning: invalid white space character in directive
"/home/isti/earthworm/src/libsrc/lib330/libmsgs.h", line 57: warning: invalid white space character in directive
"/home/isti/earthworm/src/libsrc/lib330/libmsgs.h", line 58: warning: invalid white space character in directive
"/home/isti/earthworm/src/libsrc/lib330/libmsgs.h", line 59: warning: invalid white space character in directive
"/home/isti/earthworm/src/libsrc/lib330/libmsgs.h", line 60: warning: invalid white space character in directive
"/home/isti/earthworm/src/libsrc/lib330/libmsgs.h", line 61: warning: invalid white space character in directive
"/home/isti/earthworm/src/libsrc/lib330/libmsgs.h", line 62: warning: invalid white space character in directive
"/home/isti/earthworm/src/libsrc/lib330/libmsgs.h", line 63: warning: invalid white space character in directive
"/home/isti/earthworm/src/libsrc/lib330/libmsgs.h", line 64: warning: invalid white space character in directive
"/home/isti/earthworm/src/libsrc/lib330/libmsgs.h", line 65: warning: invalid white space character in directive
"/home/isti/earthworm/src/libsrc/lib330/libmsgs.h", line 66: warning: invalid white space character in directive
"/home/isti/earthworm/src/libsrc/lib330/libmsgs.h", line 67: warning: invalid white space character in directive
"/home/isti/earthworm/src/libsrc/lib330/libmsgs.h", line 68: warning: invalid white space character in directive
"/home/isti/earthworm/src/libsrc/lib330/libmsgs.h", line 69: warning: invalid white space character in directive
"/home/isti/earthworm/src/libsrc/lib330/libmsgs.h", line 70: warning: invalid white space character in directive
"/home/isti/earthworm/src/libsrc/lib330/libmsgs.h", line 71: warning: invalid white space character in directive
"/home/isti/earthworm/src/libsrc/lib330/libmsgs.h", line 72: warning: invalid white space character in directive
"/home/isti/earthworm/src/libsrc/lib330/libmsgs.h", line 73: warning: invalid white space character in directive
"/home/isti/earthworm/src/libsrc/lib330/libmsgs.h", line 74: warning: invalid white space character in directive
"/home/isti/earthworm/src/libsrc/lib330/libmsgs.h", line 75: warning: invalid white space character in directive
"/home/isti/earthworm/src/libsrc/lib330/libmsgs.h", line 76: warning: invalid white space character in directive
"/home/isti/earthworm/src/libsrc/lib330/libmsgs.h", line 77: warning: invalid white space character in directive
"/home/isti/earthworm/src/libsrc/lib330/libmsgs.h", line 78: warning: invalid white space character in directive
"/home/isti/earthworm/src/libsrc/lib330/libmsgs.h", line 79: warning: invalid white space character in directive
"/home/isti/earthworm/src/libsrc/lib330/libmsgs.h", line 80: warning: invalid white space character in directive
"/home/isti/earthworm/src/libsrc/lib330/libmsgs.h", line 81: warning: invalid white space character in directive
"/home/isti/earthworm/src/libsrc/lib330/libmsgs.h", line 82: warning: invalid white space character in directive
"/home/isti/earthworm/src/libsrc/lib330/libmsgs.h", line 84: warning: invalid white space character in directive
"/home/isti/earthworm/src/libsrc/lib330/libmsgs.h", line 85: warning: invalid white space character in directive
"/home/isti/earthworm/src/libsrc/lib330/libmsgs.h", line 86: warning: invalid white space character in directive
"/home/isti/earthworm/src/libsrc/lib330/libmsgs.h", line 87: warning: invalid white space character in directive
"/home/isti/earthworm/src/libsrc/lib330/libmsgs.h", line 88: warning: invalid white space character in directive
"/home/isti/earthworm/src/libsrc/lib330/libmsgs.h", line 89: warning: invalid white space character in directive
"/home/isti/earthworm/src/libsrc/lib330/libmsgs.h", line 90: warning: invalid white space character in directive
"/home/isti/earthworm/src/libsrc/lib330/libmsgs.h", line 91: warning: invalid white space character in directive
"/home/isti/earthworm/src/libsrc/lib330/libmsgs.h", line 92: warning: invalid white space character in directive
"/home/isti/earthworm/src/libsrc/lib330/libmsgs.h", line 93: warning: invalid white space character in directive
"/home/isti/earthworm/src/libsrc/lib330/libmsgs.h", line 94: warning: invalid white space character in directive
"/home/isti/earthworm/src/libsrc/lib330/libmsgs.h", line 95: warning: invalid white space character in directive
"/home/isti/earthworm/src/libsrc/lib330/libmsgs.h", line 96: warning: invalid white space character in directive
"/home/isti/earthworm/src/libsrc/lib330/libmsgs.h", line 97: warning: invalid white space character in directive
"/home/isti/earthworm/src/libsrc/lib330/libmsgs.h", line 99: warning: invalid white space character in directive
"/home/isti/earthworm/src/libsrc/lib330/libmsgs.h", line 100: warning: invalid white space character in directive
"/home/isti/earthworm/src/libsrc/lib330/libmsgs.h", line 101: warning: invalid white space character in directive
"/home/isti/earthworm/src/libsrc/lib330/libmsgs.h", line 102: warning: invalid white space character in directive
"/home/isti/earthworm/src/libsrc/lib330/libmsgs.h", line 103: warning: invalid white space character in directive
"/home/isti/earthworm/src/libsrc/lib330/libmsgs.h", line 104: warning: invalid white space character in directive
"/home/isti/earthworm/src/libsrc/lib330/libmsgs.h", line 105: warning: invalid white space character in directive
"/home/isti/earthworm/src/libsrc/lib330/libmsgs.h", line 106: warning: invalid white space character in directive
"/home/isti/earthworm/src/libsrc/lib330/libmsgs.h", line 107: warning: invalid white space character in directive
"/home/isti/earthworm/src/libsrc/lib330/libmsgs.h", line 108: warning: invalid white space character in directive
"/home/isti/earthworm/src/libsrc/lib330/libmsgs.h", line 109: warning: invalid white space character in directive
"/home/isti/earthworm/src/libsrc/lib330/libmsgs.h", line 110: warning: invalid white space character in directive
"/home/isti/earthworm/src/libsrc/lib330/libmsgs.h", line 111: warning: invalid white space character in directive
"/home/isti/earthworm/src/libsrc/lib330/libmsgs.h", line 112: warning: invalid white space character in directive
"/home/isti/earthworm/src/libsrc/lib330/libmsgs.h", line 114: warning: invalid white space character in directive
"/home/isti/earthworm/src/libsrc/lib330/libmsgs.h", line 115: warning: invalid white space character in directive
"/home/isti/earthworm/src/libsrc/lib330/libmsgs.h", line 116: warning: invalid white space character in directive
"/home/isti/earthworm/src/libsrc/lib330/libmsgs.h", line 117: warning: invalid white space character in directive
"/home/isti/earthworm/src/libsrc/lib330/libmsgs.h", line 118: warning: invalid white space character in directive
"/home/isti/earthworm/src/libsrc/lib330/libmsgs.h", line 119: warning: invalid white space character in directive
"/home/isti/earthworm/src/libsrc/lib330/libmsgs.h", line 120: warning: invalid white space character in directive
"/home/isti/earthworm/src/libsrc/lib330/libmsgs.h", line 121: warning: invalid white space character in directive
"/home/isti/earthworm/src/libsrc/lib330/libmsgs.h", line 122: warning: invalid white space character in directive
"/home/isti/earthworm/src/libsrc/lib330/libmsgs.h", line 123: warning: invalid white space character in directive
"/home/isti/earthworm/src/libsrc/lib330/libmsgs.h", line 124: warning: invalid white space character in directive
"/home/isti/earthworm/src/libsrc/lib330/libmsgs.h", line 125: warning: invalid white space character in directive
"/home/isti/earthworm/src/libsrc/lib330/libmsgs.h", line 126: warning: invalid white space character in directive
"/home/isti/earthworm/src/libsrc/lib330/libmsgs.h", line 127: warning: invalid white space character in directive
"/home/isti/earthworm/src/libsrc/lib330/libmsgs.h", line 129: warning: invalid white space character in directive
"/home/isti/earthworm/src/libsrc/lib330/libmsgs.h", line 130: warning: invalid white space character in directive
"/home/isti/earthworm/src/libsrc/lib330/libmsgs.h", line 131: warning: invalid white space character in directive
"/home/isti/earthworm/src/libsrc/lib330/libmsgs.h", line 132: warning: invalid white space character in directive
"/home/isti/earthworm/src/libsrc/lib330/libmsgs.h", line 133: warning: invalid white space character in directive
"/home/isti/earthworm/src/libsrc/lib330/libmsgs.h", line 134: warning: invalid white space character in directive
"/home/isti/earthworm/src/libsrc/lib330/libmsgs.h", line 135: warning: invalid white space character in directive
"/home/isti/earthworm/src/libsrc/lib330/libmsgs.h", line 136: warning: invalid white space character in directive
"/home/isti/earthworm/src/libsrc/lib330/libmsgs.h", line 137: warning: invalid white space character in directive
"/home/isti/earthworm/src/libsrc/lib330/libmsgs.h", line 138: warning: invalid white space character in directive
"/home/isti/earthworm/src/libsrc/lib330/libmsgs.h", line 139: warning: invalid white space character in directive
"/home/isti/earthworm/src/libsrc/lib330/libmsgs.h", line 140: warning: invalid white space character in directive
"/home/isti/earthworm/src/libsrc/lib330/libmsgs.h", line 141: warning: invalid white space character in directive
"/home/isti/earthworm/src/libsrc/lib330/libmsgs.h", line 142: warning: invalid white space character in directive
"/home/isti/earthworm/src/libsrc/lib330/libmsgs.h", line 143: warning: invalid white space character in directive
"/home/isti/earthworm/src/libsrc/lib330/libmsgs.h", line 144: warning: invalid white space character in directive
"/home/isti/earthworm/src/libsrc/lib330/libmsgs.h", line 145: warning: invalid white space character in directive
"/home/isti/earthworm/src/libsrc/lib330/libmsgs.h", line 146: warning: invalid white space character in directive
"/home/isti/earthworm/src/libsrc/lib330/libmsgs.h", line 147: warning: invalid white space character in directive
"/home/isti/earthworm/src/libsrc/lib330/libmsgs.h", line 148: warning: invalid white space character in directive
"/home/isti/earthworm/src/libsrc/lib330/libmsgs.h", line 149: warning: invalid white space character in directive
"/home/isti/earthworm/src/libsrc/lib330/libmsgs.h", line 150: warning: invalid white space character in directive
"/home/isti/earthworm/src/libsrc/lib330/libmsgs.h", line 151: warning: invalid white space character in directive
"/home/isti/earthworm/src/libsrc/lib330/libmsgs.h", line 153: warning: invalid white space character in directive
"/home/isti/earthworm/src/libsrc/lib330/libmsgs.h", line 154: warning: invalid white space character in directive
"/home/isti/earthworm/src/libsrc/lib330/libmsgs.h", line 155: warning: invalid white space character in directive
"/home/isti/earthworm/src/libsrc/lib330/libmsgs.h", line 156: warning: invalid white space character in directive
"/home/isti/earthworm/src/libsrc/lib330/libmsgs.h", line 157: warning: invalid white space character in directive
"/home/isti/earthworm/src/libsrc/lib330/libmsgs.h", line 158: warning: invalid white space character in directive
"/home/isti/earthworm/src/libsrc/lib330/libmsgs.h", line 159: warning: invalid white space character in directive
"/home/isti/earthworm/src/libsrc/lib330/libmsgs.h", line 160: warning: invalid white space character in directive
"/home/isti/earthworm/src/libsrc/lib330/libmsgs.h", line 161: warning: invalid white space character in directive
"/home/isti/earthworm/src/libsrc/lib330/libmsgs.h", line 162: warning: invalid white space character in directive
"/home/isti/earthworm/src/libsrc/lib330/libmsgs.h", line 163: warning: invalid white space character in directive
"/home/isti/earthworm/src/libsrc/lib330/libmsgs.h", line 165: warning: invalid white space character in directive
"/home/isti/earthworm/src/libsrc/lib330/libmsgs.h", line 166: warning: invalid white space character in directive
"/home/isti/earthworm/src/libsrc/lib330/libmsgs.h", line 167: warning: invalid white space character in directive
"/home/isti/earthworm/src/libsrc/lib330/libmsgs.h", line 168: warning: invalid white space character in directive
"/home/isti/earthworm/src/libsrc/lib330/libmsgs.h", line 169: warning: invalid white space character in directive
"/home/isti/earthworm/src/libsrc/lib330/libmsgs.h", line 170: warning: invalid white space character in directive
"/home/isti/earthworm/src/libsrc/lib330/libmsgs.h", line 171: warning: invalid white space character in directive
"/home/isti/earthworm/src/libsrc/lib330/libmsgs.h", line 172: warning: invalid white space character in directive
"/home/isti/earthworm/src/libsrc/lib330/libmsgs.h", line 173: warning: invalid white space character in directive
"/home/isti/earthworm/src/libsrc/lib330/libmsgs.h", line 174: warning: invalid white space character in directive
"/home/isti/earthworm/src/libsrc/lib330/libmsgs.h", line 175: warning: invalid white space character in directive
"/home/isti/earthworm/src/libsrc/lib330/libmsgs.h", line 176: warning: invalid white space character in directive
"/home/isti/earthworm/src/libsrc/lib330/libmsgs.h", line 177: warning: invalid white space character in directive
"/home/isti/earthworm/src/libsrc/lib330/libmsgs.h", line 179: warning: invalid white space character in directive
"/home/isti/earthworm/src/libsrc/lib330/libmsgs.h", line 194: warning: invalid white space character in directive
"config.c", line 233: warning: syntax error:  empty declaration
cc -D_SPARC -D_SOLARIS -I/home/isti/earthworm/include -I/home/isti/earthworm/src/oracle/schema/src/include -I/home/isti/earthworm/src/oracle/schema/src/include/internal -I/home/isti/earthworm/src/oracle/apps/src/include -I/opt/oracle/rdbms/demo -I/home/isti/earthworm/src/libsrc/lib330 -I. -g -c options.c -o options.o
cc -D_SPARC -D_SOLARIS -I/home/isti/earthworm/include -I/home/isti/earthworm/src/oracle/schema/src/include -I/home/isti/earthworm/src/oracle/schema/src/include/internal -I/home/isti/earthworm/src/oracle/apps/src/include -I/opt/oracle/rdbms/demo -I/home/isti/earthworm/src/libsrc/lib330 -I. -g -c lib330Interface.c -o lib330Interface.o
"/home/isti/earthworm/src/libsrc/lib330/libtypes.h", line 26: warning: invalid white space character in directive
"/home/isti/earthworm/src/libsrc/lib330/libtypes.h", line 27: warning: invalid white space character in directive
"/home/isti/earthworm/src/libsrc/lib330/libtypes.h", line 28: warning: invalid white space character in directive
"/home/isti/earthworm/src/libsrc/lib330/libtypes.h", line 30: warning: invalid white space character in directive
"/home/isti/earthworm/src/libsrc/lib330/pascal.h", line 25: warning: invalid white space character in directive
"/home/isti/earthworm/src/libsrc/lib330/pascal.h", line 26: warning: invalid white space character in directive
"/home/isti/earthworm/src/libsrc/lib330/pascal.h", line 27: warning: invalid white space character in directive
"/home/isti/earthworm/src/libsrc/lib330/pascal.h", line 29: warning: invalid white space character in directive
"/home/isti/earthworm/src/libsrc/lib330/pascal.h", line 30: warning: invalid white space character in directive
"/home/isti/earthworm/src/libsrc/lib330/pascal.h", line 32: warning: invalid white space character in directive
"/home/isti/earthworm/src/libsrc/lib330/pascal.h", line 33: warning: invalid white space character in directive
"/home/isti/earthworm/src/libsrc/lib330/pascal.h", line 34: warning: invalid white space character in directive
"/home/isti/earthworm/src/libsrc/lib330/pascal.h", line 35: warning: invalid white space character in directive
"/home/isti/earthworm/src/libsrc/lib330/pascal.h", line 36: warning: invalid white space character in directive
"/home/isti/earthworm/src/libsrc/lib330/pascal.h", line 37: warning: invalid white space character in directive
"/home/isti/earthworm/src/libsrc/lib330/pascal.h", line 38: warning: invalid white space character in directive
"/home/isti/earthworm/src/libsrc/lib330/pascal.h", line 40: warning: invalid white space character in directive
"/home/isti/earthworm/src/libsrc/lib330/pascal.h", line 41: warning: invalid white space character in directive
"/home/isti/earthworm/src/libsrc/lib330/pascal.h", line 42: warning: invalid white space character in directive
"/home/isti/earthworm/src/libsrc/lib330/pascal.h", line 43: warning: invalid white space character in directive
"/home/isti/earthworm/src/libsrc/lib330/pascal.h", line 45: warning: invalid white space character in directive
"/home/isti/earthworm/src/libsrc/lib330/pascal.h", line 46: warning: invalid white space character in directive
"/home/isti/earthworm/src/libsrc/lib330/pascal.h", line 47: warning: invalid white space character in directive
"/home/isti/earthworm/src/libsrc/lib330/pascal.h", line 48: warning: invalid white space character in directive
"/home/isti/earthworm/src/libsrc/lib330/pascal.h", line 49: warning: invalid white space character in directive
"/home/isti/earthworm/src/libsrc/lib330/pascal.h", line 50: warning: invalid white space character in directive
"/home/isti/earthworm/src/libsrc/lib330/pascal.h", line 51: warning: invalid white space character in directive
"/home/isti/earthworm/src/libsrc/lib330/pascal.h", line 52: warning: invalid white space character in directive
"/home/isti/earthworm/src/libsrc/lib330/pascal.h", line 53: warning: invalid white space character in directive
"/home/isti/earthworm/src/libsrc/lib330/pascal.h", line 54: warning: invalid white space character in directive
"/home/isti/earthworm/src/libsrc/lib330/pascal.h", line 55: warning: invalid white space character in directive
"/home/isti/earthworm/src/libsrc/lib330/pascal.h", line 57: warning: invalid white space character in directive
"/home/isti/earthworm/src/libsrc/lib330/libtypes.h", line 34: warning: invalid white space character in directive
"/home/isti/earthworm/src/libsrc/lib330/libtypes.h", line 35: warning: invalid white space character in directive
"/home/isti/earthworm/src/libsrc/lib330/libtypes.h", line 36: warning: invalid white space character in directive
"/home/isti/earthworm/src/libsrc/lib330/libtypes.h", line 37: warning: invalid white space character in directive
"/home/isti/earthworm/src/libsrc/lib330/libtypes.h", line 38: warning: invalid white space character in directive
"/home/isti/earthworm/src/libsrc/lib330/libtypes.h", line 39: warning: invalid white space character in directive
"/home/isti/earthworm/src/libsrc/lib330/libtypes.h", line 40: warning: invalid white space character in directive
"/home/isti/earthworm/src/libsrc/lib330/libtypes.h", line 41: warning: invalid white space character in directive
"/home/isti/earthworm/src/libsrc/lib330/libtypes.h", line 42: warning: invalid white space character in directive
"/home/isti/earthworm/src/libsrc/lib330/libtypes.h", line 43: warning: invalid white space character in directive
"/home/isti/earthworm/src/libsrc/lib330/libtypes.h", line 44: warning: invalid white space character in directive
"/home/isti/earthworm/src/libsrc/lib330/libtypes.h", line 45: warning: invalid white space character in directive
"/home/isti/earthworm/src/libsrc/lib330/libtypes.h", line 46: warning: invalid white space character in directive
"/home/isti/earthworm/src/libsrc/lib330/libtypes.h", line 47: warning: invalid white space character in directive
"/home/isti/earthworm/src/libsrc/lib330/libtypes.h", line 48: warning: invalid white space character in directive
"/home/isti/earthworm/src/libsrc/lib330/libtypes.h", line 49: warning: invalid white space character in directive
"/home/isti/earthworm/src/libsrc/lib330/libtypes.h", line 51: warning: invalid white space character in directive
"/home/isti/earthworm/src/libsrc/lib330/libtypes.h", line 52: warning: invalid white space character in directive
"/home/isti/earthworm/src/libsrc/lib330/libtypes.h", line 53: warning: invalid white space character in directive
"/home/isti/earthworm/src/libsrc/lib330/libtypes.h", line 55: warning: invalid white space character in directive
"/home/isti/earthworm/src/libsrc/lib330/libtypes.h", line 56: warning: invalid white space character in directive
"/home/isti/earthworm/src/libsrc/lib330/libtypes.h", line 57: warning: invalid white space character in directive
"/home/isti/earthworm/src/libsrc/lib330/libtypes.h", line 58: warning: invalid white space character in directive
"/home/isti/earthworm/src/libsrc/lib330/libtypes.h", line 61: warning: invalid white space character in directive
"/home/isti/earthworm/src/libsrc/lib330/libtypes.h", line 62: warning: invalid white space character in directive
"/home/isti/earthworm/src/libsrc/lib330/libtypes.h", line 63: warning: invalid white space character in directive
"/home/isti/earthworm/src/libsrc/lib330/libtypes.h", line 64: warning: invalid white space character in directive
"/home/isti/earthworm/src/libsrc/lib330/libtypes.h", line 66: warning: invalid white space character in directive
"/home/isti/earthworm/src/libsrc/lib330/libtypes.h", line 67: warning: invalid white space character in directive
"/home/isti/earthworm/src/libsrc/lib330/libtypes.h", line 69: warning: invalid white space character in directive
"/home/isti/earthworm/src/libsrc/lib330/libtypes.h", line 71: warning: invalid white space character in directive
"/home/isti/earthworm/src/libsrc/lib330/libtypes.h", line 72: warning: invalid white space character in directive
"/home/isti/earthworm/src/libsrc/lib330/libtypes.h", line 74: warning: invalid white space character in directive
"/home/isti/earthworm/src/libsrc/lib330/libtypes.h", line 76: warning: invalid white space character in directive
"/home/isti/earthworm/src/libsrc/lib330/libtypes.h", line 77: warning: invalid white space character in directive
"/home/isti/earthworm/src/libsrc/lib330/libtypes.h", line 78: warning: invalid white space character in directive
"/home/isti/earthworm/src/libsrc/lib330/libtypes.h", line 79: warning: invalid white space character in directive
"/home/isti/earthworm/src/libsrc/lib330/libtypes.h", line 80: warning: invalid white space character in directive
"/home/isti/earthworm/src/libsrc/lib330/libtypes.h", line 81: warning: invalid white space character in directive
"/home/isti/earthworm/src/libsrc/lib330/libtypes.h", line 82: warning: invalid white space character in directive
"/home/isti/earthworm/src/libsrc/lib330/libtypes.h", line 84: warning: invalid white space character in directive
"/home/isti/earthworm/src/libsrc/lib330/libtypes.h", line 85: warning: invalid white space character in directive
"/home/isti/earthworm/src/libsrc/lib330/libtypes.h", line 86: warning: invalid white space character in directive
"/home/isti/earthworm/src/libsrc/lib330/libtypes.h", line 87: warning: invalid white space character in directive
"/home/isti/earthworm/src/libsrc/lib330/libtypes.h", line 88: warning: invalid white space character in directive
"/home/isti/earthworm/src/libsrc/lib330/libtypes.h", line 89: warning: invalid white space character in directive
"/home/isti/earthworm/src/libsrc/lib330/libtypes.h", line 91: warning: invalid white space character in directive
"/home/isti/earthworm/src/libsrc/lib330/libtypes.h", line 92: warning: invalid white space character in directive
"/home/isti/earthworm/src/libsrc/lib330/libtypes.h", line 94: warning: invalid white space character in directive
"/home/isti/earthworm/src/libsrc/lib330/libtypes.h", line 95: warning: invalid white space character in directive
"/home/isti/earthworm/src/libsrc/lib330/libtypes.h", line 96: warning: invalid white space character in directive
"/home/isti/earthworm/src/libsrc/lib330/libtypes.h", line 97: warning: invalid white space character in directive
"/home/isti/earthworm/src/libsrc/lib330/libtypes.h", line 98: warning: invalid white space character in directive
"/home/isti/earthworm/src/libsrc/lib330/libtypes.h", line 99: warning: invalid white space character in directive
"/home/isti/earthworm/src/libsrc/lib330/libtypes.h", line 100: warning: invalid white space character in directive
"/home/isti/earthworm/src/libsrc/lib330/libtypes.h", line 101: warning: invalid white space character in directive
"/home/isti/earthworm/src/libsrc/lib330/libtypes.h", line 102: warning: invalid white space character in directive
"/home/isti/earthworm/src/libsrc/lib330/libtypes.h", line 103: warning: invalid white space character in directive
"/home/isti/earthworm/src/libsrc/lib330/libtypes.h", line 104: warning: invalid white space character in directive
"/home/isti/earthworm/src/libsrc/lib330/libtypes.h", line 106: warning: invalid white space character in directive
"/home/isti/earthworm/src/libsrc/lib330/libtypes.h", line 107: warning: invalid white space character in directive
"/home/isti/earthworm/src/libsrc/lib330/libtypes.h", line 108: warning: invalid white space character in directive
"/home/isti/earthworm/src/libsrc/lib330/libtypes.h", line 109: warning: invalid white space character in directive
"/home/isti/earthworm/src/libsrc/lib330/libtypes.h", line 111: warning: invalid white space character in directive
"/home/isti/earthworm/src/libsrc/lib330/libtypes.h", line 112: warning: invalid white space character in directive
"/home/isti/earthworm/src/libsrc/lib330/libtypes.h", line 113: warning: invalid white space character in directive
"/home/isti/earthworm/src/libsrc/lib330/libtypes.h", line 115: warning: invalid white space character in directive
"/home/isti/earthworm/src/libsrc/lib330/libtypes.h", line 116: warning: invalid white space character in directive
"/home/isti/earthworm/src/libsrc/lib330/libtypes.h", line 117: warning: invalid white space character in directive
"/home/isti/earthworm/src/libsrc/lib330/libtypes.h", line 118: warning: invalid white space character in directive
"/home/isti/earthworm/src/libsrc/lib330/libtypes.h", line 119: warning: invalid white space character in directive
"/home/isti/earthworm/src/libsrc/lib330/libtypes.h", line 121: warning: invalid white space character in directive
"/home/isti/earthworm/src/libsrc/lib330/libtypes.h", line 122: warning: invalid white space character in directive
"/home/isti/earthworm/src/libsrc/lib330/libtypes.h", line 123: warning: invalid white space character in directive
"/home/isti/earthworm/src/libsrc/lib330/libtypes.h", line 124: warning: invalid white space character in directive
"/home/isti/earthworm/src/libsrc/lib330/libtypes.h", line 125: warning: invalid white space character in directive
"/home/isti/earthworm/src/libsrc/lib330/libtypes.h", line 126: warning: invalid white space character in directive
"/home/isti/earthworm/src/libsrc/lib330/libtypes.h", line 127: warning: invalid white space character in directive
"/home/isti/earthworm/src/libsrc/lib330/libtypes.h", line 128: warning: invalid white space character in directive
"/home/isti/earthworm/src/libsrc/lib330/libtypes.h", line 129: warning: invalid white space character in directive
"/home/isti/earthworm/src/libsrc/lib330/libtypes.h", line 130: warning: invalid white space character in directive
"/home/isti/earthworm/src/libsrc/lib330/libtypes.h", line 131: warning: invalid white space character in directive
"/home/isti/earthworm/src/libsrc/lib330/libtypes.h", line 132: warning: invalid white space character in directive
"/home/isti/earthworm/src/libsrc/lib330/libtypes.h", line 133: warning: invalid white space character in directive
"/home/isti/earthworm/src/libsrc/lib330/libtypes.h", line 134: warning: invalid white space character in directive
"/home/isti/earthworm/src/libsrc/lib330/libtypes.h", line 135: warning: invalid white space character in directive
"/home/isti/earthworm/src/libsrc/lib330/libtypes.h", line 136: warning: invalid white space character in directive
"/home/isti/earthworm/src/libsrc/lib330/libtypes.h", line 137: warning: invalid white space character in directive
"/home/isti/earthworm/src/libsrc/lib330/libtypes.h", line 138: warning: invalid white space character in directive
"/home/isti/earthworm/src/libsrc/lib330/libtypes.h", line 139: warning: invalid white space character in directive
"/home/isti/earthworm/src/libsrc/lib330/libtypes.h", line 140: warning: invalid white space character in directive
"/home/isti/earthworm/src/libsrc/lib330/libtypes.h", line 142: warning: invalid white space character in directive
"/home/isti/earthworm/src/libsrc/lib330/libtypes.h", line 143: warning: invalid white space character in directive
"/home/isti/earthworm/src/libsrc/lib330/libtypes.h", line 144: warning: invalid white space character in directive
"/home/isti/earthworm/src/libsrc/lib330/libtypes.h", line 145: warning: invalid white space character in directive
"/home/isti/earthworm/src/libsrc/lib330/libtypes.h", line 146: warning: invalid white space character in directive
"/home/isti/earthworm/src/libsrc/lib330/libtypes.h", line 147: warning: invalid white space character in directive
"/home/isti/earthworm/src/libsrc/lib330/libtypes.h", line 148: warning: invalid white space character in directive
"/home/isti/earthworm/src/libsrc/lib330/libtypes.h", line 150: warning: invalid white space character in directive
"/home/isti/earthworm/src/libsrc/lib330/libtypes.h", line 151: warning: invalid white space character in directive
"/home/isti/earthworm/src/libsrc/lib330/libtypes.h", line 152: warning: invalid white space character in directive
"/home/isti/earthworm/src/libsrc/lib330/libtypes.h", line 153: warning: invalid white space character in directive
"/home/isti/earthworm/src/libsrc/lib330/libtypes.h", line 154: warning: invalid white space character in directive
"/home/isti/earthworm/src/libsrc/lib330/libtypes.h", line 155: warning: invalid white space character in directive
"/home/isti/earthworm/src/libsrc/lib330/libtypes.h", line 157: warning: invalid white space character in directive
"/home/isti/earthworm/src/libsrc/lib330/libtypes.h", line 158: warning: invalid white space character in directive
"/home/isti/earthworm/src/libsrc/lib330/libtypes.h", line 159: warning: invalid white space character in directive
"/home/isti/earthworm/src/libsrc/lib330/libtypes.h", line 160: warning: invalid white space character in directive
"/home/isti/earthworm/src/libsrc/lib330/libtypes.h", line 161: warning: invalid white space character in directive
"/home/isti/earthworm/src/libsrc/lib330/libtypes.h", line 162: warning: invalid white space character in directive
"/home/isti/earthworm/src/libsrc/lib330/libtypes.h", line 163: warning: invalid white space character in directive
"/home/isti/earthworm/src/libsrc/lib330/libtypes.h", line 165: warning: invalid white space character in directive
"/home/isti/earthworm/src/libsrc/lib330/libtypes.h", line 166: warning: invalid white space character in directive
"/home/isti/earthworm/src/libsrc/lib330/libtypes.h", line 167: warning: invalid white space character in directive
"/home/isti/earthworm/src/libsrc/lib330/libtypes.h", line 168: warning: invalid white space character in directive
"/home/isti/earthworm/src/libsrc/lib330/libtypes.h", line 169: warning: invalid white space character in directive
"/home/isti/earthworm/src/libsrc/lib330/libtypes.h", line 170: warning: invalid white space character in directive
"/home/isti/earthworm/src/libsrc/lib330/libtypes.h", line 172: warning: invalid white space character in directive
"/home/isti/earthworm/src/libsrc/lib330/libtypes.h", line 173: warning: invalid white space character in directive
"/home/isti/earthworm/src/libsrc/lib330/libtypes.h", line 174: warning: invalid white space character in directive
"/home/isti/earthworm/src/libsrc/lib330/libtypes.h", line 175: warning: invalid white space character in directive
"/home/isti/earthworm/src/libsrc/lib330/libtypes.h", line 177: warning: invalid white space character in directive
"/home/isti/earthworm/src/libsrc/lib330/libtypes.h", line 178: warning: invalid white space character in directive
"/home/isti/earthworm/src/libsrc/lib330/libtypes.h", line 179: warning: invalid white space character in directive
"/home/isti/earthworm/src/libsrc/lib330/libtypes.h", line 180: warning: invalid white space character in directive
"/home/isti/earthworm/src/libsrc/lib330/libtypes.h", line 181: warning: invalid white space character in directive
"/home/isti/earthworm/src/libsrc/lib330/libtypes.h", line 651: warning: invalid white space character in directive
"/home/isti/earthworm/src/libsrc/lib330/libtypes.h", line 26: warning: invalid white space character in directive
"/home/isti/earthworm/src/libsrc/lib330/libtypes.h", line 51: warning: invalid white space character in directive
"/home/isti/earthworm/src/libsrc/lib330/libtypes.h", line 53: warning: invalid white space character in directive
"/home/isti/earthworm/src/libsrc/lib330/libtypes.h", line 55: warning: invalid white space character in directive
"/home/isti/earthworm/src/libsrc/lib330/libtypes.h", line 58: warning: invalid white space character in directive
"/home/isti/earthworm/src/libsrc/lib330/libtypes.h", line 651: warning: invalid white space character in directive
"/home/isti/earthworm/src/libsrc/lib330/libmsgs.h", line 27: warning: invalid white space character in directive
"/home/isti/earthworm/src/libsrc/lib330/libmsgs.h", line 29: warning: invalid white space character in directive
"/home/isti/earthworm/src/libsrc/lib330/libmsgs.h", line 30: warning: invalid white space character in directive
"/home/isti/earthworm/src/libsrc/lib330/libmsgs.h", line 33: warning: invalid white space character in directive
"/home/isti/earthworm/src/libsrc/lib330/libmsgs.h", line 35: warning: invalid white space character in directive
"/home/isti/earthworm/src/libsrc/lib330/libmsgs.h", line 37: warning: invalid white space character in directive
"/home/isti/earthworm/src/libsrc/lib330/libmsgs.h", line 38: warning: invalid white space character in directive
"/home/isti/earthworm/src/libsrc/lib330/libmsgs.h", line 39: warning: invalid white space character in directive
"/home/isti/earthworm/src/libsrc/lib330/libmsgs.h", line 41: warning: invalid white space character in directive
"/home/isti/earthworm/src/libsrc/lib330/libmsgs.h", line 42: warning: invalid white space character in directive
"/home/isti/earthworm/src/libsrc/lib330/libstrucs.h", line 28: warning: invalid white space character in directive
"/home/isti/earthworm/src/libsrc/lib330/libstrucs.h", line 30: warning: invalid white space character in directive
"/home/isti/earthworm/src/libsrc/lib330/libstrucs.h", line 31: warning: invalid white space character in directive
"/home/isti/earthworm/src/libsrc/lib330/libstrucs.h", line 34: warning: invalid white space character in directive
"/home/isti/earthworm/src/libsrc/lib330/libstrucs.h", line 36: warning: invalid white space character in directive
"/home/isti/earthworm/src/libsrc/lib330/libstrucs.h", line 38: warning: invalid white space character in directive
"/home/isti/earthworm/src/libsrc/lib330/libstrucs.h", line 40: warning: invalid white space character in directive
"/home/isti/earthworm/src/libsrc/lib330/libstrucs.h", line 42: warning: invalid white space character in directive
"/home/isti/earthworm/src/libsrc/lib330/libstrucs.h", line 44: warning: invalid white space character in directive
"/home/isti/earthworm/src/libsrc/lib330/libstrucs.h", line 46: warning: invalid white space character in directive
"/home/isti/earthworm/src/libsrc/lib330/libstrucs.h", line 47: warning: invalid white space character in directive
"/home/isti/earthworm/src/libsrc/lib330/libseed.h", line 26: warning: invalid white space character in directive
"/home/isti/earthworm/src/libsrc/lib330/libseed.h", line 28: warning: invalid white space character in directive
"/home/isti/earthworm/src/libsrc/lib330/libseed.h", line 29: warning: invalid white space character in directive
"/home/isti/earthworm/src/libsrc/lib330/libseed.h", line 32: warning: invalid white space character in directive
"/home/isti/earthworm/src/libsrc/lib330/libseed.h", line 34: warning: invalid white space character in directive
"/home/isti/earthworm/src/libsrc/lib330/libseed.h", line 36: warning: invalid white space character in directive
"/home/isti/earthworm/src/libsrc/lib330/libseed.h", line 38: warning: invalid white space character in directive
"/home/isti/earthworm/src/libsrc/lib330/libseed.h", line 41: warning: invalid white space character in directive
"/home/isti/earthworm/src/libsrc/lib330/libseed.h", line 43: warning: invalid white space character in directive
"/home/isti/earthworm/src/libsrc/lib330/libseed.h", line 44: warning: invalid white space character in directive
"/home/isti/earthworm/src/libsrc/lib330/libseed.h", line 45: warning: invalid white space character in directive
"/home/isti/earthworm/src/libsrc/lib330/libseed.h", line 46: warning: invalid white space character in directive
"/home/isti/earthworm/src/libsrc/lib330/libseed.h", line 47: warning: invalid white space character in directive
"/home/isti/earthworm/src/libsrc/lib330/libseed.h", line 48: warning: invalid white space character in directive
"/home/isti/earthworm/src/libsrc/lib330/libseed.h", line 49: warning: invalid white space character in directive
"/home/isti/earthworm/src/libsrc/lib330/libseed.h", line 50: warning: invalid white space character in directive
"/home/isti/earthworm/src/libsrc/lib330/libseed.h", line 51: warning: invalid white space character in directive
"/home/isti/earthworm/src/libsrc/lib330/libseed.h", line 52: warning: invalid white space character in directive
"/home/isti/earthworm/src/libsrc/lib330/libseed.h", line 53: warning: invalid white space character in directive
"/home/isti/earthworm/src/libsrc/lib330/libseed.h", line 54: warning: invalid white space character in directive
"/home/isti/earthworm/src/libsrc/lib330/libseed.h", line 55: warning: invalid white space character in directive
"/home/isti/earthworm/src/libsrc/lib330/libseed.h", line 56: warning: invalid white space character in directive
"/home/isti/earthworm/src/libsrc/lib330/libseed.h", line 57: warning: invalid white space character in directive
"/home/isti/earthworm/src/libsrc/lib330/libseed.h", line 58: warning: invalid white space character in directive
"/home/isti/earthworm/src/libsrc/lib330/libseed.h", line 59: warning: invalid white space character in directive
"/home/isti/earthworm/src/libsrc/lib330/libseed.h", line 61: warning: invalid white space character in directive
"/home/isti/earthworm/src/libsrc/lib330/libseed.h", line 62: warning: invalid white space character in directive
"/home/isti/earthworm/src/libsrc/lib330/libseed.h", line 63: warning: invalid white space character in directive
"/home/isti/earthworm/src/libsrc/lib330/libseed.h", line 64: warning: invalid white space character in directive
"/home/isti/earthworm/src/libsrc/lib330/libseed.h", line 65: warning: invalid white space character in directive
"/home/isti/earthworm/src/libsrc/lib330/libseed.h", line 67: warning: invalid white space character in directive
"/home/isti/earthworm/src/libsrc/lib330/libseed.h", line 68: warning: invalid white space character in directive
"/home/isti/earthworm/src/libsrc/lib330/libseed.h", line 69: warning: invalid white space character in directive
"/home/isti/earthworm/src/libsrc/lib330/libseed.h", line 71: warning: invalid white space character in directive
"/home/isti/earthworm/src/libsrc/lib330/libseed.h", line 72: warning: invalid white space character in directive
"/home/isti/earthworm/src/libsrc/lib330/libseed.h", line 73: warning: invalid white space character in directive
"/home/isti/earthworm/src/libsrc/lib330/libseed.h", line 74: warning: invalid white space character in directive
"/home/isti/earthworm/src/libsrc/lib330/libseed.h", line 77: warning: invalid white space character in directive
"/home/isti/earthworm/src/libsrc/lib330/libseed.h", line 78: warning: invalid white space character in directive
"/home/isti/earthworm/src/libsrc/lib330/libseed.h", line 79: warning: invalid white space character in directive
"/home/isti/earthworm/src/libsrc/lib330/libseed.h", line 88: warning: invalid white space character in directive
"/home/isti/earthworm/src/libsrc/lib330/libseed.h", line 129: warning: invalid white space character in directive
"/home/isti/earthworm/src/libsrc/lib330/libseed.h", line 130: warning: invalid white space character in directive
"/home/isti/earthworm/src/libsrc/lib330/libseed.h", line 131: warning: invalid white space character in directive
"/home/isti/earthworm/src/libsrc/lib330/libseed.h", line 132: warning: invalid white space character in directive
"/home/isti/earthworm/src/libsrc/lib330/libseed.h", line 133: warning: invalid white space character in directive
"/home/isti/earthworm/src/libsrc/lib330/libseed.h", line 134: warning: invalid white space character in directive
"/home/isti/earthworm/src/libsrc/lib330/libseed.h", line 135: warning: invalid white space character in directive
"/home/isti/earthworm/src/libsrc/lib330/libseed.h", line 136: warning: invalid white space character in directive
"/home/isti/earthworm/src/libsrc/lib330/libseed.h", line 144: warning: invalid white space character in directive
"/home/isti/earthworm/src/libsrc/lib330/libseed.h", line 145: warning: invalid white space character in directive
"/home/isti/earthworm/src/libsrc/lib330/libseed.h", line 270: warning: invalid white space character in directive
"/home/isti/earthworm/src/libsrc/lib330/libseed.h", line 275: warning: invalid white space character in directive
"/home/isti/earthworm/src/libsrc/lib330/libseed.h", line 303: warning: invalid white space character in directive
"/home/isti/earthworm/src/libsrc/lib330/libseed.h", line 305: warning: invalid white space character in directive
"/home/isti/earthworm/src/libsrc/lib330/libstrucs.h", line 48: warning: invalid white space character in directive
"/home/isti/earthworm/src/libsrc/lib330/libstrucs.h", line 50: warning: invalid white space character in directive
"/home/isti/earthworm/src/libsrc/lib330/libstrucs.h", line 51: warning: invalid white space character in directive
"/home/isti/earthworm/src/libsrc/lib330/libstrucs.h", line 52: warning: invalid white space character in directive
"/home/isti/earthworm/src/libsrc/lib330/libstrucs.h", line 53: warning: invalid white space character in directive
"/home/isti/earthworm/src/libsrc/lib330/libstrucs.h", line 54: warning: invalid white space character in directive
"/home/isti/earthworm/src/libsrc/lib330/libstrucs.h", line 55: warning: invalid white space character in directive
"/home/isti/earthworm/src/libsrc/lib330/libstrucs.h", line 56: warning: invalid white space character in directive
"/home/isti/earthworm/src/libsrc/lib330/libstrucs.h", line 57: warning: invalid white space character in directive
"/home/isti/earthworm/src/libsrc/lib330/libstrucs.h", line 58: warning: invalid white space character in directive
"/home/isti/earthworm/src/libsrc/lib330/libstrucs.h", line 59: warning: invalid white space character in directive
"/home/isti/earthworm/src/libsrc/lib330/libstrucs.h", line 60: warning: invalid white space character in directive
"/home/isti/earthworm/src/libsrc/lib330/libstrucs.h", line 177: warning: invalid white space character in directive
"/home/isti/earthworm/src/libsrc/lib330/libstrucs.h", line 181: warning: invalid white space character in directive
"/home/isti/earthworm/src/libsrc/lib330/libstrucs.h", line 184: warning: invalid white space character in directive
"/home/isti/earthworm/src/libsrc/lib330/libstrucs.h", line 214: warning: invalid white space character in directive
"/home/isti/earthworm/src/libsrc/lib330/libstrucs.h", line 220: warning: invalid white space character in directive
"/home/isti/earthworm/src/libsrc/lib330/libstrucs.h", line 226: warning: invalid white space character in directive
"/home/isti/earthworm/src/libsrc/lib330/libstrucs.h", line 233: warning: invalid white space character in directive
"/home/isti/earthworm/src/libsrc/lib330/libstrucs.h", line 235: warning: invalid white space character in directive
"/home/isti/earthworm/src/libsrc/lib330/libstrucs.h", line 280: warning: invalid white space character in directive
"/home/isti/earthworm/src/libsrc/lib330/libstrucs.h", line 284: warning: invalid white space character in directive
"/home/isti/earthworm/src/libsrc/lib330/libstrucs.h", line 323: warning: invalid white space character in directive
"/home/isti/earthworm/src/libsrc/lib330/libmsgs.h", line 43: warning: invalid white space character in directive
"/home/isti/earthworm/src/libsrc/lib330/libmsgs.h", line 46: warning: invalid white space character in directive
"/home/isti/earthworm/src/libsrc/lib330/libmsgs.h", line 47: warning: invalid white space character in directive
"/home/isti/earthworm/src/libsrc/lib330/libmsgs.h", line 48: warning: invalid white space character in directive
"/home/isti/earthworm/src/libsrc/lib330/libmsgs.h", line 49: warning: invalid white space character in directive
"/home/isti/earthworm/src/libsrc/lib330/libmsgs.h", line 50: warning: invalid white space character in directive
"/home/isti/earthworm/src/libsrc/lib330/libmsgs.h", line 51: warning: invalid white space character in directive
"/home/isti/earthworm/src/libsrc/lib330/libmsgs.h", line 53: warning: invalid white space character in directive
"/home/isti/earthworm/src/libsrc/lib330/libmsgs.h", line 54: warning: invalid white space character in directive
"/home/isti/earthworm/src/libsrc/lib330/libmsgs.h", line 55: warning: invalid white space character in directive
"/home/isti/earthworm/src/libsrc/lib330/libmsgs.h", line 57: warning: invalid white space character in directive
"/home/isti/earthworm/src/libsrc/lib330/libmsgs.h", line 58: warning: invalid white space character in directive
"/home/isti/earthworm/src/libsrc/lib330/libmsgs.h", line 59: warning: invalid white space character in directive
"/home/isti/earthworm/src/libsrc/lib330/libmsgs.h", line 60: warning: invalid white space character in directive
"/home/isti/earthworm/src/libsrc/lib330/libmsgs.h", line 61: warning: invalid white space character in directive
"/home/isti/earthworm/src/libsrc/lib330/libmsgs.h", line 62: warning: invalid white space character in directive
"/home/isti/earthworm/src/libsrc/lib330/libmsgs.h", line 63: warning: invalid white space character in directive
"/home/isti/earthworm/src/libsrc/lib330/libmsgs.h", line 64: warning: invalid white space character in directive
"/home/isti/earthworm/src/libsrc/lib330/libmsgs.h", line 65: warning: invalid white space character in directive
"/home/isti/earthworm/src/libsrc/lib330/libmsgs.h", line 66: warning: invalid white space character in directive
"/home/isti/earthworm/src/libsrc/lib330/libmsgs.h", line 67: warning: invalid white space character in directive
"/home/isti/earthworm/src/libsrc/lib330/libmsgs.h", line 68: warning: invalid white space character in directive
"/home/isti/earthworm/src/libsrc/lib330/libmsgs.h", line 69: warning: invalid white space character in directive
"/home/isti/earthworm/src/libsrc/lib330/libmsgs.h", line 70: warning: invalid white space character in directive
"/home/isti/earthworm/src/libsrc/lib330/libmsgs.h", line 71: warning: invalid white space character in directive
"/home/isti/earthworm/src/libsrc/lib330/libmsgs.h", line 72: warning: invalid white space character in directive
"/home/isti/earthworm/src/libsrc/lib330/libmsgs.h", line 73: warning: invalid white space character in directive
"/home/isti/earthworm/src/libsrc/lib330/libmsgs.h", line 74: warning: invalid white space character in directive
"/home/isti/earthworm/src/libsrc/lib330/libmsgs.h", line 75: warning: invalid white space character in directive
"/home/isti/earthworm/src/libsrc/lib330/libmsgs.h", line 76: warning: invalid white space character in directive
"/home/isti/earthworm/src/libsrc/lib330/libmsgs.h", line 77: warning: invalid white space character in directive
"/home/isti/earthworm/src/libsrc/lib330/libmsgs.h", line 78: warning: invalid white space character in directive
"/home/isti/earthworm/src/libsrc/lib330/libmsgs.h", line 79: warning: invalid white space character in directive
"/home/isti/earthworm/src/libsrc/lib330/libmsgs.h", line 80: warning: invalid white space character in directive
"/home/isti/earthworm/src/libsrc/lib330/libmsgs.h", line 81: warning: invalid white space character in directive
"/home/isti/earthworm/src/libsrc/lib330/libmsgs.h", line 82: warning: invalid white space character in directive
"/home/isti/earthworm/src/libsrc/lib330/libmsgs.h", line 84: warning: invalid white space character in directive
"/home/isti/earthworm/src/libsrc/lib330/libmsgs.h", line 85: warning: invalid white space character in directive
"/home/isti/earthworm/src/libsrc/lib330/libmsgs.h", line 86: warning: invalid white space character in directive
"/home/isti/earthworm/src/libsrc/lib330/libmsgs.h", line 87: warning: invalid white space character in directive
"/home/isti/earthworm/src/libsrc/lib330/libmsgs.h", line 88: warning: invalid white space character in directive
"/home/isti/earthworm/src/libsrc/lib330/libmsgs.h", line 89: warning: invalid white space character in directive
"/home/isti/earthworm/src/libsrc/lib330/libmsgs.h", line 90: warning: invalid white space character in directive
"/home/isti/earthworm/src/libsrc/lib330/libmsgs.h", line 91: warning: invalid white space character in directive
"/home/isti/earthworm/src/libsrc/lib330/libmsgs.h", line 92: warning: invalid white space character in directive
"/home/isti/earthworm/src/libsrc/lib330/libmsgs.h", line 93: warning: invalid white space character in directive
"/home/isti/earthworm/src/libsrc/lib330/libmsgs.h", line 94: warning: invalid white space character in directive
"/home/isti/earthworm/src/libsrc/lib330/libmsgs.h", line 95: warning: invalid white space character in directive
"/home/isti/earthworm/src/libsrc/lib330/libmsgs.h", line 96: warning: invalid white space character in directive
"/home/isti/earthworm/src/libsrc/lib330/libmsgs.h", line 97: warning: invalid white space character in directive
"/home/isti/earthworm/src/libsrc/lib330/libmsgs.h", line 99: warning: invalid white space character in directive
"/home/isti/earthworm/src/libsrc/lib330/libmsgs.h", line 100: warning: invalid white space character in directive
"/home/isti/earthworm/src/libsrc/lib330/libmsgs.h", line 101: warning: invalid white space character in directive
"/home/isti/earthworm/src/libsrc/lib330/libmsgs.h", line 102: warning: invalid white space character in directive
"/home/isti/earthworm/src/libsrc/lib330/libmsgs.h", line 103: warning: invalid white space character in directive
"/home/isti/earthworm/src/libsrc/lib330/libmsgs.h", line 104: warning: invalid white space character in directive
"/home/isti/earthworm/src/libsrc/lib330/libmsgs.h", line 105: warning: invalid white space character in directive
"/home/isti/earthworm/src/libsrc/lib330/libmsgs.h", line 106: warning: invalid white space character in directive
"/home/isti/earthworm/src/libsrc/lib330/libmsgs.h", line 107: warning: invalid white space character in directive
"/home/isti/earthworm/src/libsrc/lib330/libmsgs.h", line 108: warning: invalid white space character in directive
"/home/isti/earthworm/src/libsrc/lib330/libmsgs.h", line 109: warning: invalid white space character in directive
"/home/isti/earthworm/src/libsrc/lib330/libmsgs.h", line 110: warning: invalid white space character in directive
"/home/isti/earthworm/src/libsrc/lib330/libmsgs.h", line 111: warning: invalid white space character in directive
"/home/isti/earthworm/src/libsrc/lib330/libmsgs.h", line 112: warning: invalid white space character in directive
"/home/isti/earthworm/src/libsrc/lib330/libmsgs.h", line 114: warning: invalid white space character in directive
"/home/isti/earthworm/src/libsrc/lib330/libmsgs.h", line 115: warning: invalid white space character in directive
"/home/isti/earthworm/src/libsrc/lib330/libmsgs.h", line 116: warning: invalid white space character in directive
"/home/isti/earthworm/src/libsrc/lib330/libmsgs.h", line 117: warning: invalid white space character in directive
"/home/isti/earthworm/src/libsrc/lib330/libmsgs.h", line 118: warning: invalid white space character in directive
"/home/isti/earthworm/src/libsrc/lib330/libmsgs.h", line 119: warning: invalid white space character in directive
"/home/isti/earthworm/src/libsrc/lib330/libmsgs.h", line 120: warning: invalid white space character in directive
"/home/isti/earthworm/src/libsrc/lib330/libmsgs.h", line 121: warning: invalid white space character in directive
"/home/isti/earthworm/src/libsrc/lib330/libmsgs.h", line 122: warning: invalid white space character in directive
"/home/isti/earthworm/src/libsrc/lib330/libmsgs.h", line 123: warning: invalid white space character in directive
"/home/isti/earthworm/src/libsrc/lib330/libmsgs.h", line 124: warning: invalid white space character in directive
"/home/isti/earthworm/src/libsrc/lib330/libmsgs.h", line 125: warning: invalid white space character in directive
"/home/isti/earthworm/src/libsrc/lib330/libmsgs.h", line 126: warning: invalid white space character in directive
"/home/isti/earthworm/src/libsrc/lib330/libmsgs.h", line 127: warning: invalid white space character in directive
"/home/isti/earthworm/src/libsrc/lib330/libmsgs.h", line 129: warning: invalid white space character in directive
"/home/isti/earthworm/src/libsrc/lib330/libmsgs.h", line 130: warning: invalid white space character in directive
"/home/isti/earthworm/src/libsrc/lib330/libmsgs.h", line 131: warning: invalid white space character in directive
"/home/isti/earthworm/src/libsrc/lib330/libmsgs.h", line 132: warning: invalid white space character in directive
"/home/isti/earthworm/src/libsrc/lib330/libmsgs.h", line 133: warning: invalid white space character in directive
"/home/isti/earthworm/src/libsrc/lib330/libmsgs.h", line 134: warning: invalid white space character in directive
"/home/isti/earthworm/src/libsrc/lib330/libmsgs.h", line 135: warning: invalid white space character in directive
"/home/isti/earthworm/src/libsrc/lib330/libmsgs.h", line 136: warning: invalid white space character in directive
"/home/isti/earthworm/src/libsrc/lib330/libmsgs.h", line 137: warning: invalid white space character in directive
"/home/isti/earthworm/src/libsrc/lib330/libmsgs.h", line 138: warning: invalid white space character in directive
"/home/isti/earthworm/src/libsrc/lib330/libmsgs.h", line 139: warning: invalid white space character in directive
"/home/isti/earthworm/src/libsrc/lib330/libmsgs.h", line 140: warning: invalid white space character in directive
"/home/isti/earthworm/src/libsrc/lib330/libmsgs.h", line 141: warning: invalid white space character in directive
"/home/isti/earthworm/src/libsrc/lib330/libmsgs.h", line 142: warning: invalid white space character in directive
"/home/isti/earthworm/src/libsrc/lib330/libmsgs.h", line 143: warning: invalid white space character in directive
"/home/isti/earthworm/src/libsrc/lib330/libmsgs.h", line 144: warning: invalid white space character in directive
"/home/isti/earthworm/src/libsrc/lib330/libmsgs.h", line 145: warning: invalid white space character in directive
"/home/isti/earthworm/src/libsrc/lib330/libmsgs.h", line 146: warning: invalid white space character in directive
"/home/isti/earthworm/src/libsrc/lib330/libmsgs.h", line 147: warning: invalid white space character in directive
"/home/isti/earthworm/src/libsrc/lib330/libmsgs.h", line 148: warning: invalid white space character in directive
"/home/isti/earthworm/src/libsrc/lib330/libmsgs.h", line 149: warning: invalid white space character in directive
"/home/isti/earthworm/src/libsrc/lib330/libmsgs.h", line 150: warning: invalid white space character in directive
"/home/isti/earthworm/src/libsrc/lib330/libmsgs.h", line 151: warning: invalid white space character in directive
"/home/isti/earthworm/src/libsrc/lib330/libmsgs.h", line 153: warning: invalid white space character in directive
"/home/isti/earthworm/src/libsrc/lib330/libmsgs.h", line 154: warning: invalid white space character in directive
"/home/isti/earthworm/src/libsrc/lib330/libmsgs.h", line 155: warning: invalid white space character in directive
"/home/isti/earthworm/src/libsrc/lib330/libmsgs.h", line 156: warning: invalid white space character in directive
"/home/isti/earthworm/src/libsrc/lib330/libmsgs.h", line 157: warning: invalid white space character in directive
"/home/isti/earthworm/src/libsrc/lib330/libmsgs.h", line 158: warning: invalid white space character in directive
"/home/isti/earthworm/src/libsrc/lib330/libmsgs.h", line 159: warning: invalid white space character in directive
"/home/isti/earthworm/src/libsrc/lib330/libmsgs.h", line 160: warning: invalid white space character in directive
"/home/isti/earthworm/src/libsrc/lib330/libmsgs.h", line 161: warning: invalid white space character in directive
"/home/isti/earthworm/src/libsrc/lib330/libmsgs.h", line 162: warning: invalid white space character in directive
"/home/isti/earthworm/src/libsrc/lib330/libmsgs.h", line 163: warning: invalid white space character in directive
"/home/isti/earthworm/src/libsrc/lib330/libmsgs.h", line 165: warning: invalid white space character in directive
"/home/isti/earthworm/src/libsrc/lib330/libmsgs.h", line 166: warning: invalid white space character in directive
"/home/isti/earthworm/src/libsrc/lib330/libmsgs.h", line 167: warning: invalid white space character in directive
"/home/isti/earthworm/src/libsrc/lib330/libmsgs.h", line 168: warning: invalid white space character in directive
"/home/isti/earthworm/src/libsrc/lib330/libmsgs.h", line 169: warning: invalid white space character in directive
"/home/isti/earthworm/src/libsrc/lib330/libmsgs.h", line 170: warning: invalid white space character in directive
"/home/isti/earthworm/src/libsrc/lib330/libmsgs.h", line 171: warning: invalid white space character in directive
"/home/isti/earthworm/src/libsrc/lib330/libmsgs.h", line 172: warning: invalid white space character in directive
"/home/isti/earthworm/src/libsrc/lib330/libmsgs.h", line 173: warning: invalid white space character in directive
"/home/isti/earthworm/src/libsrc/lib330/libmsgs.h", line 174: warning: invalid white space character in directive
"/home/isti/earthworm/src/libsrc/lib330/libmsgs.h", line 175: warning: invalid white space character in directive
"/home/isti/earthworm/src/libsrc/lib330/libmsgs.h", line 176: warning: invalid white space character in directive
"/home/isti/earthworm/src/libsrc/lib330/libmsgs.h", line 177: warning: invalid white space character in directive
"/home/isti/earthworm/src/libsrc/lib330/libmsgs.h", line 179: warning: invalid white space character in directive
"/home/isti/earthworm/src/libsrc/lib330/libmsgs.h", line 194: warning: invalid white space character in directive
cc -D_SPARC -D_SOLARIS -I/home/isti/earthworm/include -I/home/isti/earthworm/src/oracle/schema/src/include -I/home/isti/earthworm/src/oracle/schema/src/include/internal -I/home/isti/earthworm/src/oracle/apps/src/include -I/opt/oracle/rdbms/demo -I/home/isti/earthworm/src/libsrc/lib330 -I. -g -c heart.c -o heart.o
cc -D_SPARC -D_SOLARIS -I/home/isti/earthworm/include -I/home/isti/earthworm/src/oracle/schema/src/include -I/home/isti/earthworm/src/oracle/schema/src/include/internal -I/home/isti/earthworm/src/oracle/apps/src/include -I/opt/oracle/rdbms/demo -o q3302ew q3302ew.o logging.o config.o options.o lib330Interface.o heart.o /home/isti/earthworm/lib/logit_mt.o /home/isti/earthworm/lib/kom.o /home/isti/earthworm/lib/threads_ew.o /home/isti/earthworm/lib/time_ew.o /home/isti/earthworm/lib/transport.o /home/isti/earthworm/lib/sleep_ew.o /home/isti/earthworm/lib/getutil.o /home/isti/earthworm/lib/sema_ew.o  -L/home/isti/earthworm/src/libsrc/lib330 -l330 -lpthread -lc -lm -lnsl -lsocket -lrt
cp q3302ew /home/isti/earthworm/bin
make[2]: Leaving directory `/home/isti/earthworm/src/data_sources/q3302ew'
------
Making sol_modules in:
/home/isti/earthworm/src/data_sources/reboot_mss
make[2]: Entering directory `/home/isti/earthworm/src/data_sources/reboot_mss'
cc -D_SPARC -D_SOLARIS -I/home/isti/earthworm/include -I/home/isti/earthworm/src/oracle/schema/src/include -I/home/isti/earthworm/src/oracle/schema/src/include/internal -I/home/isti/earthworm/src/oracle/apps/src/include -I/opt/oracle/rdbms/demo   -c -o reboot_mss.o reboot_mss.c
cc -D_SPARC -D_SOLARIS -I/home/isti/earthworm/include -I/home/isti/earthworm/src/oracle/schema/src/include -I/home/isti/earthworm/src/oracle/schema/src/include/internal -I/home/isti/earthworm/src/oracle/apps/src/include -I/opt/oracle/rdbms/demo   -c -o rb_mss.o rb_mss.c
cc -D_SPARC -D_SOLARIS -I/home/isti/earthworm/include -I/home/isti/earthworm/src/oracle/schema/src/include -I/home/isti/earthworm/src/oracle/schema/src/include/internal -I/home/isti/earthworm/src/oracle/apps/src/include -I/opt/oracle/rdbms/demo   -c -o rb_sol.o rb_sol.c
cc -o /home/isti/earthworm/bin/reboot_mss reboot_mss.o rb_mss.o rb_sol.o /home/isti/earthworm/lib/sleep_ew.o -lm -lsocket -lnsl -lposix4
make[2]: Leaving directory `/home/isti/earthworm/src/data_sources/reboot_mss'
------
Making sol_modules in:
/home/isti/earthworm/src/data_sources/reboot_mss_ew
make[2]: Entering directory `/home/isti/earthworm/src/data_sources/reboot_mss_ew'
cc -D_SPARC -D_SOLARIS -I/home/isti/earthworm/include -I/home/isti/earthworm/src/oracle/schema/src/include -I/home/isti/earthworm/src/oracle/schema/src/include/internal -I/home/isti/earthworm/src/oracle/apps/src/include -I/opt/oracle/rdbms/demo   -c -o reboot_mss_ew.o reboot_mss_ew.c
cc -D_SPARC -D_SOLARIS -I/home/isti/earthworm/include -I/home/isti/earthworm/src/oracle/schema/src/include -I/home/isti/earthworm/src/oracle/schema/src/include/internal -I/home/isti/earthworm/src/oracle/apps/src/include -I/opt/oracle/rdbms/demo   -c -o rb_sol.o rb_sol.c
cc -D_SPARC -D_SOLARIS -I/home/isti/earthworm/include -I/home/isti/earthworm/src/oracle/schema/src/include -I/home/isti/earthworm/src/oracle/schema/src/include/internal -I/home/isti/earthworm/src/oracle/apps/src/include -I/opt/oracle/rdbms/demo   -c -o config.o config.c
cc -o /home/isti/earthworm/bin/reboot_mss_ew reboot_mss_ew.o rb_sol.o config.o /home/isti/earthworm/lib/sleep_ew.o /home/isti/earthworm/lib/kom.o /home/isti/earthworm/lib/getutil.o /home/isti/earthworm/lib/logit.o \
              /home/isti/earthworm/lib/time_ew.o /home/isti/earthworm/lib/trheadconv.o /home/isti/earthworm/lib/transport.o /home/isti/earthworm/lib/swap.o -lm -lsocket -lnsl -lposix4
make[2]: Leaving directory `/home/isti/earthworm/src/data_sources/reboot_mss_ew'
------
Making sol_modules in:
/home/isti/earthworm/src/data_sources/reftek2ew
make[2]: Entering directory `/home/isti/earthworm/src/data_sources/reftek2ew'
cd lib; make -f makefile.sol
make[3]: Entering directory `/home/isti/earthworm/src/data_sources/reftek2ew/lib'
cd reftek; make -f makefile.sol
make[4]: Entering directory `/home/isti/earthworm/src/data_sources/reftek2ew/lib/reftek'
cc  -O -I../.. -DSOLARIS   -c -o ad.o ad.c
cc  -O -I../.. -DSOLARIS   -c -o cd.o cd.c
cc  -O -I../.. -DSOLARIS   -c -o com.o com.c
cc  -O -I../.. -DSOLARIS   -c -o dcomp.o dcomp.c
cc  -O -I../.. -DSOLARIS   -c -o ds.o ds.c
cc  -O -I../.. -DSOLARIS   -c -o dt.o dt.c
cc  -O -I../.. -DSOLARIS   -c -o eh.o eh.c
cc  -O -I../.. -DSOLARIS   -c -o et.o et.c
cc  -O -I../.. -DSOLARIS   -c -o om.o om.c
cc  -O -I../.. -DSOLARIS   -c -o sc.o sc.c
cc  -O -I../.. -DSOLARIS   -c -o sh.o sh.c
cc  -O -I../.. -DSOLARIS   -c -o steim.o steim.c
cc  -O -I../.. -DSOLARIS   -c -o reftek_string.o reftek_string.c
cc  -O -I../.. -DSOLARIS   -c -o testlib.o testlib.c
cc  -O -I../.. -DSOLARIS   -c -o type.o type.c
ar -r ../libreftek.a ad.o cd.o com.o dcomp.o ds.o dt.o eh.o et.o om.o sc.o sh.o steim.o reftek_string.o testlib.o type.o
ar: creating ../libreftek.a
make[4]: Leaving directory `/home/isti/earthworm/src/data_sources/reftek2ew/lib/reftek'
cd rtp; make -f makefile.sol
make[4]: Entering directory `/home/isti/earthworm/src/data_sources/reftek2ew/lib/rtp'
cc  -O -I../.. -DSOLARIS   -c -o accept.o accept.c
cc  -O -I../.. -DSOLARIS   -c -o attr.o attr.c
cc  -O -I../.. -DSOLARIS   -c -o close.o close.c
cc  -O -I../.. -DSOLARIS   -c -o cmdpkt.o cmdpkt.c
cc  -O -I../.. -DSOLARIS   -c -o log.o log.c
cc  -O -I../.. -DSOLARIS   -c -o misc.o misc.c
cc  -O -I../.. -DSOLARIS   -c -o open.o open.c
cc  -O -I../.. -DSOLARIS   -c -o pid.o pid.c
cc  -O -I../.. -DSOLARIS   -c -o recv.o recv.c
cc  -O -I../.. -DSOLARIS   -c -o send.o send.c
cc  -O -I../.. -DSOLARIS   -c -o server.o server.c
cc  -O -I../.. -DSOLARIS   -c -o soh.o soh.c
cc  -O -I../.. -DSOLARIS   -c -o stat.o stat.c
cc  -O -I../.. -DSOLARIS   -c -o version.o version.c
ar -r ../librtp.a accept.o attr.o close.o cmdpkt.o log.o misc.o open.o pid.o recv.o send.o server.o soh.o stat.o version.o
ar: creating ../librtp.a
make[4]: Leaving directory `/home/isti/earthworm/src/data_sources/reftek2ew/lib/rtp'
cd util; make -f makefile.sol
make[4]: Entering directory `/home/isti/earthworm/src/data_sources/reftek2ew/lib/util'
cc  -O -I../.. -DSOLARIS   -c -o bcd2long.o bcd2long.c
cc  -O -I../.. -DSOLARIS   -c -o dump.o dump.c
cc  -O -I../.. -DSOLARIS   -c -o find.o find.c
cc  -O -I../.. -DSOLARIS   -c -o getline.o getline.c
cc  -O -I../.. -DSOLARIS   -c -o mstime.o mstime.c
cc  -O -I../.. -DSOLARIS   -c -o parse.o parse.c
cc  -O -I../.. -DSOLARIS   -c -o string.o string.c
cc  -O -I../.. -DSOLARIS   -c -o swap.o swap.c
cc  -O -I../.. -DSOLARIS   -c -o timefunc.o timefunc.c
cc  -O -I../.. -DSOLARIS   -c -o timer.o timer.c
ar -r ../libutil.a bcd2long.o dump.o find.o getline.o mstime.o parse.o string.o swap.o timefunc.o timer.o
ar: creating ../libutil.a
make[4]: Leaving directory `/home/isti/earthworm/src/data_sources/reftek2ew/lib/util'
make[3]: Leaving directory `/home/isti/earthworm/src/data_sources/reftek2ew/lib'
cc -D_SPARC -D_SOLARIS -I/home/isti/earthworm/include -I/home/isti/earthworm/src/oracle/schema/src/include -I/home/isti/earthworm/src/oracle/schema/src/include/internal -I/home/isti/earthworm/src/oracle/apps/src/include -I/opt/oracle/rdbms/demo -I./    -c -o main.o main.c
cc -D_SPARC -D_SOLARIS -I/home/isti/earthworm/include -I/home/isti/earthworm/src/oracle/schema/src/include -I/home/isti/earthworm/src/oracle/schema/src/include/internal -I/home/isti/earthworm/src/oracle/apps/src/include -I/opt/oracle/rdbms/demo -I./    -c -o hbeat.o hbeat.c
cc -D_SPARC -D_SOLARIS -I/home/isti/earthworm/include -I/home/isti/earthworm/src/oracle/schema/src/include -I/home/isti/earthworm/src/oracle/schema/src/include/internal -I/home/isti/earthworm/src/oracle/apps/src/include -I/opt/oracle/rdbms/demo -I./    -c -o init.o init.c
cc -D_SPARC -D_SOLARIS -I/home/isti/earthworm/include -I/home/isti/earthworm/src/oracle/schema/src/include -I/home/isti/earthworm/src/oracle/schema/src/include/internal -I/home/isti/earthworm/src/oracle/apps/src/include -I/opt/oracle/rdbms/demo -I./    -c -o notify.o notify.c
cc -D_SPARC -D_SOLARIS -I/home/isti/earthworm/include -I/home/isti/earthworm/src/oracle/schema/src/include -I/home/isti/earthworm/src/oracle/schema/src/include/internal -I/home/isti/earthworm/src/oracle/apps/src/include -I/opt/oracle/rdbms/demo -I./    -c -o params.o params.c
cc -D_SPARC -D_SOLARIS -I/home/isti/earthworm/include -I/home/isti/earthworm/src/oracle/schema/src/include -I/home/isti/earthworm/src/oracle/schema/src/include/internal -I/home/isti/earthworm/src/oracle/apps/src/include -I/opt/oracle/rdbms/demo -I./    -c -o scn.o scn.c
cc -D_SPARC -D_SOLARIS -I/home/isti/earthworm/include -I/home/isti/earthworm/src/oracle/schema/src/include -I/home/isti/earthworm/src/oracle/schema/src/include/internal -I/home/isti/earthworm/src/oracle/apps/src/include -I/opt/oracle/rdbms/demo -I./    -c -o send.o send.c
cc -D_SPARC -D_SOLARIS -I/home/isti/earthworm/include -I/home/isti/earthworm/src/oracle/schema/src/include -I/home/isti/earthworm/src/oracle/schema/src/include/internal -I/home/isti/earthworm/src/oracle/apps/src/include -I/opt/oracle/rdbms/demo -I./    -c -o terminate.o terminate.c
cc -D_SPARC -D_SOLARIS -I/home/isti/earthworm/include -I/home/isti/earthworm/src/oracle/schema/src/include -I/home/isti/earthworm/src/oracle/schema/src/include/internal -I/home/isti/earthworm/src/oracle/apps/src/include -I/opt/oracle/rdbms/demo -I./    -c -o samprate.o samprate.c
cc -o /home/isti/earthworm/bin/reftek2ew main.o hbeat.o init.o notify.o params.o scn.o send.o terminate.o samprate.o /home/isti/earthworm/lib/transport.o /home/isti/earthworm/lib/getutil.o /home/isti/earthworm/lib/kom.o /home/isti/earthworm/lib/logit.o /home/isti/earthworm/lib/sema_ew.o /home/isti/earthworm/lib/sleep_ew.o /home/isti/earthworm/lib/time_ew.o /home/isti/earthworm/lib/threads_ew.o -L./lib -lrtp -lreftek -lutil -lposix4 -lsocket -lnsl -mt -lm -lthread
make[2]: Leaving directory `/home/isti/earthworm/src/data_sources/reftek2ew'
------
Making sol_modules in:
/home/isti/earthworm/src/data_sources/scream2ew
make[2]: Entering directory `/home/isti/earthworm/src/data_sources/scream2ew'
cc -D_REENTRANT -D_SPARC -D_SOLARIS -I/home/isti/earthworm/include -I/home/isti/earthworm/src/oracle/schema/src/include -I/home/isti/earthworm/src/oracle/schema/src/include/internal -I/home/isti/earthworm/src/oracle/apps/src/include -I/opt/oracle/rdbms/demo   -c -o config.o config.c
cc -D_REENTRANT -D_SPARC -D_SOLARIS -I/home/isti/earthworm/include -I/home/isti/earthworm/src/oracle/schema/src/include -I/home/isti/earthworm/src/oracle/schema/src/include/internal -I/home/isti/earthworm/src/oracle/apps/src/include -I/opt/oracle/rdbms/demo   -c -o dispatch.o dispatch.c
"dispatch.c", line 87: warning: assignment type mismatch:
	pointer to char "=" pointer to unsigned char
"dispatch.c", line 90: warning: argument #1 is incompatible with prototype:
	prototype: pointer to char : "/usr/include/iso/stdio_iso.h", line 183
	argument : pointer to unsigned char
"dispatch.c", line 91: warning: argument #1 is incompatible with prototype:
	prototype: pointer to const char : "/usr/include/iso/string_iso.h", line 70
	argument : pointer to unsigned char
cc -D_REENTRANT -D_SPARC -D_SOLARIS -I/home/isti/earthworm/include -I/home/isti/earthworm/src/oracle/schema/src/include -I/home/isti/earthworm/src/oracle/schema/src/include/internal -I/home/isti/earthworm/src/oracle/apps/src/include -I/opt/oracle/rdbms/demo   -c -o ewc.o ewc.c
cc -D_REENTRANT -D_SPARC -D_SOLARIS -I/home/isti/earthworm/include -I/home/isti/earthworm/src/oracle/schema/src/include -I/home/isti/earthworm/src/oracle/schema/src/include/internal -I/home/isti/earthworm/src/oracle/apps/src/include -I/opt/oracle/rdbms/demo   -c -o gcf.o gcf.c
cc -D_REENTRANT -D_SPARC -D_SOLARIS -I/home/isti/earthworm/include -I/home/isti/earthworm/src/oracle/schema/src/include -I/home/isti/earthworm/src/oracle/schema/src/include/internal -I/home/isti/earthworm/src/oracle/apps/src/include -I/opt/oracle/rdbms/demo   -c -o gputil.o gputil.c
cc -D_REENTRANT -D_SPARC -D_SOLARIS -I/home/isti/earthworm/include -I/home/isti/earthworm/src/oracle/schema/src/include -I/home/isti/earthworm/src/oracle/schema/src/include/internal -I/home/isti/earthworm/src/oracle/apps/src/include -I/opt/oracle/rdbms/demo   -c -o main.o main.c
cc -D_REENTRANT -D_SPARC -D_SOLARIS -I/home/isti/earthworm/include -I/home/isti/earthworm/src/oracle/schema/src/include -I/home/isti/earthworm/src/oracle/schema/src/include/internal -I/home/isti/earthworm/src/oracle/apps/src/include -I/opt/oracle/rdbms/demo   -c -o mainloop.o mainloop.c
cc -D_REENTRANT -D_SPARC -D_SOLARIS -I/home/isti/earthworm/include -I/home/isti/earthworm/src/oracle/schema/src/include -I/home/isti/earthworm/src/oracle/schema/src/include/internal -I/home/isti/earthworm/src/oracle/apps/src/include -I/opt/oracle/rdbms/demo   -c -o map.o map.c
cc -D_REENTRANT -D_SPARC -D_SOLARIS -I/home/isti/earthworm/include -I/home/isti/earthworm/src/oracle/schema/src/include -I/home/isti/earthworm/src/oracle/schema/src/include/internal -I/home/isti/earthworm/src/oracle/apps/src/include -I/opt/oracle/rdbms/demo   -c -o scream.o scream.c
cc -D_REENTRANT -D_SPARC -D_SOLARIS -I/home/isti/earthworm/include -I/home/isti/earthworm/src/oracle/schema/src/include -I/home/isti/earthworm/src/oracle/schema/src/include/internal -I/home/isti/earthworm/src/oracle/apps/src/include -I/opt/oracle/rdbms/demo   -c -o util.o util.c
cc -D_REENTRANT -D_SPARC -D_SOLARIS -I/home/isti/earthworm/include -I/home/isti/earthworm/src/oracle/schema/src/include -I/home/isti/earthworm/src/oracle/schema/src/include/internal -I/home/isti/earthworm/src/oracle/apps/src/include -I/opt/oracle/rdbms/demo  -o scream2ew config.o dispatch.o ewc.o gcf.o gputil.o main.o mainloop.o map.o scream.o util.o /home/isti/earthworm/lib/kom.o /home/isti/earthworm/lib/getutil.o /home/isti/earthworm/lib/socket_ew.o /home/isti/earthworm/lib/time_ew.o /home/isti/earthworm/lib/chron3.o /home/isti/earthworm/lib/logit.o /home/isti/earthworm/lib/transport.o /home/isti/earthworm/lib/sleep_ew.o /home/isti/earthworm/lib/swap.o  -lnsl -lsocket -lposix4 -lm 
cp scream2ew /home/isti/earthworm/bin
make[2]: Leaving directory `/home/isti/earthworm/src/data_sources/scream2ew'
make[1]: Leaving directory `/home/isti/earthworm/src/data_sources'
